battery_id,run_id,seed,scenario,total_rounds,mission_end,arrival_delay,grid_sharing,grid_permanent,winner,score1,score2,score_gap,ice1_kg,ice2_kg,ap1,ap2,vio1,vio2,dep_blocked1,dep_blocked2,strand_risk1,strand_risk2,stranded1,stranded2,unpow_hab1,unpow_hab2,offers,joins,decouples,shared_days,contested_days,craters_depleted,duration_days,extracted_kg,extracted_pct,rovers1,rovers2,habitats1,habitats2,reactors1,reactors2,governance,strand_pen_days1,strand_pen_days2,rescues1,rescues2,strand_night,strand_far,strand_other,reserve1_kg,reserve2_kg
baseline,baseline_0,1592598566,standard,12,fixed,5,1,0,2,-4252.5,962.0,-5214.5,309.5,310.0,45,153,221,111,0,0,2,0,0,0,4,11,43,24,23,28,0,0,84,929.5,2.84,2,3,1,1,0,0,,0,0,0,0,0,0,0,0.0,0.0
baseline,baseline_1,1592608539,standard,12,fixed,5,1,0,1,2299.0,1174.0,1125.0,134.0,690.0,127,44,0,25,0,33,0,0,0,0,0,17,24,23,23,28,0,0,84,904.0,2.76,2,3,1,2,0,0,,0,0,0,0,0,0,0,0.0,0.0
baseline,baseline_2,1592618512,standard,12,fixed,5,1,0,1,2606.5,2133.0,473.5,221.5,118.0,171,127,19,0,0,0,0,0,0,0,0,0,11,11,11,29,0,0,84,489.5,1.50,3,2,1,1,0,0,,0,0,0,0,0,0,0,0.0,0.0
baseline,baseline_3,1592628485,standard,12,fixed,5,1,0,1,2656.2,2153.6,502.6,226.2,148.6,171,127,18,0,0,0,0,2,0,0,0,0,10,10,10,30,0,0,84,604.8,1.85,3,2,1,1,0,0,,0,0,0,0,0,0,0,0.0,0.0
baseline,baseline_4,1592638458,standard,12,fixed,5,1,0,1,2083.6,1175.5,908.1,148.6,389.5,127,55,0,2,0,0,2,0,0,0,0,3,1,1,0,55,0,0,84,538.1,1.64,2,2,1,1,0,0,,0,0,0,0,0,0,0,0.0,0.0
baseline,baseline_5,1592648431,standard,12,fixed,5,1,0,2,791.8,1575.0,-783.2,326.8,110.0,61,155,24,51,0,0,0,0,0,0,0,0,15,15,15,34,0,0,84,666.8,2.04,2,3,1,1,0,0,,0,0,0,0,0,0,0,0.0,0.0
baseline,baseline_6,1592658404,standard,12,fixed,5,1,0,1,-595.0,-1930.9,1335.9,380.0,309.1,43,45,72,121,0,0,0,0,0,0,10,0,6,6,5,62,0,0,84,929.1,2.84,3,2,1,1,0,0,,0,0,0,0,0,0,0,0.0,0.0
baseline,baseline_7,1592668377,standard,12,fixed,5,1,0,1,2053.6,2020.2,33.4,148.6,115.2,127,127,0,0,0,0,2,1,0,0,0,0,0,0,0,0,0,0,84,263.8,0.81,2,2,1,1,0,0,,0,0,0,0,0,0,0,0.0,0.0
baseline,baseline_8,1592678350,standard,12,fixed,5,1,0,2,2225.0,2724.6,-499.6,150.0,219.6,127,171,0,19,0,0,2,0,0,0,10,0,18,17,17,35,0,0,84,519.6,1.59,2,3,1,1,0,0,,0,0,0,0,0,0,0,0.0,0.0
baseline,baseline_9,1592688323,standard,12,fixed,5,1,0,2,915.5,2053.0,-1137.5,309.5,150.0,47,127,6,0,0,0,0,1,0,1,3,10,1,1,0,51,0,0,84,539.5,1.65,2,2,1,1,0,0,,0,1,0,0,0,0,1,0.0,0.0
baseline,baseline_10,1592698296,standard,12,fixed,5,1,0,2,2210.2,2796.0,-585.8,115.2,226.2,127,171,0,18,0,0,1,0,0,0,0,0,17,17,16,37,0,0,84,570.9,1.74,2,3,1,1,0,0,,0,0,0,0,0,0,0,0.0,0.0
baseline,baseline_11,1592708269,standard,12,fixed,5,1,0,2,2000.8,2020.8,-20.0,0.0,0.0,127,127,0,0,0,0,4,4,0,0,3,3,2,1,0,82,1,0,84,299.1,0.91,2,2,1,1,0,0,,0,0,0,0,0,0,0,0.0,0.0
baseline,baseline_12,1592718242,standard,12,fixed,5,1,0,1,2050.2,1015.1,1035.1,115.2,309.1,127,47,0,2,0,0,1,1,0,0,0,3,1,1,0,55,0,0,84,504.2,1.54,2,2,1,1,0,0,,0,0,0,0,0,0,0,0.0,0.0
baseline,baseline_13,1592728215,standard,12,fixed,5,1,0,2,885.1,2068.1,-1183.0,309.1,133.1,45,127,6,0,0,0,0,0,0,0,3,0,1,1,0,52,0,0,84,522.1,1.59,2,2,1,1,0,0,,0,0,0,0,0,0,0,0.0,0.0
baseline,baseline_14,1592738188,standard,12,fixed,5,1,0,2,-371.1,107.1,-478.1,118.9,309.1,45,61,49,47,0,0,0,0,0,0,0,4,1,1,0,57,0,0,84,588.0,1.80,2,2,1,1,0,0,,0,0,0,0,0,0,0,0.0,0.0
baseline,baseline_15,1592748161,standard,12,fixed,5,1,0,2,-371.1,119.1,-490.1,118.9,309.1,45,61,49,47,0,0,0,0,0,0,0,0,1,1,0,56,0,0,84,588.0,1.80,2,2,1,1,0,0,,0,0,0,0,0,0,0,0.0,0.0
baseline,baseline_16,1592758134,standard,12,fixed,5,1,0,1,2171.6,560.0,1611.6,116.6,310.0,127,39,0,25,0,42,0,0,0,0,0,10,13,12,12,15,0,0,84,586.6,1.79,2,3,1,1,0,0,,0,0,0,0,0,0,0,0.0,0.0
baseline,baseline_17,1592768107,standard,12,fixed,5,1,0,2,-795.0,-775.0,-20.0,0.0,0.0,127,127,111,111,0,0,4,4,0,0,10,10,2,1,0,82,1,0,84,300.0,0.92,2,2,1,1,0,0,,0,0,0,0,0,0,0,0.0,0.0
baseline,baseline_18,1592778080,standard,12,fixed,5,1,0,2,1286.6,2054.7,-768.1,346.6,146.7,67,127,5,0,0,0,0,2,0,0,0,9,1,1,0,65,0,0,84,573.3,1.75,3,2,1,1,0,0,,0,0,0,0,0,0,0,0.0,0.0
baseline,baseline_19,1592788053,standard,12,fixed,5,1,0,2,2194.5,2781.1,-586.5,149.5,221.1,127,173,0,18,0,0,0,0,0,0,10,0,17,17,17,35,0,0,84,520.6,1.59,2,3,1,1,0,0,,0,0,0,0,0,0,0,0.0,0.0
baseline,baseline_20,1592798026,standard,12,fixed,5,1,0,2,2025.0,2053.6,-28.6,150.0,148.6,127,127,0,0,0,0,2,2,0,0,10,0,0,0,0,0,0,0,84,298.6,0.91,2,2,1,1,0,0,,0,0,0,0,0,0,0,0.0,0.0
baseline,baseline_21,1592807999,standard,12,fixed,5,1,0,1,-575.0,-2310.0,1735.0,770.0,150.0,141,171,144,207,1,0,0,0,0,0,10,0,6,6,5,62,1,0,84,1160.0,3.54,3,3,2,1,0,0,,0,0,0,0,0,0,0,0.0,0.0
baseline,baseline_22,1592817972,standard,12,fixed,5,1,0,2,-2348.3,-20.0,-2328.3,146.7,230.0,173,209,212,150,0,0,10,10,0,0,0,10,13,7,6,62,1,0,84,766.7,2.34,3,3,1,1,0,0,,0,0,0,0,0,0,0,0.0,0.0
baseline,baseline_23,1592827945,standard,12,fixed,5,1,0,1,80.5,-490.0,570.5,469.5,310.0,73,39,68,71,0,0,3,0,0,0,3,10,17,17,16,42,0,0,84,1009.5,3.08,3,3,1,1,0,0,,0,0,0,0,0,0,0,0.0,0.0
baseline,baseline_24,1592837918,standard,12,fixed,5,1,0,2,620.5,2105.1,-1484.6,389.5,140.1,55,201,29,58,0,0,1,0,0,0,3,0,14,14,14,34,0,0,84,769.6,2.35,2,3,1,1,0,0,,0,0,0,0,0,0,0,0.0,0.0
baseline,baseline_25,1592847891,standard,12,fixed,5,1,0,2,-2573.9,200.0,-2773.9,141.1,620.0,173,189,221,143,0,5,11,0,0,0,0,10,15,8,8,59,1,0,84,991.1,3.03,3,3,1,4,0,0,,0,0,0,0,0,0,0,0.0,0.0
baseline,baseline_26,1592857864,standard,12,fixed,5,1,0,2,1485.0,2283.6,-798.6,380.0,148.6,89,125,26,0,2,0,0,2,0,0,20,0,24,24,23,25,0,0,84,528.6,1.61,3,2,6,1,0,0,,0,0,0,0,0,0,0,0.0,0.0
baseline,baseline_27,1592867837,standard,12,fixed,5,1,0,1,2223.6,1217.0,1006.6,148.6,840.0,127,49,0,25,0,0,1,0,0,0,0,11,15,15,14,46,0,0,84,988.6,3.02,2,3,1,2,0,0,,0,0,0,0,0,0,0,0.0,0.0
baseline,baseline_28,1592877810,standard,12,fixed,5,1,0,1,2053.6,2025.0,28.6,148.6,150.0,127,127,0,0,0,0,0,4,0,0,0,10,0,0,0,0,0,0,84,298.6,0.91,2,2,1,1,0,0,,0,0,0,0,0,0,0,0.0,0.0
baseline,baseline_29,1592887783,standard,12,fixed,5,1,0,2,-4285.5,-4265.5,-20.0,229.5,229.5,32,32,201,201,0,0,0,0,0,0,0,0,2,1,0,82,3,0,84,459.1,1.40,3,3,1,1,0,0,,0,0,0,0,0,0,0,0.0,0.0
baseline,baseline_30,1592897756,standard,12,fixed,5,1,0,1,1011.5,-3708.9,4720.4,141.5,298.1,171,61,91,200,0,0,0,0,0,0,0,4,17,15,15,39,0,0,84,759.6,2.32,3,2,1,1,0,0,,0,0,0,0,0,0,0,0.0,0.0
baseline,baseline_31,1592907729,standard,12,fixed,5,1,0,2,1365.5,2038.1,-672.5,389.5,133.1,63,127,0,0,0,0,0,0,0,0,3,0,0,0,0,0,0,0,84,602.6,1.84,3,2,1,1,0,0,,0,0,0,0,0,0,0,0.0,0.0
baseline,baseline_32,1592917702,standard,12,fixed,5,1,0,2,2020.2,2025.0,-4.8,115.2,150.0,127,127,0,0,0,0,1,4,0,0,0,10,0,0,0,0,0,0,84,265.2,0.81,2,2,1,1,0,0,,0,0,0,0,0,0,0,0.0,0.0
baseline,baseline_33,1592927675,standard,12,fixed,5,1,0,2,-506.1,1731.7,-2237.8,118.9,146.7,61,171,66,48,0,0,0,0,0,0,0,0,5,5,4,61,0,0,84,585.6,1.79,2,3,1,1,0,0,,0,0,0,0,0,0,0,0.0,0.0
baseline,baseline_34,1592937648,standard,12,fixed,5,1,0,1,1935.0,650.3,1284.7,0.0,145.3,127,33,0,2,0,0,0,16,0,0,0,0,1,1,0,69,0,0,84,225.3,0.69,2,2,1,1,0,0,,0,0,0,0,0,0,0,0.0,0.0
baseline,baseline_35,1592947621,standard,12,fixed,5,1,0,2,1582.0,2180.2,-598.2,380.0,115.2,104,125,27,0,2,0,0,1,0,0,21,0,19,19,19,19,0,0,84,495.2,1.51,3,2,6,1,0,0,,0,0,0,0,0,0,0,0.0,0.0
baseline,baseline_36,1592957594,standard,12,fixed,5,1,0,1,2940.8,2058.3,882.5,305.8,113.3,201,125,24,0,0,0,0,0,0,0,0,0,7,7,7,13,0,0,84,579.1,1.77,3,2,1,1,0,0,,0,0,0,0,0,0,0,0.0,0.0
baseline,baseline_37,1592967567,standard,12,fixed,5,1,0,1,709.4,68.0,641.4,533.4,460.0,105,79,65,72,0,8,3,1,0,1,3,11,14,13,13,48,0,0,84,1143.4,3.49,3,3,1,2,0,0,,0,2,0,0,1,0,0,0.0,0.0
baseline,baseline_38,1592977540,standard,12,fixed,5,1,0,1,2041.8,2023.0,18.8,136.8,118.0,127,127,0,0,0,0,0,0,0,0,0,0,0,0,0,0,0,0,84,254.8,0.78,2,2,1,1,0,0,,0,0,0,0,0,0,0,0.0,0.0
baseline,baseline_39,1592987513,standard,12,fixed,5,1,0,1,-500.0,-1884.9,1384.9,380.0,309.1,43,47,67,120,0,0,0,0,0,0,10,3,5,5,4,64,0,0,84,929.1,2.84,3,2,1,1,0,0,,0,0,0,0,0,0,0,0.0,0.0
baseline,baseline_40,1592997486,standard,12,fixed,5,1,0,2,2195.0,2791.5,-596.5,150.0,221.5,127,171,0,18,0,0,2,0,0,0,10,0,17,17,17,36,0,0,84,601.5,1.84,2,3,1,1,0,0,,0,0,0,0,0,0,0,0.0,0.0
baseline,baseline_41,1593007459,standard,12,fixed,5,1,0,2,2187.8,2746.2,-558.4,112.8,226.2,127,171,0,16,0,0,0,0,0,0,0,0,15,14,14,41,0,0,84,489.1,1.49,2,3,1,1,0,0,,0,0,0,0,0,0,0,0.0,0.0
baseline,baseline_42,1593017432,standard,12,fixed,5,1,0,1,2053.6,2039.0,14.6,148.6,134.0,127,127,0,0,0,0,2,0,0,0,0,0,0,0,0,0,0,0,84,282.6,0.86,2,2,1,1,0,0,,0,0,0,0,0,0,0,0.0,0.0
baseline,baseline_43,1593027405,standard,12,fixed,5,1,0,2,2053.6,2054.5,-0.9,148.6,149.5,127,127,0,0,0,0,0,0,0,0,0,0,0,0,0,0,0,0,84,298.1,0.91,2,2,1,1,0,0,,0,0,0,0,0,0,0,0.0,0.0
baseline,baseline_44,1593037378,standard,12,fixed,5,1,0,1,1195.0,-2182.9,3377.9,230.0,309.1,199,45,111,134,0,0,0,11,0,1,10,3,27,24,23,28,0,0,84,849.1,2.59,3,2,1,1,0,0,,0,4,0,1,1,0,0,0.0,0.0
baseline,baseline_45,1593047351,standard,12,fixed,5,1,0,2,2224.5,2791.5,-567.0,149.5,221.5,127,171,0,18,0,0,0,0,0,0,0,0,17,17,17,36,0,0,84,601.1,1.84,2,3,1,1,0,0,,0,0,0,0,0,0,0,0.0,0.0
baseline,baseline_46,1593057324,standard,12,fixed,5,1,0,1,2038.1,1135.5,902.5,133.1,469.5,127,45,0,0,0,0,0,0,0,0,0,3,0,0,0,0,0,0,84,602.6,1.84,2,2,1,1,0,0,,0,0,0,0,0,0,0,0.0,0.0
baseline,baseline_47,1593067297,standard,12,fixed,5,1,0,2,915.1,2085.0,-1169.9,309.1,150.0,47,127,6,0,0,0,1,0,0,0,3,0,1,1,0,51,0,0,84,539.1,1.65,2,2,1,1,0,0,,0,0,0,0,0,0,0,0.0,0.0
baseline,baseline_48,1593077270,standard,12,fixed,5,1,0,2,1466.0,2183.6,-717.6,760.0,148.6,75,125,28,0,8,0,0,2,0,0,13,0,16,16,16,22,0,0,84,908.6,2.78,3,2,4,1,0,0,,0,0,0,0,0,0,0,0.0,0.0
baseline,baseline_49,1593087243,standard,12,fixed,5,1,0,2,-5969.5,-270.0,-5699.5,309.5,680.0,47,54,291,110,0,0,1,3,0,0,3,10,42,24,23,28,0,0,84,1069.5,3.27,2,4,1,2,0,0,,0,0,0,0,0,0,0,0.0,0.0
baseline,baseline_50,1593097216,standard,12,fixed,5,1,0,1,2280.2,1760.0,520.2,115.2,620.0,127,89,0,25,0,5,1,0,0,0,0,10,24,23,23,26,0,0,84,735.2,2.25,2,3,1,6,0,0,,0,0,0,0,0,0,0,0.0,0.0
baseline,baseline_51,1593107189,standard,12,fixed,5,1,0,1,2055.0,982.5,1072.5,150.0,309.5,127,45,0,2,0,0,2,0,0,0,10,4,1,1,0,56,0,0,84,539.5,1.65,2,2,1,1,0,0,,0,0,0,0,0,0,0,0.0,0.0
baseline,baseline_52,1593117162,standard,12,fixed,5,1,0,1,-1111.1,-1431.0,319.9,118.9,610.0,175,44,165,123,0,0,37,20,1,1,0,12,18,13,12,50,0,0,84,968.9,2.96,3,3,1,2,0,0,,0,0,0,0,2,0,0,0.0,0.0
baseline,baseline_53,1593127135,standard,12,fixed,5,1,0,1,2084.1,1015.5,1068.5,149.1,309.5,127,47,0,2,0,0,1,0,0,0,0,3,1,1,0,55,0,0,84,538.6,1.64,2,2,1,1,0,0,,0,0,0,0,0,0,0,0.0,0.0
baseline,baseline_54,1593137108,standard,12,fixed,5,1,0,1,2866.1,2050.2,815.9,221.1,115.2,203,125,24,0,0,0,0,1,0,0,0,0,6,6,6,11,0,0,84,496.2,1.52,3,2,1,1,0,0,,0,0,0,0,0,0,0,0.0,0.0
baseline,baseline_55,1593147081,standard,12,fixed,5,1,0,1,2283.6,1381.0,902.6,148.6,760.0,125,54,0,25,0,2,2,0,0,0,0,28,24,24,23,28,0,0,84,988.6,3.02,2,3,1,3,0,0,,0,0,0,0,0,0,0,0.0,0.0
baseline,baseline_56,1593157054,standard,12,fixed,5,1,0,1,515.0,-5602.6,6117.6,530.0,144.4,89,57,76,270,1,0,0,0,0,1,10,0,23,22,22,24,0,0,84,754.4,2.30,3,2,6,1,0,0,,0,1,0,0,1,0,0,0.0,0.0
baseline,baseline_57,1593167027,standard,12,fixed,5,1,0,2,-2300.0,-1375.0,-925.0,0.0,150.0,125,32,200,111,0,0,4,0,0,0,10,10,52,26,25,32,1,0,84,300.0,0.92,2,3,1,1,0,0,,0,0,0,0,0,0,0,0.0,0.0
baseline,baseline_58,1593177000,standard,12,fixed,5,1,0,2,1084.1,2055.0,-970.9,309.1,150.0,61,127,8,0,0,0,1,2,0,0,0,10,1,1,0,39,0,0,84,539.1,1.65,2,2,1,1,0,0,,0,0,0,0,0,0,0,0.0,0.0
baseline,baseline_59,1593186973,standard,12,fixed,5,1,0,1,1086.1,885.0,201.1,309.1,380.0,45,43,0,10,0,0,10,0,1,0,0,10,5,5,4,64,0,0,84,849.1,2.59,2,3,1,1,0,0,,4,0,1,0,0,0,1,0.0,0.0
baseline,baseline_60,1593196946,standard,12,fixed,5,1,0,2,442.0,2157.8,-1715.8,230.0,112.8,39,127,27,0,54,0,0,2,0,0,11,0,12,11,11,11,0,0,84,572.8,1.75,3,2,1,1,0,0,,0,0,0,0,0,0,0,0.0,0.0
baseline,baseline_61,1593206919,standard,12,fixed,5,1,0,2,894.1,2071.8,-1177.8,309.1,136.8,45,127,6,0,0,0,0,0,0,0,0,0,1,1,0,52,0,0,84,525.9,1.61,2,2,1,1,0,0,,0,0,0,0,0,0,0,0.0,0.0
baseline,baseline_62,1593216892,standard,12,fixed,5,1,0,1,2038.1,1969.6,68.4,133.1,0.0,127,127,0,0,0,0,0,0,0,0,0,0,0,0,0,0,0,0,84,262.4,0.80,2,2,1,1,0,0,,0,0,0,0,0,0,0,0.0,0.0
baseline,baseline_63,1593226865,standard,12,fixed,5,1,0,1,860.0,-3632.5,4492.5,310.0,309.5,171,45,111,189,0,0,0,1,0,0,10,4,25,24,24,27,0,0,84,939.5,2.87,3,2,1,1,0,0,,0,0,0,0,0,0,0,0.0,0.0
baseline,baseline_64,1593236838,standard,12,fixed,5,1,0,2,385.0,1671.9,-1286.9,230.0,118.9,39,127,30,20,56,0,0,0,0,1,10,0,12,11,10,47,0,0,84,588.9,1.80,3,2,1,1,0,0,,0,1,0,0,0,0,1,0.0,0.0
baseline,baseline_65,1593246811,standard,12,fixed,5,1,0,2,1460.5,2050.2,-589.6,389.5,115.2,73,127,2,0,0,0,0,1,0,0,3,0,1,0,0,0,0,0,84,574.7,1.76,3,2,1,1,0,0,,0,0,0,0,0,0,0,0.0,0.0
baseline,baseline_66,1593256784,standard,12,fixed,5,1,0,2,1206.1,2796.2,-1590.2,309.1,226.2,45,171,0,18,0,0,10,0,1,0,0,0,17,17,16,37,0,0,84,845.3,2.58,2,3,1,1,0,0,,4,0,1,0,0,0,1,0.0,0.0
baseline,baseline_67,1593266757,standard,12,fixed,5,1,0,1,1264.6,-2449.5,3714.1,219.6,309.5,171,47,72,141,0,0,0,1,0,0,0,3,7,7,6,57,0,0,84,769.2,2.35,3,2,1,1,0,0,,0,0,0,0,0,0,0,0.0,0.0
baseline,baseline_68,1593276730,standard,12,fixed,5,1,0,2,-3470.5,1214.2,-4684.6,309.5,139.2,47,171,186,90,0,0,0,0,1,0,3,0,26,14,14,42,0,0,84,768.7,2.35,2,3,1,1,0,0,,3,0,0,0,1,0,0,0.0,0.0
baseline,baseline_69,1593286703,standard,12,fixed,5,1,0,2,2061.6,3049.2,-987.6,116.6,379.2,125,201,0,21,0,0,0,0,0,0,0,0,5,5,4,42,0,0,84,655.8,2.00,2,3,1,1,0,0,,0,0,0,0,0,0,0,0.0,0.0
baseline,baseline_70,1593296676,standard,12,fixed,5,1,0,1,2285.0,1385.0,900.0,150.0,840.0,127,49,0,25,0,0,3,0,0,0,10,15,24,24,23,28,0,0,84,990.0,3.02,2,3,1,2,0,0,,0,0,0,0,0,0,0,0.0,0.0
baseline,baseline_71,1593306649,standard,12,fixed,5,1,0,1,2054.7,1073.9,980.8,146.7,118.9,127,63,0,2,0,0,1,0,0,0,9,0,1,1,0,41,0,0,84,345.6,1.06,2,2,1,1,0,0,,0,0,0,0,0,0,0,0.0,0.0
baseline,baseline_72,1593316622,standard,12,fixed,5,1,0,2,2265.0,3325.6,-1060.6,150.0,290.6,125,203,0,22,0,0,0,1,0,0,0,0,22,21,21,26,0,0,84,680.6,2.08,2,3,1,1,0,0,,0,0,0,0,0,0,0,0.0,0.0
baseline,baseline_73,1593326595,standard,12,fixed,5,1,0,2,755.0,2005.0,-1250.0,680.0,0.0,44,127,28,0,0,0,0,0,0,0,15,0,8,8,7,44,0,0,84,680.0,2.08,3,2,2,1,0,0,,0,0,0,0,0,0,0,0.0,0.0
baseline,baseline_74,1593336568,standard,12,fixed,5,1,0,2,894.1,2047.7,-1153.6,309.1,114.7,45,127,6,0,0,0,0,4,0,1,0,0,1,1,0,52,0,0,84,503.8,1.54,2,2,1,1,0,0,,0,1,0,0,0,0,1,0.0,0.0
baseline,baseline_75,1593346541,standard,12,fixed,5,1,0,1,-490.0,-1365.4,875.4,230.0,139.6,199,203,156,188,0,0,19,24,1,1,10,0,4,4,3,64,1,0,84,839.6,2.56,3,3,1,1,0,0,,0,0,0,0,2,0,0,0.0,0.0
baseline,baseline_76,1593356514,standard,12,fixed,5,1,0,1,2045.7,1234.1,811.6,114.7,309.1,127,61,0,2,0,0,2,0,2,0,0,0,1,1,0,45,0,0,84,503.8,1.54,2,2,1,1,0,0,,2,0,0,0,0,0,2,0.0,0.0
baseline,baseline_77,1593366487,standard,12,fixed,5,1,0,2,1022.5,1935.0,-912.5,309.5,0.0,61,127,10,0,0,0,0,1,0,0,4,0,1,1,0,37,0,0,84,389.5,1.19,2,2,1,1,0,0,,0,0,0,0,0,0,0,0.0,0.0
baseline,baseline_78,1593376460,standard,12,fixed,5,1,0,2,1084.1,2072.8,-988.7,309.1,137.8,61,127,8,0,0,0,10,3,0,0,0,0,1,1,0,39,0,0,84,526.8,1.61,2,2,1,1,0,0,,0,0,0,0,0,0,0,0.0,0.0
baseline,baseline_79,1593386433,standard,12,fixed,5,1,0,2,-1635.0,-633.3,-1001.7,390.0,146.7,39,173,111,147,50,0,6,7,0,0,10,0,8,5,4,63,1,0,84,1006.7,3.07,3,3,1,1,0,0,,0,0,0,0,0,0,0,0.0,0.0
baseline,baseline_80,1593396406,standard,12,fixed,5,1,0,1,-3165.0,-3295.0,130.0,460.0,310.0,32,32,167,167,0,0,2,0,0,0,0,0,2,1,0,82,5,0,84,930.0,2.84,3,3,1,1,0,0,,0,0,0,0,0,0,0,0.0,0.0
baseline,baseline_81,1593406379,standard,12,fixed,5,1,0,2,-1900.0,25.0,-1925.0,260.0,380.0,35,41,111,47,0,15,0,10,0,0,0,10,5,3,2,70,0,0,84,950.0,2.90,2,3,1,1,0,0,,0,0,0,0,0,0,0,0.0,0.0
baseline,baseline_82,1593416352,standard,12,fixed,5,1,0,1,2451.9,2095.0,356.9,198.9,150.0,159,127,14,0,0,0,21,1,1,0,0,10,7,7,7,16,0,0,84,508.9,1.55,3,2,1,1,0,0,,1,0,0,0,1,0,0,0.0,0.0
baseline,baseline_83,1593426325,standard,12,fixed,5,1,0,2,1109.1,2083.6,-974.5,309.1,148.6,61,127,7,0,0,0,0,0,0,0,0,0,1,1,0,40,0,0,84,537.6,1.64,2,2,1,1,0,0,,0,0,0,0,0,0,0,0.0,0.0
baseline,baseline_84,1593436298,standard,12,fixed,5,1,0,2,-5854.5,-1314.0,-4540.5,309.5,310.0,47,45,282,119,0,10,0,3,0,1,3,10,24,13,12,50,0,0,84,939.5,2.87,2,3,1,1,0,0,,0,2,0,0,1,0,0,0.0,0.0
baseline,baseline_85,1593446271,standard,12,fixed,5,1,0,2,-1899.5,1366.5,-3266.0,309.5,141.5,47,171,119,59,0,0,0,0,0,0,3,0,1,1,0,69,0,0,84,761.1,2.32,2,3,1,1,0,0,,0,0,0,0,0,0,0,0.0,0.0
baseline,baseline_86,1593456244,standard,12,fixed,5,1,0,1,-1193.0,-4664.5,3471.5,230.0,309.5,39,47,110,232,0,0,6,0,0,0,11,3,25,24,24,27,0,0,84,849.5,2.59,3,2,1,1,0,0,,0,0,0,0,0,0,0,0.0,0.0
baseline,baseline_87,1593466217,standard,12,fixed,5,1,0,1,170.0,-4784.9,4954.9,230.0,309.1,129,47,110,236,0,0,7,1,0,0,10,3,24,24,23,28,0,0,84,849.1,2.59,3,2,1,1,0,0,,0,0,0,0,0,0,0,0.0,0.0
baseline,baseline_88,1593476190,standard,12,fixed,5,1,0,1,2055.0,994.1,1060.9,150.0,309.1,127,45,0,2,0,0,1,1,0,0,10,0,1,1,0,56,0,0,84,539.1,1.65,2,2,1,1,0,0,,0,0,0,0,0,0,0,0.0,0.0
baseline,baseline_89,1593486163,standard,12,fixed,5,1,0,2,1330.5,2068.1,-737.5,389.5,133.1,73,127,8,0,0,0,0,0,0,0,3,0,1,1,0,49,0,0,84,592.6,1.81,3,2,1,1,0,0,,0,0,0,0,0,0,0,0.0,0.0
baseline,baseline_90,1593496136,standard,12,fixed,5,1,0,2,-768.2,-745.2,-23.0,0.0,0.0,127,127,111,111,0,0,4,4,0,0,1,0,2,1,0,82,1,0,84,299.1,0.91,2,2,1,1,0,0,,0,0,0,0,0,0,0,0.0,0.0
baseline,baseline_91,1593506109,standard,12,fixed,5,1,0,1,2055.0,1374.6,680.4,150.0,458.6,127,61,0,2,0,0,1,0,0,0,10,3,1,1,0,44,0,0,84,688.6,2.10,2,2,1,1,0,0,,0,0,0,0,0,0,0,0.0,0.0
baseline,baseline_92,1593516082,standard,12,fixed,5,1,0,2,1905.0,2023.0,-118.0,0.0,150.0,127,127,0,0,0,0,0,1,0,1,0,10,0,0,0,0,0,0,84,150.0,0.46,2,2,1,1,0,0,,0,1,0,0,0,0,1,0.0,0.0
baseline,baseline_93,1593526055,standard,12,fixed,5,1,0,1,2566.2,2099.4,466.9,226.2,136.4,171,127,17,0,0,0,0,1,0,1,0,0,6,6,6,33,0,0,84,522.6,1.60,3,2,1,1,0,0,,0,1,0,0,0,0,1,0.0,0.0
baseline,baseline_94,1593536028,standard,12,fixed,5,1,0,1,-380.0,-3922.9,3542.9,830.0,309.1,49,61,101,211,0,0,4,0,0,0,10,4,23,23,22,26,0,0,84,1219.1,3.72,3,2,2,1,0,0,,0,0,0,0,0,0,0,0.0,0.0
baseline,baseline_95,1593546001,standard,12,fixed,5,1,0,2,1581.0,2235.0,-654.0,380.0,150.0,99,125,26,0,3,0,0,2,0,0,18,10,22,21,21,22,0,0,84,530.0,1.62,3,2,6,1,0,0,,0,0,0,0,0,0,0,0.0,0.0
baseline,baseline_96,1593555974,standard,12,fixed,5,1,0,2,-59.9,2415.0,-2474.9,469.1,310.0,61,203,68,63,0,3,0,0,1,0,0,10,27,23,23,27,0,0,84,1009.1,3.08,2,3,1,1,0,0,,2,0,0,0,1,0,0,0.0,0.0
baseline,baseline_97,1593565947,standard,12,fixed,5,1,0,1,2042.8,2041.8,0.9,137.8,136.8,127,127,0,0,0,0,1,0,0,0,0,0,0,0,0,0,0,0,84,274.6,0.84,2,2,1,1,0,0,,0,0,0,0,0,0,0,0.0,0.0
baseline,baseline_98,1593575920,standard,12,fixed,5,1,0,2,1376.0,2238.1,-862.1,610.0,133.1,69,125,27,0,4,0,0,0,0,0,18,0,23,23,23,23,0,0,84,743.1,2.27,3,2,4,1,0,0,,0,0,0,0,0,0,0,0.0,0.0
baseline,baseline_99,1593585893,standard,12,fixed,5,1,0,2,1624.0,2035.0,-411.0,850.0,0.0,89,125,29,0,5,0,0,1,0,0,32,0,14,13,13,13,0,0,84,850.0,2.60,3,2,5,1,0,0,,0,0,0,0,0,0,0,0.0,0.0
baseline,baseline_100,1593595866,standard,12,fixed,5,1,0,2,-795.0,-775.0,-20.0,0.0,0.0,127,127,111,111,0,0,4,4,0,0,10,10,2,1,0,82,1,0,84,300.0,0.92,2,2,1,1,0,0,,0,0,0,0,0,0,0,0.0,0.0
baseline,baseline_101,1593605839,standard,12,fixed,5,1,0,1,839.6,-4115.9,4955.6,139.6,309.1,173,45,97,206,0,0,3,2,0,0,0,0,14,14,14,41,0,0,84,768.7,2.35,3,2,1,1,0,0,,0,0,0,0,0,0,0,0.0,0.0
baseline,baseline_102,1593615812,standard,12,fixed,5,1,0,1,-227.0,-1989.9,1762.9,610.0,389.1,49,55,74,131,2,0,3,0,0,0,14,3,12,11,11,16,0,0,84,1079.1,3.30,3,2,2,1,0,0,,0,0,0,0,0,0,0,0.0,0.0
baseline,baseline_103,1593625785,standard,12,fixed,5,1,0,2,-4509.5,-1579.0,-2930.5,309.5,230.0,47,39,227,122,0,7,0,4,0,1,3,10,23,12,12,51,0,0,84,859.5,2.63,2,3,1,1,0,0,,0,2,0,0,1,0,0,0.0,0.0
baseline,baseline_104,1593635758,standard,12,fixed,5,1,0,2,234.1,2109.2,-1875.1,469.1,139.2,61,191,54,59,0,0,1,0,0,0,0,0,22,20,20,30,0,0,84,848.2,2.59,2,3,1,1,0,0,,0,0,0,0,0,0,0,0.0,0.0
baseline,baseline_105,1593645731,standard,12,fixed,5,1,0,1,2284.7,1304.0,980.7,146.7,840.0,127,44,0,25,0,0,1,0,0,0,9,17,24,24,23,28,0,0,84,986.7,3.01,2,3,1,2,0,0,,0,0,0,0,0,0,0,0.0,0.0
baseline,baseline_106,1593655704,standard,12,fixed,5,1,0,2,-4514.9,1497.0,-6011.9,309.1,230.0,47,199,232,110,0,0,1,6,0,0,3,11,41,24,24,27,0,0,84,769.1,2.35,2,3,1,1,0,0,,0,0,0,0,0,0,0,0.0,0.0
baseline,baseline_107,1593665677,standard,12,fixed,5,1,0,2,-4509.9,-1579.0,-2930.9,309.1,230.0,47,39,227,122,0,7,0,6,0,1,3,10,23,12,12,51,0,0,84,859.1,2.62,2,3,1,1,0,0,,0,2,0,0,1,0,0,0.0,0.0
baseline,baseline_108,1593675650,standard,12,fixed,5,1,0,2,1175.1,2234.1,-1059.0,389.1,299.1,55,127,2,0,0,0,1,0,0,0,3,0,1,1,0,55,0,0,84,688.1,2.10,2,2,1,1,0,0,,0,0,0,0,0,0,0,0.0,0.0
baseline,baseline_109,1593685623,standard,12,fixed,5,1,0,2,1124.1,2068.1,-944.0,389.1,133.1,61,127,8,0,0,0,0,0,0,0,0,0,1,1,0,39,0,0,84,522.1,1.59,2,2,1,1,0,0,,0,0,0,0,0,0,0,0.0,0.0
baseline,baseline_110,1593695596,standard,12,fixed,5,1,0,2,968.0,2167.4,-1199.4,690.0,112.4,49,127,27,0,0,0,0,0,0,0,14,0,13,13,12,45,0,0,84,802.4,2.45,3,2,2,1,0,0,,0,0,0,0,0,0,0,0.0,0.0
baseline,baseline_111,1593705569,standard,12,fixed,5,1,0,2,1905.0,2017.4,-112.4,0.0,112.4,127,127,0,0,0,0,0,0,0,0,0,0,0,0,0,0,0,0,84,112.4,0.34,2,2,1,1,0,0,,0,0,0,0,0,0,0,0.0,0.0
baseline,baseline_112,1593715542,standard,12,fixed,5,1,0,2,-3420.9,800.0,-4220.9,309.1,230.0,61,139,197,100,0,0,0,0,0,0,0,10,38,24,24,27,0,0,84,849.1,2.59,2,3,1,1,0,0,,0,0,0,0,0,0,0,0.0,0.0
baseline,baseline_113,1593725515,standard,12,fixed,5,1,0,2,2038.1,2054.5,-16.5,133.1,149.5,127,127,0,0,0,0,0,0,0,0,0,0,0,0,0,0,0,0,84,282.6,0.86,2,2,1,1,0,0,,0,0,0,0,0,0,0,0.0,0.0
baseline,baseline_114,1593735488,standard,12,fixed,5,1,0,2,865.5,1980.0,-1114.5,309.5,0.0,47,127,8,0,0,0,0,0,0,0,3,10,1,1,0,49,0,0,84,539.5,1.65,2,2,1,1,0,0,,0,0,0,0,0,0,0,0.0,0.0
baseline,baseline_115,1593745461,standard,12,fixed,5,1,0,2,894.0,2173.6,-1279.6,760.0,148.6,44,127,27,0,0,0,0,0,0,0,17,0,10,10,9,44,0,0,84,908.6,2.78,3,2,2,1,0,0,,0,0,0,0,0,0,0,0.0,0.0
baseline,baseline_116,1593755434,standard,12,fixed,5,1,0,1,2170.2,760.0,1410.2,115.2,390.0,127,43,0,25,0,56,1,0,0,0,0,10,13,13,12,48,0,0,84,745.2,2.28,2,3,1,1,0,0,,0,0,0,0,0,0,0,0.0,0.0
baseline,baseline_117,1593765407,standard,12,fixed,5,1,0,1,-903.9,-1240.0,336.1,141.1,310.0,203,123,170,142,0,2,11,0,0,0,0,10,3,2,1,72,1,0,84,921.1,2.81,3,3,1,1,0,0,,0,0,0,0,0,0,0,0.0,0.0
baseline,baseline_118,1593775380,standard,12,fixed,5,1,0,1,2463.9,2124.7,339.2,198.9,146.7,159,127,16,0,0,0,41,1,0,0,0,9,10,10,10,28,0,0,84,505.6,1.54,3,2,1,1,0,0,,0,0,0,0,0,0,0,0.0,0.0
baseline,baseline_119,1593785353,standard,12,fixed,5,1,0,2,885.1,2055.0,-1169.9,309.1,150.0,45,127,6,0,0,0,1,3,0,0,3,10,1,1,0,52,0,0,84,539.1,1.65,2,2,1,1,0,0,,0,0,0,0,0,0,0,0.0,0.0
baseline,baseline_120,1593795326,standard,12,fixed,5,1,0,2,-765.5,-746.2,-19.3,0.0,0.0,127,127,111,111,0,0,4,4,0,0,0,0,2,1,0,82,1,0,84,296.7,0.91,2,2,1,1,0,0,,0,0,0,0,0,0,0,0.0,0.0
baseline,baseline_121,1593805299,standard,12,fixed,5,1,0,1,2084.5,1015.5,1069.0,149.5,309.5,127,47,0,2,0,0,0,0,0,0,0,3,1,1,0,55,0,0,84,539.1,1.65,2,2,1,1,0,0,,0,0,0,0,0,0,0,0.0,0.0
baseline,baseline_122,1593815272,standard,12,fixed,5,1,0,1,2053.0,985.1,1067.9,118.0,309.1,127,45,0,2,0,0,0,1,0,0,0,3,1,1,0,56,0,0,84,507.1,1.55,2,2,1,1,0,0,,0,0,0,0,0,0,0,0.0,0.0
baseline,baseline_123,1593825245,standard,12,fixed,5,1,0,1,2254.7,2067.0,187.7,146.7,610.0,125,109,0,25,0,2,1,0,0,0,9,11,24,24,23,28,0,0,84,756.7,2.31,2,3,1,5,0,0,,0,0,0,0,0,0,0,0.0,0.0
baseline,baseline_124,1593835218,standard,12,fixed,5,1,0,2,2021.6,2053.6,-32.0,116.6,148.6,127,127,0,0,0,0,0,1,0,0,0,0,0,0,0,0,0,0,84,265.2,0.81,2,2,1,1,0,0,,0,0,0,0,0,0,0,0.0,0.0
baseline,baseline_125,1593845191,standard,12,fixed,5,1,0,2,-2498.3,-1615.0,-883.3,146.7,990.0,171,49,216,140,0,0,6,4,0,0,0,10,8,5,4,66,1,0,84,1376.7,4.20,3,3,1,2,0,0,,0,0,0,0,0,0,0,0.0,0.0
baseline,baseline_126,1593855164,standard,12,fixed,5,1,0,1,2054.5,2021.6,32.9,149.5,116.6,127,127,0,0,0,0,0,0,0,0,0,0,0,0,0,0,0,0,84,266.1,0.81,2,2,1,1,0,0,,0,0,0,0,0,0,0,0.0,0.0
baseline,baseline_127,1593865137,standard,12,fixed,5,1,0,2,1699.0,2314.1,-615.1,700.0,149.1,79,127,26,0,34,0,0,1,0,0,17,0,24,24,23,25,0,0,84,919.1,2.81,3,2,5,1,0,0,,0,0,0,0,0,0,0,0.0,0.0
baseline,baseline_128,1593875110,standard,12,fixed,5,1,0,2,-2338.0,-1618.5,-719.5,230.0,141.5,69,191,152,191,0,0,8,8,0,0,11,0,4,4,3,64,0,0,84,851.5,2.60,3,3,1,1,0,0,,0,0,0,0,0,0,0,0.0,0.0
baseline,baseline_129,1593885083,standard,12,fixed,5,1,0,2,1084.1,2050.2,-966.1,309.1,115.2,61,127,8,0,0,0,0,1,0,0,0,0,1,1,0,39,0,0,84,504.2,1.54,2,2,1,1,0,0,,0,0,0,0,0,0,0,0.0,0.0
baseline,baseline_130,1593895056,standard,12,fixed,5,1,0,1,1255.0,-1649.9,2904.9,390.0,309.1,159,47,69,111,0,0,3,1,0,0,10,3,6,6,5,64,0,0,84,1009.1,3.08,3,2,1,1,0,0,,0,0,0,0,0,0,0,0.0,0.0
baseline,baseline_131,1593905029,standard,12,fixed,5,1,0,2,405.0,2025.0,-1620.0,230.0,0.0,39,127,27,0,57,0,0,1,0,0,10,0,10,9,9,9,0,0,84,460.0,1.40,3,2,1,1,0,0,,0,0,0,0,0,0,0,0.0,0.0
baseline,baseline_132,1593915002,standard,12,fixed,5,1,0,1,2084.5,1015.5,1069.0,149.5,309.5,127,47,0,2,0,0,0,0,0,0,0,3,1,1,0,55,0,0,84,539.1,1.65,2,2,1,1,0,0,,0,0,0,0,0,0,0,0.0,0.0
baseline,baseline_133,1593924975,standard,12,fixed,5,1,0,1,2161.6,1140.0,1021.6,116.6,620.0,127,58,0,24,0,0,0,0,0,0,0,10,14,14,14,46,0,0,84,736.6,2.25,2,4,1,2,0,0,,0,0,0,0,0,0,0,0.0,0.0
baseline,baseline_134,1593934948,standard,12,fixed,5,1,0,1,2041.8,2025.0,16.8,136.8,150.0,127,127,0,0,0,0,0,2,0,0,0,10,0,0,0,0,0,0,84,286.8,0.88,2,2,1,1,0,0,,0,0,0,0,0,0,0,0.0,0.0
baseline,baseline_135,1593944921,standard,12,fixed,5,1,0,1,2181.6,635.0,1546.6,116.6,310.0,127,39,0,25,0,52,0,0,0,0,0,10,14,14,13,48,0,0,84,656.6,2.01,2,3,1,1,0,0,,0,0,0,0,0,0,0,0.0,0.0
baseline,baseline_136,1593954894,standard,12,fixed,5,1,0,2,1491.0,2055.0,-564.0,620.0,0.0,89,125,29,0,4,0,0,1,0,0,33,0,16,16,15,16,0,0,84,700.0,2.14,3,2,5,1,0,0,,0,0,0,0,0,0,0,0.0,0.0
baseline,baseline_137,1593964867,standard,12,fixed,5,1,0,1,2285.0,1250.0,1035.0,150.0,540.0,127,59,0,25,0,5,2,0,0,0,10,10,24,24,23,28,0,0,84,690.0,2.11,2,3,1,3,0,0,,0,0,0,0,0,0,0,0.0,0.0
baseline,baseline_138,1593974840,standard,12,fixed,5,1,0,1,2054.5,2017.4,37.2,149.5,112.4,127,127,0,0,0,0,0,0,0,0,0,0,0,0,0,0,0,0,84,261.9,0.80,2,2,1,1,0,0,,0,0,0,0,0,0,0,0.0,0.0
baseline,baseline_139,1593984813,standard,12,fixed,5,1,0,1,2071.8,1175.1,896.8,136.8,389.1,127,55,0,2,0,0,0,2,0,0,0,3,1,1,0,55,0,0,84,525.9,1.61,2,2,1,1,0,0,,0,0,0,0,0,0,0,0.0,0.0
baseline,baseline_140,1593994786,standard,12,fixed,5,1,0,1,-1848.0,-4495.0,2647.0,150.0,0.0,32,125,111,279,0,0,4,4,0,0,1,10,28,28,27,28,1,0,84,300.0,0.92,3,2,1,1,0,0,,0,0,0,0,0,0,0,0.0,0.0
baseline,baseline_141,1594004759,standard,12,fixed,5,1,0,1,2054.5,2025.0,29.5,149.5,150.0,127,127,0,0,0,0,0,2,0,0,0,10,0,0,0,0,0,0,84,299.5,0.91,2,2,1,1,0,0,,0,0,0,0,0,0,0,0.0,0.0
baseline,baseline_142,1594014732,standard,12,fixed,5,1,0,2,1905.0,2053.6,-148.6,0.0,148.6,127,127,0,0,0,0,0,0,0,0,0,0,0,0,0,0,0,0,84,148.6,0.45,2,2,1,1,0,0,,0,0,0,0,0,0,0,0.0,0.0
baseline,baseline_143,1594024705,standard,12,fixed,5,1,0,2,1790.0,2163.0,-373.0,680.0,118.0,101,125,27,0,3,0,0,0,0,0,10,0,15,15,14,16,0,0,84,798.0,2.44,4,2,5,1,0,0,,0,0,0,0,0,0,0,0.0,0.0
baseline,baseline_144,1594034678,standard,12,fixed,5,1,0,1,1935.0,1015.5,919.5,0.0,309.5,127,47,0,2,0,0,0,0,0,0,0,3,1,1,0,55,0,0,84,389.5,1.19,2,2,1,1,0,0,,0,0,0,0,0,0,0,0.0,0.0
baseline,baseline_145,1594044651,standard,12,fixed,5,1,0,1,1070.0,-4704.5,5774.5,230.0,309.5,189,47,110,234,0,0,9,0,0,0,10,3,25,24,23,28,0,0,84,849.5,2.59,3,2,1,1,0,0,,0,0,0,0,0,0,0,0.0,0.0
baseline,baseline_146,1594054624,standard,12,fixed,5,1,0,2,-765.0,-745.0,-20.0,0.0,0.0,127,127,111,111,0,0,4,4,0,0,0,0,2,1,0,82,1,0,84,300.0,0.92,2,2,1,1,0,0,,0,0,0,0,0,0,0,0.0,0.0
baseline,baseline_147,1594064597,standard,12,fixed,5,1,0,1,2072.8,1015.1,1057.7,137.8,309.1,127,47,0,2,0,0,1,1,0,0,0,3,1,1,0,55,0,0,84,526.8,1.61,2,2,1,1,0,0,,0,0,0,0,0,0,0,0.0,0.0
baseline,baseline_148,1594074570,standard,12,fixed,5,1,0,1,-2418.0,-3048.5,630.5,610.0,141.5,49,171,156,236,0,0,0,0,0,0,11,0,6,6,5,60,0,0,84,981.5,3.00,3,3,2,1,0,0,,0,0,0,0,0,0,0,0.0,0.0
baseline,baseline_149,1594084543,standard,12,fixed,5,1,0,1,1220.6,-4419.9,5640.5,140.6,309.1,201,47,106,221,0,0,9,0,0,0,0,3,22,20,20,29,0,0,84,759.6,2.32,3,2,1,1,0,0,,0,0,0,0,0,0,0,0.0,0.0
baseline,baseline_150,1594094516,standard,12,fixed,5,1,0,2,-2585.4,-640.0,-1945.4,139.6,680.0,171,149,220,153,0,2,5,7,0,0,0,10,13,6,6,62,0,0,84,1059.6,3.24,3,3,1,3,0,0,,0,0,0,0,0,0,0,0.0,0.0
baseline,baseline_151,1594104489,standard,12,fixed,5,1,0,1,2206.7,1655.5,551.2,226.7,469.5,173,73,34,0,0,0,0,1,0,0,0,3,6,6,6,23,0,0,84,1006.2,3.07,3,3,1,1,0,0,,0,0,0,0,0,0,0,0.0,0.0
baseline,baseline_152,1594114462,standard,12,fixed,5,1,0,2,2020.2,2023.0,-2.8,115.2,118.0,127,127,0,0,0,0,1,0,0,0,0,0,0,0,0,0,0,0,84,233.2,0.71,2,2,1,1,0,0,,0,0,0,0,0,0,0,0.0,0.0
baseline,baseline_153,1594124435,standard,12,fixed,5,1,0,2,1980.0,2000.0,-20.0,0.0,0.0,127,127,0,0,0,0,4,4,0,0,10,10,2,1,0,82,1,0,84,300.0,0.92,2,2,1,1,0,0,,0,0,0,0,0,0,0,0.0,0.0
baseline,baseline_154,1594134408,standard,12,fixed,5,1,0,2,-4531.8,-1204.0,-3327.8,387.2,310.0,61,45,241,117,0,9,0,1,0,1,3,10,27,16,16,43,0,0,84,1017.2,3.11,2,3,1,1,0,0,,0,2,0,0,1,0,0,0.0,0.0
baseline,baseline_155,1594144381,standard,12,fixed,5,1,0,2,1467.0,2200.2,-733.2,380.0,115.2,89,125,27,0,2,0,0,1,0,0,11,0,21,21,21,22,0,0,84,575.2,1.76,3,2,4,1,0,0,,0,0,0,0,0,0,0,0.0,0.0
baseline,baseline_156,1594154354,standard,12,fixed,5,1,0,1,2054.5,2020.2,34.4,149.5,115.2,127,127,0,0,0,0,0,1,0,0,0,0,0,0,0,0,0,0,84,264.7,0.81,2,2,1,1,0,0,,0,0,0,0,0,0,0,0.0,0.0
baseline,baseline_157,1594164327,standard,12,fixed,5,1,0,1,2571.7,1985.0,586.7,226.7,0.0,171,127,20,0,0,0,0,1,0,0,0,0,8,8,8,23,0,0,84,466.7,1.43,3,2,1,1,0,0,,0,0,0,0,0,0,0,0.0,0.0
baseline,baseline_158,1594174300,standard,12,fixed,5,1,0,2,1625.0,2215.0,-590.0,610.0,150.0,88,125,27,0,2,0,0,3,0,0,10,10,20,20,19,22,0,0,84,760.0,2.32,4,2,4,1,0,0,,0,0,0,0,0,0,0,0.0,0.0
baseline,baseline_159,1594184273,standard,12,fixed,5,1,0,2,-828.0,-825.0,-3.0,0.0,0.0,127,127,111,111,0,0,4,4,0,0,11,10,0,0,0,0,1,0,84,300.0,0.92,2,2,1,1,0,0,,0,0,0,0,0,0,0,0.0,0.0
baseline,baseline_160,1594194246,standard,12,fixed,5,1,0,1,2054.7,1015.1,1039.6,146.7,309.1,127,47,0,2,0,0,2,0,0,0,9,3,1,1,0,55,0,0,84,535.8,1.64,2,2,1,1,0,0,,0,0,0,0,0,0,0,0.0,0.0
baseline,baseline_161,1594204219,standard,12,fixed,5,1,0,1,2053.0,1175.5,877.5,118.0,389.5,127,55,0,2,0,0,0,0,0,0,0,3,1,1,0,55,0,0,84,507.5,1.55,2,2,1,1,0,0,,0,0,0,0,0,0,0,0.0,0.0
baseline,baseline_162,1594214192,standard,12,fixed,5,1,0,2,980.0,2170.2,-1190.2,690.0,115.2,49,127,27,0,0,0,0,2,0,0,10,0,13,13,12,45,0,0,84,805.2,2.46,3,2,2,1,0,0,,0,0,0,0,0,0,0,0.0,0.0
baseline,baseline_163,1594224165,standard,12,fixed,5,1,0,1,2039.5,2017.4,22.1,134.5,112.4,127,127,0,0,0,0,0,0,0,0,0,0,0,0,0,0,0,0,84,246.8,0.75,2,2,1,1,0,0,,0,0,0,0,0,0,0,0.0,0.0
baseline,baseline_164,1594234138,standard,12,fixed,5,1,0,1,2584.6,2164.5,420.1,209.6,149.5,171,127,18,0,0,0,0,0,0,0,0,0,11,11,11,30,0,0,84,439.2,1.34,3,2,1,1,0,0,,0,0,0,0,0,0,0,0.0,0.0
baseline,baseline_165,1594244111,standard,12,fixed,5,1,0,1,2313.6,1240.0,1073.6,148.6,680.0,127,49,0,25,0,2,2,0,0,0,0,10,24,24,23,28,0,0,84,828.6,2.53,2,3,1,2,0,0,,0,0,0,0,0,0,0,0.0,0.0
baseline,baseline_166,1594254084,standard,12,fixed,5,1,0,1,2083.6,1015.5,1068.1,148.6,309.5,127,47,0,2,0,0,0,0,0,0,0,3,1,1,0,55,0,0,84,538.1,1.64,2,2,1,1,0,0,,0,0,0,0,0,0,0,0.0,0.0
baseline,baseline_167,1594264057,standard,12,fixed,5,1,0,2,1980.0,2000.0,-20.0,0.0,0.0,127,127,0,0,0,0,4,4,0,0,10,10,2,1,0,82,1,0,84,300.0,0.92,2,2,1,1,0,0,,0,0,0,0,0,0,0,0.0,0.0
baseline,baseline_168,1594274030,standard,12,fixed,5,1,0,2,-3460.5,-3440.9,-19.5,229.5,229.1,32,32,168,168,0,0,0,0,0,0,0,0,2,1,0,82,3,0,84,458.6,1.40,3,3,1,1,0,0,,0,0,0,0,0,0,0,0.0,0.0
baseline,baseline_169,1594284003,standard,12,fixed,5,1,0,2,2225.0,2731.5,-506.5,150.0,221.5,127,171,0,19,0,0,3,0,0,0,10,0,18,17,17,35,0,0,84,531.5,1.62,2,3,1,1,0,0,,0,0,0,0,0,0,0,0.0,0.0
baseline,baseline_170,1594293976,standard,12,fixed,5,1,0,1,866.1,-3815.9,4682.0,141.1,309.1,173,45,97,194,0,0,4,0,0,0,0,0,15,14,14,40,0,0,84,760.1,2.32,3,2,1,1,0,0,,0,0,0,0,0,0,0,0.0,0.0
baseline,baseline_171,1594303949,standard,12,fixed,5,1,0,2,1045.0,2025.0,-980.0,840.0,0.0,49,127,28,0,0,0,0,1,0,0,10,0,10,10,9,44,0,0,84,840.0,2.57,3,2,2,1,0,0,,0,0,0,0,0,0,0,0.0,0.0
baseline,baseline_172,1594313922,standard,12,fixed,5,1,0,1,2234.7,1840.0,394.7,146.7,530.0,125,99,0,25,0,4,1,0,0,0,9,10,24,24,24,27,0,0,84,676.7,2.07,2,3,1,5,0,0,,0,0,0,0,0,0,0,0.0,0.0
baseline,baseline_173,1594323895,standard,12,fixed,5,1,0,1,507.9,-143.8,651.7,118.9,146.2,201,171,111,121,0,0,49,7,5,0,0,0,3,2,1,67,1,0,84,735.2,2.25,3,3,1,1,0,0,,13,0,0,0,4,0,1,0.0,0.0
baseline,baseline_174,1594333868,standard,12,fixed,5,1,0,2,2100.2,2781.7,-681.5,115.2,226.7,127,171,0,10,0,0,1,0,0,0,0,0,6,6,5,59,0,0,84,581.9,1.78,2,3,1,1,0,0,,0,0,0,0,0,0,0,0.0,0.0
baseline,baseline_175,1594343841,standard,12,fixed,5,1,0,2,1025.0,1055.5,-30.5,540.0,389.5,89,83,50,35,4,0,0,0,0,0,10,3,22,20,20,24,0,0,84,1079.5,3.30,3,3,6,1,0,0,,0,0,0,0,0,0,0,0.0,0.0
baseline,baseline_176,1594353814,standard,12,fixed,5,1,0,1,2661.2,2158.1,503.2,226.7,133.1,173,127,19,0,0,0,0,0,0,0,0,0,10,10,9,48,0,0,84,588.8,1.80,3,2,1,1,0,0,,0,0,0,0,0,0,0,0.0,0.0
baseline,baseline_177,1594363787,standard,12,fixed,5,1,0,2,770.0,2097.7,-1327.7,610.0,114.7,44,125,27,0,0,0,0,3,0,1,15,0,11,11,11,42,0,0,84,724.7,2.21,3,2,2,1,0,0,,0,1,0,0,0,0,1,0.0,0.0
baseline,baseline_178,1594373760,standard,12,fixed,5,1,0,2,-777.5,-754.5,-23.1,0.0,0.0,127,127,111,111,0,0,4,4,0,0,3,3,2,1,0,82,1,0,84,292.0,0.89,2,2,1,1,0,0,,0,0,0,0,0,0,0,0.0,0.0
baseline,baseline_179,1594383733,standard,12,fixed,5,1,0,2,1980.0,2000.0,-20.0,0.0,0.0,127,127,0,0,0,0,4,4,0,0,10,10,2,1,0,82,1,0,84,300.0,0.92,2,2,1,1,0,0,,0,0,0,0,0,0,0,0.0,0.0
baseline,baseline_180,1594393706,standard,12,fixed,5,1,0,2,915.1,2068.1,-1153.0,309.1,133.1,47,127,6,0,0,0,1,0,0,0,3,0,1,1,0,51,0,0,84,522.1,1.59,2,2,1,1,0,0,,0,0,0,0,0,0,0,0.0,0.0
baseline,baseline_181,1594403679,standard,12,fixed,5,1,0,2,-772.2,-754.5,-17.6,0.0,0.0,127,127,111,111,0,0,4,4,0,0,2,2,2,1,0,82,1,0,84,290.6,0.89,2,2,1,1,0,0,,0,0,0,0,0,0,0,0.0,0.0
baseline,baseline_182,1594413652,standard,12,fixed,5,1,0,1,2083.6,1015.5,1068.1,148.6,309.5,127,47,0,2,0,0,0,0,0,0,0,3,1,1,0,55,0,0,84,538.1,1.64,2,2,1,1,0,0,,0,0,0,0,0,0,0,0.0,0.0
baseline,baseline_183,1594423625,standard,12,fixed,5,1,0,2,-4635.9,42.0,-4677.9,309.1,230.0,45,99,236,111,0,0,3,8,0,0,0,11,42,24,24,27,0,0,84,849.1,2.59,2,3,1,1,0,0,,0,0,0,0,0,0,0,0.0,0.0
baseline,baseline_184,1594433598,standard,12,fixed,5,1,0,1,-390.0,-951.1,561.1,610.0,118.9,44,63,72,87,0,0,10,4,0,0,10,0,9,8,7,47,0,0,84,808.9,2.47,3,2,2,1,0,0,,0,0,0,0,0,0,0,0.0,0.0
baseline,baseline_185,1594443571,standard,12,fixed,5,1,0,1,2054.1,2020.2,33.9,149.1,115.2,127,127,0,0,0,0,0,1,0,0,0,0,0,0,0,0,0,0,84,264.2,0.81,2,2,1,1,0,0,,0,0,0,0,0,0,0,0.0,0.0
baseline,baseline_186,1594453544,standard,12,fixed,5,1,0,2,1080.1,1980.0,-899.9,619.1,0.0,55,127,15,0,0,0,0,0,0,0,3,10,1,1,0,42,0,0,84,769.1,2.35,2,2,1,1,0,0,,0,0,0,0,0,0,0,0.0,0.0
baseline,baseline_187,1594463517,standard,12,fixed,5,1,0,2,1072.5,2068.1,-995.5,309.5,133.1,61,127,8,0,0,0,0,0,0,0,4,0,1,1,0,39,0,0,84,522.6,1.60,2,2,1,1,0,0,,0,0,0,0,0,0,0,0.0,0.0
baseline,baseline_188,1594473490,standard,12,fixed,5,1,0,2,-774.5,-754.2,-20.2,0.0,0.0,127,127,111,111,0,0,4,4,0,0,3,3,2,1,0,82,1,0,84,298.6,0.91,2,2,1,1,0,0,,0,0,0,0,0,0,0,0.0,0.0
baseline,baseline_189,1594483463,standard,12,fixed,5,1,0,2,1980.0,2000.0,-20.0,0.0,0.0,127,127,0,0,0,0,4,4,0,0,10,10,2,1,0,82,1,0,84,300.0,0.92,2,2,1,1,0,0,,0,0,0,0,0,0,0,0.0,0.0
baseline,baseline_190,1594493436,standard,12,fixed,5,1,0,2,1140.0,2109.0,-969.0,690.0,134.0,58,125,22,0,0,0,0,0,0,0,10,0,8,8,7,49,0,0,84,824.0,2.52,4,2,2,1,0,0,,0,0,0,0,0,0,0,0.0,0.0
baseline,baseline_191,1594503409,standard,12,fixed,5,1,0,1,-1180.0,-2203.3,1023.3,840.0,226.7,49,171,131,205,0,0,15,0,0,0,10,0,20,19,19,20,0,0,84,1226.7,3.75,3,3,2,1,0,0,,0,0,0,0,0,0,0,0.0,0.0
baseline,baseline_192,1594513382,standard,12,fixed,5,1,0,2,-4365.4,-860.0,-3505.4,458.6,230.0,47,39,232,110,0,0,0,7,0,0,3,10,41,24,24,27,0,0,84,998.6,3.05,2,3,1,1,0,0,,0,0,0,0,0,0,0,0.0,0.0
baseline,baseline_193,1594523355,standard,12,fixed,5,1,0,1,2255.0,1370.0,885.0,150.0,830.0,127,49,0,25,0,0,2,0,0,0,10,10,23,23,23,29,0,0,84,980.0,2.99,2,3,1,2,0,0,,0,0,0,0,0,0,0,0.0,0.0
baseline,baseline_194,1594533328,standard,12,fixed,5,1,0,2,425.0,2148.8,-1723.8,230.0,113.8,39,127,27,0,57,0,0,0,0,0,10,0,11,10,10,10,0,0,84,573.8,1.75,3,2,1,1,0,0,,0,0,0,0,0,0,0,0.0,0.0
baseline,baseline_195,1594543301,standard,12,fixed,5,1,0,2,-4850.9,1850.0,-6700.9,309.1,380.0,61,195,255,98,0,0,0,0,0,0,0,10,39,23,23,27,0,0,84,999.1,3.05,2,3,1,1,0,0,,0,0,0,0,0,0,0,0.0,0.0
baseline,baseline_196,1594553274,standard,12,fixed,5,1,0,1,1434.6,629.1,805.5,458.6,132.1,61,33,0,2,0,0,0,16,0,4,3,0,1,1,0,69,0,0,84,750.7,2.29,2,2,1,1,0,0,,0,4,0,1,0,0,4,0.0,0.0
baseline,baseline_197,1594563247,standard,12,fixed,5,1,0,1,2083.6,1383.6,700.0,148.6,458.6,127,61,0,2,0,0,1,0,0,0,0,0,1,1,0,44,0,0,84,687.2,2.10,2,2,1,1,0,0,,0,0,0,0,0,0,0,0.0,0.0
baseline,baseline_198,1594573220,standard,12,fixed,5,1,0,2,-4969.5,-972.0,-3997.5,309.5,460.0,47,69,245,118,0,10,1,3,0,1,3,11,21,11,11,53,0,0,84,849.5,2.59,2,3,1,2,0,0,,0,2,0,0,1,0,0,0.0,0.0
baseline,baseline_199,1594583193,standard,12,fixed,5,1,0,2,915.5,2084.5,-1169.0,309.5,149.5,47,127,6,0,0,0,0,0,0,0,3,0,1,1,0,51,0,0,84,539.1,1.65,2,2,1,1,0,0,,0,0,0,0,0,0,0,0.0,0.0
baseline,baseline_200,1594593166,standard,12,fixed,5,1,0,1,1905.0,1015.1,889.9,0.0,309.1,127,45,0,0,0,0,0,9,0,0,0,3,0,0,0,0,0,0,84,389.1,1.19,2,2,1,1,0,0,,0,0,0,0,0,0,0,0.0,0.0
baseline,baseline_201,1594603139,standard,12,fixed,5,1,0,2,-765.0,-745.0,-20.0,0.0,0.0,127,127,111,111,0,0,4,4,0,0,0,0,2,1,0,82,1,0,84,300.0,0.92,2,2,1,1,0,0,,0,0,0,0,0,0,0,0.0,0.0
baseline,baseline_202,1594613112,standard,12,fixed,5,1,0,1,2234.5,1234.1,1000.5,299.5,309.1,127,61,0,2,0,0,0,1,0,0,0,0,1,1,0,45,0,0,84,688.6,2.10,2,2,1,1,0,0,,0,0,0,0,0,0,0,0.0,0.0
baseline,baseline_203,1594623085,standard,12,fixed,5,1,0,1,2999.2,2043.0,956.2,379.2,150.0,203,125,24,0,0,0,0,1,0,1,0,10,5,5,5,11,0,0,84,679.2,2.07,3,2,1,1,0,0,,0,1,0,0,0,0,1,0.0,0.0
baseline,baseline_204,1594633058,standard,12,fixed,5,1,0,2,2017.4,2053.1,-35.8,112.4,148.1,127,127,0,0,0,0,0,0,0,0,0,0,0,0,0,0,0,0,84,260.5,0.80,2,2,1,1,0,0,,0,0,0,0,0,0,0,0.0,0.0
baseline,baseline_205,1594643031,standard,12,fixed,5,1,0,1,2038.1,2023.0,15.1,133.1,150.0,127,127,0,0,0,0,0,1,0,1,0,10,0,0,0,0,0,0,84,283.1,0.86,2,2,1,1,0,0,,0,1,0,0,0,0,1,0.0,0.0
baseline,baseline_206,1594653004,standard,12,fixed,5,1,0,2,1175.0,2185.0,-1010.0,840.0,150.0,49,127,26,0,0,0,0,3,0,0,10,10,14,14,13,45,0,0,84,990.0,3.02,3,2,2,1,0,0,,0,0,0,0,0,0,0,0.0,0.0
baseline,baseline_207,1594662977,standard,12,fixed,5,1,0,1,2055.0,1015.1,1039.9,150.0,309.1,127,47,0,2,0,0,2,1,0,0,10,3,1,1,0,55,0,0,84,539.1,1.65,2,2,1,1,0,0,,0,0,0,0,0,0,0,0.0,0.0
baseline,baseline_208,1594672950,standard,12,fixed,5,1,0,2,2224.5,2791.3,-566.8,149.5,221.5,127,171,0,18,0,0,0,0,0,0,0,0,17,17,17,36,0,0,84,600.6,1.83,2,3,1,1,0,0,,0,0,0,0,0,0,0,0.0,0.0
baseline,baseline_209,1594682923,standard,12,fixed,5,1,0,1,-1052.0,-4589.5,3537.5,230.0,309.5,89,47,122,227,7,0,3,0,1,0,11,3,13,12,12,51,0,0,84,859.5,2.63,3,2,1,1,0,0,,2,0,0,0,1,0,0,0.0,0.0
baseline,baseline_210,1594692896,standard,12,fixed,5,1,0,1,2054.7,1015.1,1039.6,146.7,309.1,127,47,0,2,0,0,1,1,0,0,9,3,1,1,0,55,0,0,84,535.8,1.64,2,2,1,1,0,0,,0,0,0,0,0,0,0,0.0,0.0
baseline,baseline_211,1594702869,standard,12,fixed,5,1,0,2,-2580.0,-1922.0,-658.0,0.0,150.0,125,32,200,111,0,0,4,0,0,0,10,9,25,25,25,25,1,0,84,300.0,0.92,2,3,1,1,0,0,,0,0,0,0,0,0,0,0.0,0.0
baseline,baseline_212,1594712842,standard,12,fixed,5,1,0,2,-5324.5,-415.0,-4909.5,309.5,610.0,47,49,264,108,0,0,0,11,0,0,3,10,40,23,23,29,0,0,84,999.5,3.05,2,3,1,2,0,0,,0,0,0,0,0,0,0,0.0,0.0
baseline,baseline_213,1594722815,standard,12,fixed,5,1,0,1,2053.6,2023.0,30.6,148.6,150.0,127,127,0,0,0,0,2,4,0,1,0,10,0,0,0,0,0,0,84,298.6,0.91,2,2,1,1,0,0,,0,1,0,0,0,0,1,0.0,0.0
baseline,baseline_214,1594732788,standard,12,fixed,5,1,0,2,-2648.3,45.0,-2693.3,146.7,460.0,173,169,225,126,0,4,12,0,0,0,0,10,11,6,5,64,0,0,84,836.7,2.56,3,3,1,6,0,0,,0,0,0,0,0,0,0,0.0,0.0
baseline,baseline_215,1594742761,standard,12,fixed,5,1,0,2,-2489.5,1281.5,-3771.0,309.5,221.5,47,171,145,77,0,0,0,0,0,0,3,0,13,6,6,57,0,0,84,851.1,2.60,2,3,1,1,0,0,,0,0,0,0,0,0,0,0.0,0.0
baseline,baseline_216,1594752734,standard,12,fixed,5,1,0,2,-3261.1,570.0,-3831.1,118.9,230.0,63,119,185,96,0,0,0,0,0,0,0,10,37,24,23,28,0,0,84,658.9,2.01,2,3,1,1,0,0,,0,0,0,0,0,0,0,0.0,0.0
baseline,baseline_217,1594762707,standard,12,fixed,5,1,0,2,-775.2,-759.2,-16.0,0.0,0.0,127,127,111,111,0,0,4,4,0,0,3,3,2,1,0,82,1,0,84,287.3,0.88,2,2,1,1,0,0,,0,0,0,0,0,0,0,0.0,0.0
baseline,baseline_218,1594772680,standard,12,fixed,5,1,0,1,2083.6,1073.9,1009.6,148.6,118.9,127,63,0,2,0,0,2,0,0,0,0,0,1,1,0,41,0,0,84,347.5,1.06,2,2,1,1,0,0,,0,0,0,0,0,0,0,0.0,0.0
baseline,baseline_219,1594782653,standard,12,fixed,5,1,0,1,2069.0,1211.1,857.9,134.0,298.1,127,61,0,2,0,0,0,1,0,0,0,4,1,1,0,45,0,0,84,512.1,1.56,2,2,1,1,0,0,,0,0,0,0,0,0,0,0.0,0.0
baseline,baseline_220,1594792626,standard,12,fixed,5,1,0,2,2195.0,2799.8,-604.8,150.0,230.0,127,171,0,18,0,0,2,0,0,0,10,0,17,17,17,36,0,0,84,609.5,1.86,2,3,1,1,0,0,,0,0,0,0,0,0,0,0.0,0.0
baseline,baseline_221,1594802599,standard,12,fixed,5,1,0,1,2017.4,833.9,1183.4,112.4,118.9,127,45,0,0,0,0,0,0,0,0,0,0,0,0,0,0,0,0,84,311.3,0.95,2,2,1,1,0,0,,0,0,0,0,0,0,0,0.0,0.0
baseline,baseline_222,1594812572,standard,12,fixed,5,1,0,1,2581.2,2073.0,508.2,226.2,118.0,171,127,17,0,0,0,0,0,0,0,0,0,5,5,5,32,0,0,84,574.2,1.75,3,2,1,1,0,0,,0,0,0,0,0,0,0,0.0,0.0
baseline,baseline_223,1594822545,standard,12,fixed,5,1,0,2,885.1,2054.7,-1169.6,309.1,146.7,45,127,6,0,0,0,0,1,0,0,3,9,1,1,0,52,0,0,84,535.8,1.64,2,2,1,1,0,0,,0,0,0,0,0,0,0,0.0,0.0
baseline,baseline_224,1594832518,standard,12,fixed,5,1,0,1,2589.6,2123.0,466.6,219.6,150.0,171,127,19,0,0,0,0,1,0,1,0,10,10,10,10,29,0,0,84,529.6,1.62,3,2,1,1,0,0,,0,1,0,0,0,0,1,0.0,0.0
baseline,baseline_225,1594842491,standard,12,fixed,5,1,0,2,2243.6,2796.2,-552.6,148.6,226.2,127,171,0,18,0,0,2,0,0,0,0,0,17,17,16,37,0,0,84,604.8,1.85,2,3,1,1,0,0,,0,0,0,0,0,0,0,0.0,0.0
baseline,baseline_226,1594852464,standard,12,fixed,5,1,0,2,-795.0,-775.0,-20.0,0.0,0.0,127,127,111,111,0,0,4,4,0,0,10,10,2,1,0,82,1,0,84,300.0,0.92,2,2,1,1,0,0,,0,0,0,0,0,0,0,0.0,0.0
baseline,baseline_227,1594862437,standard,12,fixed,5,1,0,1,2023.0,2020.2,2.8,118.0,115.2,127,127,0,0,0,0,0,1,0,0,0,0,0,0,0,0,0,0,84,233.2,0.71,2,2,1,1,0,0,,0,0,0,0,0,0,0,0.0,0.0
baseline,baseline_228,1594872410,standard,12,fixed,5,1,0,1,836.7,-4069.5,4906.2,146.7,309.5,171,47,96,205,0,0,2,0,0,0,0,3,14,14,14,42,0,0,84,766.2,2.34,3,2,1,1,0,0,,0,0,0,0,0,0,0,0.0,0.0
baseline,baseline_229,1594882383,standard,12,fixed,5,1,0,2,-3380.0,-3360.0,-20.0,230.0,230.0,32,32,168,168,0,0,4,3,0,0,0,0,2,1,0,82,5,0,84,780.0,2.38,3,3,1,1,0,0,,0,0,0,0,0,0,0,0.0,0.0
baseline,baseline_230,1594892356,standard,12,fixed,5,1,0,1,2050.2,1372.1,678.1,115.2,459.1,127,61,0,2,0,0,1,0,0,0,0,4,1,1,0,44,0,0,84,654.2,2.00,2,2,1,1,0,0,,0,0,0,0,0,0,0,0.0,0.0
baseline,baseline_231,1594902329,standard,12,fixed,5,1,0,1,2242.8,1680.0,562.8,137.8,780.0,125,73,0,25,0,3,0,0,0,0,0,10,23,23,23,27,0,0,84,917.8,2.80,2,3,1,4,0,0,,0,0,0,0,0,0,0,0.0,0.0
baseline,baseline_232,1594912302,standard,12,fixed,5,1,0,1,2671.5,2164.5,507.0,221.5,149.5,171,127,18,0,0,0,0,0,0,0,0,0,11,11,11,30,0,0,84,601.1,1.84,3,2,1,1,0,0,,0,0,0,0,0,0,0,0.0,0.0
baseline,baseline_233,1594922275,standard,12,fixed,5,1,0,1,2621.7,2154.5,467.2,226.7,149.5,173,127,19,0,0,0,0,0,0,0,0,0,10,10,10,28,0,0,84,526.2,1.61,3,2,1,1,0,0,,0,0,0,0,0,0,0,0.0,0.0
baseline,baseline_234,1594932248,standard,12,fixed,5,1,0,1,1950.6,904.1,1046.5,380.6,389.1,191,61,59,18,0,0,0,0,0,0,0,0,5,5,5,24,0,0,84,929.6,2.84,3,2,1,1,0,0,,0,0,0,0,0,0,0,0.0,0.0
baseline,baseline_235,1594942221,standard,12,fixed,5,1,0,2,1084.1,2050.2,-966.1,309.1,115.2,61,127,8,0,0,0,0,1,0,0,0,0,1,1,0,39,0,0,84,504.2,1.54,2,2,1,1,0,0,,0,0,0,0,0,0,0,0.0,0.0
baseline,baseline_236,1594952194,standard,12,fixed,5,1,0,1,-803.0,-2538.8,1735.8,610.0,226.2,99,171,125,219,2,0,0,11,0,0,11,0,9,9,8,54,0,0,84,1066.2,3.26,3,3,2,1,0,0,,0,0,0,0,0,0,0,0.0,0.0
baseline,baseline_237,1594962167,standard,12,fixed,5,1,0,2,-4569.5,-460.0,-4109.5,309.5,610.0,47,44,235,110,0,0,0,22,0,1,3,10,43,24,23,28,0,0,84,999.5,3.05,2,3,1,2,0,0,,0,0,0,0,1,0,0,0.0,0.0
baseline,baseline_238,1594972140,standard,12,fixed,5,1,0,2,1510.1,1905.0,-394.9,389.1,0.0,73,127,0,0,3,0,2,2,0,0,3,0,0,0,0,0,0,0,84,459.1,1.40,3,2,1,1,0,0,,0,0,0,0,0,0,0,0.0,0.0
baseline,baseline_239,1594982113,standard,12,fixed,5,1,0,2,-977.8,-430.0,-547.8,456.2,380.0,61,41,100,67,0,0,1,0,0,0,3,10,10,10,9,56,0,0,84,1076.2,3.29,2,3,1,1,0,0,,0,0,0,0,0,0,0,0.0,0.0
baseline,baseline_240,1594992086,standard,12,fixed,5,1,0,2,915.1,2054.7,-1139.6,309.1,146.7,47,127,6,0,0,0,1,2,0,0,3,9,1,1,0,51,0,0,84,535.8,1.64,2,2,1,1,0,0,,0,0,0,0,0,0,0,0.0,0.0
baseline,baseline_241,1595002059,standard,12,fixed,5,1,0,1,2051.6,1015.1,1036.5,116.6,309.1,127,47,0,2,0,0,0,2,0,0,0,3,1,1,0,55,0,0,84,505.6,1.54,2,2,1,1,0,0,,0,0,0,0,0,0,0,0.0,0.0
baseline,baseline_242,1595012032,standard,12,fixed,5,1,0,1,2227.0,1240.5,986.5,222.0,389.5,191,83,46,22,0,0,0,1,0,0,0,3,8,8,7,18,0,0,84,1001.5,3.06,3,3,1,1,0,0,,0,0,0,0,0,0,0,0.0,0.0
baseline,baseline_243,1595022005,standard,12,fixed,5,1,0,2,-766.2,-745.5,-20.7,0.0,0.0,127,127,111,111,0,0,4,4,0,0,0,0,2,1,0,82,1,0,84,296.7,0.91,2,2,1,1,0,0,,0,0,0,0,0,0,0,0.0,0.0
baseline,baseline_244,1595031978,standard,12,fixed,5,1,0,1,2215.0,560.0,1655.0,150.0,230.0,127,39,0,25,0,54,0,0,0,0,0,10,14,14,13,48,0,0,84,620.0,1.89,2,3,1,1,0,0,,0,0,0,0,0,0,0,0.0,0.0
baseline,baseline_245,1595041951,standard,12,fixed,5,1,0,2,2147.4,2661.2,-513.9,112.4,226.7,127,173,0,19,0,0,0,0,0,0,0,0,11,10,10,27,0,0,84,568.1,1.74,2,3,1,1,0,0,,0,0,0,0,0,0,0,0.0,0.0
baseline,baseline_246,1595051924,standard,12,fixed,5,1,0,2,915.5,2051.6,-1136.1,309.5,116.6,47,127,6,0,0,0,0,0,0,0,3,0,1,1,0,51,0,0,84,506.1,1.55,2,2,1,1,0,0,,0,0,0,0,0,0,0,0.0,0.0
baseline,baseline_247,1595061897,standard,12,fixed,5,1,0,1,1935.0,1015.1,919.9,0.0,309.1,127,47,0,2,0,0,0,0,0,0,0,3,1,1,0,55,0,0,84,389.1,1.19,2,2,1,1,0,0,,0,0,0,0,0,0,0,0.0,0.0
baseline,baseline_248,1595071870,standard,12,fixed,5,1,0,2,1905.0,2023.0,-118.0,0.0,118.0,127,127,0,0,0,0,0,0,0,0,0,0,0,0,0,0,0,0,84,118.0,0.36,2,2,1,1,0,0,,0,0,0,0,0,0,0,0.0,0.0
baseline,baseline_249,1595081843,standard,12,fixed,5,1,0,2,-2730.0,-578.9,-2151.1,230.0,141.1,39,205,147,158,0,0,16,25,0,0,10,0,2,2,1,67,0,0,84,841.1,2.57,3,3,1,1,0,0,,0,0,0,0,0,0,0,0.0,0.0
baseline,baseline_250,1595091816,standard,12,fixed,5,1,0,1,2083.6,1015.5,1068.1,148.6,309.5,127,47,0,2,0,0,2,0,0,0,0,3,1,1,0,55,0,0,84,538.1,1.64,2,2,1,1,0,0,,0,0,0,0,0,0,0,0.0,0.0
baseline,baseline_251,1595101789,standard,12,fixed,5,1,0,1,2055.0,1161.6,893.4,150.0,266.6,127,59,0,2,0,0,3,48,0,0,10,0,1,1,0,46,0,0,84,496.6,1.52,2,2,1,1,0,0,,0,0,0,0,0,0,0,0.0,0.0
baseline,baseline_252,1595111762,standard,12,fixed,5,1,0,1,2055.0,2053.6,1.4,150.0,148.6,127,127,0,0,0,0,0,2,0,0,0,0,0,0,0,0,0,0,84,298.6,0.91,2,2,1,1,0,0,,0,0,0,0,0,0,0,0.0,0.0
baseline,baseline_253,1595121735,standard,12,fixed,5,1,0,1,2050.2,1015.5,1034.6,115.2,309.5,127,47,0,2,0,0,1,0,0,0,0,3,1,1,0,55,0,0,84,504.7,1.54,2,2,1,1,0,0,,0,0,0,0,0,0,0,0.0,0.0
baseline,baseline_254,1595131708,standard,12,fixed,5,1,0,1,2180.2,560.0,1620.2,115.2,230.0,127,39,0,25,0,54,1,0,0,0,0,10,14,14,13,48,0,0,84,585.2,1.79,2,3,1,1,0,0,,0,0,0,0,0,0,0,0.0,0.0
baseline,baseline_255,1595141681,standard,12,fixed,5,1,0,1,997.1,853.0,144.1,389.1,620.0,77,79,29,47,0,17,0,0,0,1,4,11,13,13,12,50,0,0,84,1089.1,3.33,3,3,1,4,0,0,,0,2,0,0,1,0,0,0.0,0.0
baseline,baseline_256,1595151654,standard,12,fixed,5,1,0,1,1629.1,1330.0,299.1,389.1,620.0,63,69,0,31,0,5,0,0,0,0,0,10,24,24,23,28,0,0,84,1079.1,3.30,3,3,1,4,0,0,,0,0,0,0,0,0,0,0.0,0.0
baseline,baseline_257,1595161627,standard,12,fixed,5,1,0,2,2193.0,2756.5,-563.5,150.0,221.5,127,171,0,18,0,0,1,0,1,0,10,0,17,17,17,36,0,0,84,531.5,1.62,2,3,1,1,0,0,,1,0,0,0,0,0,1,0.0,0.0
baseline,baseline_258,1595171600,standard,12,fixed,5,1,0,1,-299.0,-4114.5,3815.5,230.0,309.5,139,47,122,208,7,0,7,0,1,0,10,3,13,12,12,51,0,0,84,859.5,2.63,3,2,1,1,0,0,,2,0,0,0,1,0,0,0.0,0.0
baseline,baseline_259,1595181573,standard,12,fixed,5,1,0,2,2221.0,2801.2,-580.2,126.0,226.2,127,171,0,18,0,0,0,0,0,0,0,0,17,17,16,37,0,0,84,592.2,1.81,2,3,1,1,0,0,,0,0,0,0,0,0,0,0.0,0.0
baseline,baseline_260,1595191546,standard,12,fixed,5,1,0,1,2255.0,1990.0,265.0,150.0,530.0,125,109,0,25,0,5,1,0,0,0,10,10,24,24,23,28,0,0,84,680.0,2.08,2,3,1,5,0,0,,0,0,0,0,0,0,0,0.0,0.0
baseline,baseline_261,1595201519,standard,12,fixed,5,1,0,1,2055.0,1109.4,945.6,150.0,373.4,127,49,0,2,0,0,3,2,0,0,10,3,1,1,0,54,0,0,84,603.4,1.84,2,2,1,1,0,0,,0,0,0,0,0,0,0,0.0,0.0
baseline,baseline_262,1595211492,standard,12,fixed,5,1,0,2,-1070.9,1271.5,-2342.5,309.1,141.5,45,173,91,91,0,0,6,0,0,0,0,0,29,15,15,38,0,0,84,770.6,2.35,2,3,1,1,0,0,,0,0,0,0,0,0,0,0.0,0.0
baseline,baseline_263,1595221465,standard,12,fixed,5,1,0,1,1296.1,-2355.6,3651.6,221.1,373.4,173,49,72,141,0,0,0,2,0,0,0,3,7,7,6,56,0,0,84,834.5,2.55,3,2,1,1,0,0,,0,0,0,0,0,0,0,0.0,0.0
baseline,baseline_264,1595231438,standard,12,fixed,5,1,0,1,2084.1,1015.5,1068.5,149.1,309.5,127,47,0,2,0,0,1,0,0,0,0,3,1,1,0,55,0,0,84,538.6,1.64,2,2,1,1,0,0,,0,0,0,0,0,0,0,0.0,0.0
baseline,baseline_265,1595241411,standard,12,fixed,5,1,0,1,2055.0,2020.2,34.8,150.0,115.2,127,127,0,0,0,0,0,1,0,0,0,0,0,0,0,0,0,0,84,265.2,0.81,2,2,1,1,0,0,,0,0,0,0,0,0,0,0.0,0.0
baseline,baseline_266,1595251384,standard,12,fixed,5,1,0,2,783.9,1989.8,-1205.8,118.9,0.0,47,127,4,0,0,0,0,0,0,0,0,0,1,1,0,53,0,0,84,308.5,0.94,2,2,1,1,0,0,,0,0,0,0,0,0,0,0.0,0.0
baseline,baseline_267,1595261357,standard,12,fixed,5,1,0,1,2050.2,1015.5,1034.6,115.2,309.5,127,47,0,2,0,0,1,0,0,0,0,3,1,1,0,55,0,0,84,504.7,1.54,2,2,1,1,0,0,,0,0,0,0,0,0,0,0.0,0.0
baseline,baseline_268,1595271330,standard,12,fixed,5,1,0,1,1262.1,833.9,428.1,389.1,118.9,59,45,0,0,0,0,0,0,0,0,4,0,0,0,0,0,0,0,84,588.0,1.80,2,2,1,1,0,0,,0,0,0,0,0,0,0,0.0,0.0
baseline,baseline_269,1595281303,standard,12,fixed,5,1,0,1,2085.0,1015.5,1069.5,150.0,309.5,127,47,0,2,0,0,0,0,0,0,0,3,1,1,0,55,0,0,84,539.5,1.65,2,2,1,1,0,0,,0,0,0,0,0,0,0,0.0,0.0
baseline,baseline_270,1595291276,standard,12,fixed,5,1,0,1,2084.1,1015.5,1068.5,149.1,309.5,127,47,0,2,0,0,1,0,0,0,0,3,1,1,0,55,0,0,84,538.6,1.64,2,2,1,1,0,0,,0,0,0,0,0,0,0,0.0,0.0
baseline,baseline_271,1595301249,standard,12,fixed,5,1,0,1,2020.2,1905.0,115.2,115.2,0.0,127,127,0,0,0,0,1,0,0,0,0,0,0,0,0,0,0,0,84,115.2,0.35,2,2,1,1,0,0,,0,0,0,0,0,0,0,0.0,0.0
baseline,baseline_272,1595311222,standard,12,fixed,5,1,0,2,1975.0,2741.7,-766.7,0.0,146.7,127,175,0,10,0,0,1,0,0,0,0,0,5,5,4,60,0,0,84,386.7,1.18,2,3,1,1,0,0,,0,0,0,0,0,0,0,0.0,0.0
baseline,baseline_273,1595321195,standard,12,fixed,5,1,0,1,1415.0,-3785.9,5200.9,230.0,309.1,199,59,101,206,0,0,1,0,0,0,10,0,25,24,23,28,0,0,84,849.1,2.59,3,2,1,1,0,0,,0,0,0,0,0,0,0,0.0,0.0
baseline,baseline_274,1595331168,standard,12,fixed,5,1,0,1,-3520.0,-4238.0,718.0,230.0,230.0,32,32,172,203,0,0,19,0,1,0,0,1,2,1,0,82,2,0,84,700.0,2.14,3,3,1,1,0,0,,0,0,0,0,1,0,0,0.0,0.0
baseline,baseline_275,1595341141,standard,12,fixed,5,1,0,1,2053.0,833.9,1219.1,150.0,118.9,127,47,0,2,0,0,1,0,1,0,10,0,1,1,0,55,0,0,84,348.9,1.07,2,2,1,1,0,0,,1,0,0,0,0,0,1,0.0,0.0
baseline,baseline_276,1595351114,standard,12,fixed,5,1,0,2,-159.5,58.9,-218.4,309.5,118.9,47,63,49,43,0,0,0,0,0,0,3,0,1,1,0,51,0,0,84,588.5,1.80,2,2,1,1,0,0,,0,0,0,0,0,0,0,0.0,0.0
baseline,baseline_277,1595361087,standard,12,fixed,5,1,0,2,405.0,2025.0,-1620.0,230.0,0.0,39,127,27,0,57,0,0,0,0,0,10,0,10,9,9,9,0,0,84,460.0,1.40,3,2,1,1,0,0,,0,0,0,0,0,0,0,0.0,0.0
baseline,baseline_278,1595371060,standard,12,fixed,5,1,0,1,1329.2,610.5,718.6,139.2,389.5,171,55,62,25,0,0,0,0,0,0,0,3,3,3,3,31,1,0,84,758.7,2.32,3,2,1,1,0,0,,0,0,0,0,0,0,0,0.0,0.0
baseline,baseline_279,1595381033,standard,12,fixed,5,1,0,1,15.0,-4664.9,4679.9,230.0,309.1,119,47,110,232,0,0,7,0,0,0,10,3,25,24,24,27,0,0,84,859.1,2.62,3,2,1,1,0,0,,0,0,0,0,0,0,0,0.0,0.0
baseline,baseline_280,1595391006,standard,12,fixed,5,1,0,1,-775.4,-2190.0,1414.6,139.6,390.0,171,39,146,132,0,0,7,7,0,0,0,10,4,3,2,70,0,0,84,919.6,2.81,3,3,1,1,0,0,,0,0,0,0,0,0,0,0.0,0.0
baseline,baseline_281,1595400979,standard,12,fixed,5,1,0,1,1994.2,1160.5,833.6,219.6,389.5,171,73,42,18,0,0,0,0,0,0,0,3,7,6,6,25,0,0,84,978.2,2.99,3,3,1,1,0,0,,0,0,0,0,0,0,0,0.0,0.0
baseline,baseline_282,1595410952,standard,12,fixed,5,1,0,1,2263.6,2230.0,33.6,148.6,620.0,125,119,0,25,0,5,2,0,0,0,0,10,24,24,24,27,0,0,84,768.6,2.35,2,3,1,4,0,0,,0,0,0,0,0,0,0,0.0,0.0
baseline,baseline_283,1595420925,standard,12,fixed,5,1,0,2,2017.4,2023.0,-5.6,112.4,150.0,127,127,0,0,0,0,0,1,0,1,0,10,0,0,0,0,0,0,84,262.4,0.80,2,2,1,1,0,0,,0,1,0,0,0,0,1,0.0,0.0
baseline,baseline_284,1595430898,standard,12,fixed,5,1,0,2,-795.0,-775.0,-20.0,0.0,0.0,127,127,111,111,0,0,4,4,0,0,10,10,2,1,0,82,1,0,84,300.0,0.92,2,2,1,1,0,0,,0,0,0,0,0,0,0,0.0,0.0
baseline,baseline_285,1595440871,standard,12,fixed,5,1,0,2,-2581.0,-1315.3,-1265.7,150.0,146.7,50,50,143,101,0,0,16,19,1,1,10,9,10,5,4,57,1,0,84,696.7,2.13,3,3,1,1,0,0,,13,15,0,0,1,0,1,0.0,0.0
baseline,baseline_286,1595450844,standard,12,fixed,5,1,0,1,2084.5,1234.1,850.5,149.5,309.1,127,61,0,2,0,0,0,0,0,0,0,0,1,1,0,45,0,0,84,538.6,1.64,2,2,1,1,0,0,,0,0,0,0,0,0,0,0.0,0.0
baseline,baseline_287,1595460817,standard,12,fixed,5,1,0,1,2055.0,1905.0,150.0,150.0,0.0,127,127,0,0,0,0,0,1,0,0,0,0,0,0,0,0,0,0,84,150.0,0.46,2,2,1,1,0,0,,0,0,0,0,0,0,0,0.0,0.0
baseline,baseline_288,1595470790,standard,12,fixed,5,1,0,1,2083.6,1015.5,1068.1,148.6,309.5,127,47,0,2,0,0,2,0,0,0,0,3,1,1,0,55,0,0,84,538.1,1.64,2,2,1,1,0,0,,0,0,0,0,0,0,0,0.0,0.0
baseline,baseline_289,1595480763,standard,12,fixed,5,1,0,1,-710.0,-4769.5,4059.5,760.0,309.5,44,47,110,235,0,0,23,7,1,0,10,3,23,23,22,27,0,0,84,1149.5,3.51,3,2,2,1,0,0,,0,0,0,0,1,0,0,0.0,0.0
baseline,baseline_290,1595490736,standard,12,fixed,5,1,0,1,2213.6,560.0,1653.6,148.6,230.0,127,39,0,25,0,54,0,0,0,0,0,10,14,14,13,48,0,0,84,618.6,1.89,2,3,1,1,0,0,,0,0,0,0,0,0,0,0.0,0.0
baseline,baseline_291,1595500709,standard,12,fixed,5,1,0,1,2251.6,1920.0,331.6,116.6,610.0,125,99,0,25,0,2,0,0,0,0,0,10,24,24,23,28,0,0,84,726.6,2.22,2,3,1,6,0,0,,0,0,0,0,0,0,0,0.0,0.0
baseline,baseline_292,1595510682,standard,12,fixed,5,1,0,2,2195.0,2791.5,-596.5,150.0,221.5,127,171,0,18,0,0,2,0,0,0,10,0,17,17,17,36,0,0,84,601.5,1.84,2,3,1,1,0,0,,0,0,0,0,0,0,0,0.0,0.0
baseline,baseline_293,1595520655,standard,12,fixed,5,1,0,2,1648.0,2284.5,-636.5,690.0,149.5,79,127,26,0,4,0,0,6,0,0,19,10,24,24,23,25,0,0,84,839.5,2.56,3,2,5,1,0,0,,0,0,0,0,0,0,0,0.0,0.0
baseline,baseline_294,1595530628,standard,12,fixed,5,1,0,2,1635.0,2285.0,-650.0,380.0,150.0,99,125,26,0,2,0,0,0,0,0,20,0,24,24,23,25,0,0,84,530.0,1.62,3,2,7,1,0,0,,0,0,0,0,0,0,0,0.0,0.0
baseline,baseline_295,1595540601,standard,12,fixed,5,1,0,1,2055.0,625.0,1430.0,0.0,310.0,127,41,0,25,0,66,1,0,0,0,0,10,13,12,12,15,0,0,84,540.0,1.65,2,3,1,1,0,0,,0,0,0,0,0,0,0,0.0,0.0
baseline,baseline_296,1595550574,standard,12,fixed,5,1,0,1,2284.5,1770.0,514.5,149.5,460.0,125,99,0,25,0,4,0,0,0,0,0,10,24,24,23,28,0,0,84,609.5,1.86,2,3,1,6,0,0,,0,0,0,0,0,0,0,0.0,0.0
baseline,baseline_297,1595560547,standard,12,fixed,5,1,0,2,815.5,1935.0,-1119.5,309.5,0.0,47,127,10,0,0,0,0,1,0,0,3,0,1,1,0,47,0,0,84,389.5,1.19,2,2,1,1,0,0,,0,0,0,0,0,0,0,0.0,0.0
baseline,baseline_298,1595570520,standard,12,fixed,5,1,0,2,-4102.0,-2312.0,-1790.0,230.0,80.0,74,161,227,204,28,3,0,18,0,0,9,9,12,6,5,72,3,0,84,710.0,2.17,4,3,2,1,0,0,,0,0,0,0,0,0,0,0.0,0.0
baseline,baseline_299,1595580493,standard,12,fixed,5,1,0,1,2651.2,2135.0,516.2,226.2,150.0,171,127,19,0,0,0,0,2,0,0,0,10,11,11,11,29,0,0,84,606.2,1.85,3,2,1,1,0,0,,0,0,0,0,0,0,0,0.0,0.0
grid_off,grid_off_0,1592598566,standard,12,fixed,5,0,0,2,-4870.5,-338.0,-4532.5,309.5,310.0,45,153,235,121,0,0,10,0,1,0,4,11,0,0,0,0,0,0,84,929.5,2.84,2,3,1,1,0,0,,4,0,1,0,1,0,0,0.0,0.0
grid_off,grid_off_1,1592608539,standard,12,fixed,5,0,0,1,2039.0,666.0,1373.0,134.0,770.0,127,44,0,30,0,39,0,0,0,0,0,18,0,0,0,0,0,0,84,984.0,3.01,2,3,1,2,0,0,,0,0,0,0,0,0,0,0.0,0.0
grid_off,grid_off_2,1592618512,standard,12,fixed,5,0,0,1,2136.5,2023.0,113.5,221.5,118.0,171,127,29,0,0,0,0,0,0,0,0,0,0,0,0,0,0,0,84,489.5,1.50,3,2,1,1,0,0,,0,0,0,0,0,0,0,0.0,0.0
grid_off,grid_off_3,1592628485,standard,12,fixed,5,0,0,1,2181.2,2053.6,127.6,226.2,148.6,171,127,29,0,0,0,0,2,0,0,0,0,0,0,0,0,0,0,84,604.8,1.85,3,2,1,1,0,0,,0,0,0,0,0,0,0,0.0,0.0
grid_off,grid_off_4,1592638458,standard,12,fixed,5,0,0,1,2053.6,805.5,1248.1,148.6,389.5,127,55,0,16,0,0,2,0,0,0,0,3,0,0,0,0,0,0,84,538.1,1.64,2,2,1,1,0,0,,0,0,0,0,0,0,0,0.0,0.0
grid_off,grid_off_5,1592648431,standard,12,fixed,5,0,0,2,-133.2,800.0,-933.2,326.8,110.0,61,155,55,70,0,0,0,0,0,0,0,0,0,0,0,0,0,0,84,666.8,2.04,2,3,1,1,0,0,,0,0,0,0,0,0,0,0.0,0.0
grid_off,grid_off_6,1592658404,standard,12,fixed,5,0,0,1,-1950.0,-4008.9,2058.9,380.0,309.1,43,45,121,201,0,0,0,9,0,1,10,0,0,0,0,0,0,0,84,929.1,2.84,3,2,1,1,0,0,,0,4,0,1,0,0,1,0.0,0.0
grid_off,grid_off_7,1592668377,standard,12,fixed,5,0,0,1,2053.6,2020.2,33.4,148.6,115.2,127,127,0,0,0,0,2,1,0,0,0,0,0,0,0,0,0,0,84,263.8,0.81,2,2,1,1,0,0,,0,0,0,0,0,0,0,0.0,0.0
grid_off,grid_off_8,1592678350,standard,12,fixed,5,0,0,2,2025.0,2134.6,-109.6,150.0,219.6,127,171,0,29,0,0,2,0,0,0,10,0,0,0,0,0,0,0,84,519.6,1.59,2,3,1,1,0,0,,0,0,0,0,0,0,0,0.0,0.0
grid_off,grid_off_9,1592688323,standard,12,fixed,5,0,0,2,470.5,2023.0,-1552.5,309.5,150.0,47,127,23,0,0,0,0,1,0,1,3,10,0,0,0,0,0,0,84,539.5,1.65,2,2,1,1,0,0,,0,1,0,0,0,0,1,0.0,0.0
grid_off,grid_off_10,1592698296,standard,12,fixed,5,0,0,2,2020.2,2181.0,-160.8,115.2,226.2,127,171,0,29,0,0,1,0,0,0,0,0,0,0,0,0,0,0,84,570.9,1.74,2,3,1,1,0,0,,0,0,0,0,0,0,0,0.0,0.0
grid_off,grid_off_11,1592708269,standard,12,fixed,5,0,0,0,1970.8,1970.8,0.0,0.0,0.0,127,127,0,0,0,0,4,4,0,0,3,3,0,0,0,0,1,0,84,299.1,0.91,2,2,1,1,0,0,,0,0,0,0,0,0,0,0.0,0.0
grid_off,grid_off_12,1592718242,standard,12,fixed,5,0,0,1,2020.2,510.1,1510.1,115.2,389.1,127,47,0,23,0,0,1,1,0,0,0,3,0,0,0,0,0,0,84,504.2,1.54,2,2,1,1,0,0,,0,0,0,0,0,0,0,0.0,0.0
grid_off,grid_off_13,1592728215,standard,12,fixed,5,0,0,2,415.1,2038.1,-1623.0,309.1,133.1,45,127,24,0,1,0,0,0,0,0,3,0,0,0,0,0,0,0,84,522.1,1.59,2,2,1,1,0,0,,0,0,0,0,0,0,0,0.0,0.0
grid_off,grid_off_14,1592738188,standard,12,fixed,5,0,0,2,-1766.1,-1147.9,-618.1,118.9,309.1,45,61,104,96,0,0,6,0,0,0,0,4,0,0,0,0,0,0,84,588.0,1.80,2,2,1,1,0,0,,0,0,0,0,0,0,0,0.0,0.0
grid_off,grid_off_15,1592748161,standard,12,fixed,5,0,0,2,-1766.1,-1160.9,-605.1,118.9,309.1,45,61,104,97,0,0,0,0,0,0,0,0,0,0,0,0,0,0,84,588.0,1.80,2,2,1,1,0,0,,0,0,0,0,0,0,0,0.0,0.0
grid_off,grid_off_16,1592758134,standard,12,fixed,5,0,0,1,2021.6,195.0,1826.6,116.6,310.0,127,39,0,30,0,43,0,0,0,0,0,10,0,0,0,0,0,0,84,586.6,1.79,2,3,1,1,0,0,,0,0,0,0,0,0,0,0.0,0.0
grid_off,grid_off_17,1592768107,standard,12,fixed,5,0,0,0,-825.0,-825.0,0.0,0.0,0.0,127,127,111,111,0,0,4,4,0,0,10,10,0,0,0,0,1,0,84,300.0,0.92,2,2,1,1,0,0,,0,0,0,0,0,0,0,0.0,0.0
grid_off,grid_off_18,1592778080,standard,12,fixed,5,0,0,1,2141.6,2024.7,116.9,426.6,146.7,147,127,21,0,0,0,0,2,0,0,0,9,0,0,0,0,0,0,84,643.3,1.96,3,2,1,1,0,0,,0,0,0,0,0,0,0,0.0,0.0
grid_off,grid_off_19,1592788053,standard,12,fixed,5,0,0,2,2024.5,2151.1,-126.5,149.5,141.1,127,173,0,28,0,0,0,0,0,0,10,0,0,0,0,0,0,0,84,520.6,1.59,2,3,1,1,0,0,,0,0,0,0,0,0,0,0.0,0.0
grid_off,grid_off_20,1592798026,standard,12,fixed,5,0,0,2,2025.0,2053.6,-28.6,150.0,148.6,127,127,0,0,0,0,2,2,0,0,10,0,0,0,0,0,0,0,84,298.6,0.91,2,2,1,1,0,0,,0,0,0,0,0,0,0,0.0,0.0
grid_off,grid_off_21,1592807999,standard,12,fixed,5,0,0,1,-2745.0,-4290.0,1545.0,770.0,150.0,141,171,224,285,10,0,0,0,0,0,10,0,0,0,0,0,1,0,84,1160.0,3.54,3,3,2,1,0,0,,0,0,0,0,0,0,0,0.0,0.0
grid_off,grid_off_22,1592817972,standard,12,fixed,5,0,0,2,-4363.3,-2890.0,-1473.3,146.7,230.0,173,209,289,252,0,0,6,14,0,0,0,10,0,0,0,0,1,0,84,766.7,2.34,3,3,1,1,0,0,,0,0,0,0,0,0,0,0.0,0.0
grid_off,grid_off_23,1592827945,standard,12,fixed,5,0,0,2,-2664.5,-1095.0,-1569.5,469.5,310.0,55,39,158,83,0,21,0,0,0,0,3,10,0,0,0,0,0,0,84,1009.5,3.08,2,3,1,1,0,0,,0,0,0,0,0,0,0,0.0,0.0
grid_off,grid_off_24,1592837918,standard,12,fixed,5,0,0,2,-744.5,1495.1,-2239.6,389.5,300.1,55,201,78,76,0,0,1,0,0,0,3,0,0,0,0,0,0,0,84,849.6,2.60,2,3,1,1,0,0,,0,0,0,0,0,0,0,0.0,0.0
grid_off,grid_off_25,1592847891,standard,12,fixed,5,0,0,2,-2593.9,-2222.0,-371.9,141.1,460.0,173,124,218,180,0,2,11,0,0,0,0,14,0,0,0,0,1,0,84,841.1,2.57,3,3,1,4,0,0,,0,0,0,0,0,0,0,0.0,0.0
grid_off,grid_off_26,1592857864,standard,12,fixed,5,0,0,2,617.0,2023.6,-1406.6,380.0,148.6,69,125,30,0,2,0,0,2,0,0,16,0,0,0,0,0,0,0,84,528.6,1.61,3,2,3,1,0,0,,0,0,0,0,0,0,0,0.0,0.0
grid_off,grid_off_27,1592867837,standard,12,fixed,5,0,0,1,2023.6,1020.0,1003.6,148.6,690.0,125,79,0,30,0,5,1,0,0,0,0,35,0,0,0,0,0,0,84,838.6,2.56,2,3,1,5,0,0,,0,0,0,0,0,0,0,0.0,0.0
grid_off,grid_off_28,1592877810,standard,12,fixed,5,0,0,1,2053.6,2025.0,28.6,148.6,150.0,127,127,0,0,0,0,0,4,0,0,0,10,0,0,0,0,0,0,84,298.6,0.91,2,2,1,1,0,0,,0,0,0,0,0,0,0,0.0,0.0
grid_off,grid_off_29,1592887783,standard,12,fixed,5,0,0,0,-6550.5,-6550.5,0.0,229.5,229.5,32,32,292,292,5,5,1,1,1,1,0,0,0,0,0,0,4,0,84,619.1,1.89,3,3,1,1,0,0,,0,0,0,0,0,0,2,0.0,0.0
grid_off,grid_off_30,1592897756,standard,12,fixed,5,0,0,1,101.5,-4333.9,4435.4,141.5,298.1,171,61,109,223,0,0,0,0,0,0,0,4,0,0,0,0,0,0,84,759.6,2.32,3,2,1,1,0,0,,0,0,0,0,0,0,0,0.0,0.0
grid_off,grid_off_31,1592907729,standard,12,fixed,5,0,0,2,1365.5,2038.1,-672.5,389.5,133.1,63,127,0,0,0,0,0,0,0,0,3,0,0,0,0,0,0,0,84,602.6,1.84,3,2,1,1,0,0,,0,0,0,0,0,0,0,0.0,0.0
grid_off,grid_off_32,1592917702,standard,12,fixed,5,0,0,2,2020.2,2025.0,-4.8,115.2,150.0,127,127,0,0,0,0,1,4,0,0,0,10,0,0,0,0,0,0,84,265.2,0.81,2,2,1,1,0,0,,0,0,0,0,0,0,0,0.0,0.0
grid_off,grid_off_33,1592927675,standard,12,fixed,5,0,0,2,-2232.1,431.7,-2663.8,118.9,146.7,61,171,132,96,0,0,0,0,1,0,0,0,0,0,0,0,0,0,84,585.6,1.79,2,3,1,1,0,0,,3,0,0,0,0,0,1,0.0,0.0
grid_off,grid_off_34,1592937648,standard,12,fixed,5,0,0,1,1905.0,985.3,919.7,0.0,305.3,127,91,0,29,0,0,0,8,0,0,0,0,0,0,0,0,0,0,84,385.3,1.18,2,3,1,1,0,0,,0,0,0,0,0,0,0,0.0,0.0
grid_off,grid_off_35,1592947621,standard,12,fixed,5,0,0,2,740.0,1990.2,-1250.2,380.0,115.2,84,125,30,0,0,0,0,1,0,0,50,0,0,0,0,0,0,0,84,495.2,1.51,3,2,6,1,0,0,,0,0,0,0,0,0,0,0.0,0.0
grid_off,grid_off_36,1592957594,standard,12,fixed,5,0,0,1,2715.8,1988.3,727.5,305.8,113.3,201,125,29,0,0,0,0,0,0,0,0,0,0,0,0,0,0,0,84,659.1,2.01,3,2,1,1,0,0,,0,0,0,0,0,0,0,0.0,0.0
grid_off,grid_off_37,1592967567,standard,12,fixed,5,0,0,1,474.4,-742.5,1216.9,533.4,609.5,105,59,68,88,0,9,3,1,0,1,3,11,0,0,0,0,0,0,84,1292.9,3.95,3,3,1,2,0,0,,0,2,0,0,1,0,0,0.0,0.0
grid_off,grid_off_38,1592977540,standard,12,fixed,5,0,0,1,2041.8,2023.0,18.8,136.8,118.0,127,127,0,0,0,0,0,0,0,0,0,0,0,0,0,0,0,0,84,254.8,0.78,2,2,1,1,0,0,,0,0,0,0,0,0,0,0.0,0.0
grid_off,grid_off_39,1592987513,standard,12,fixed,5,0,0,1,-1070.0,-4672.9,3602.9,460.0,389.1,43,47,89,230,42,0,0,1,0,1,10,3,0,0,0,0,0,0,84,1009.1,3.08,3,2,1,1,0,0,,0,4,0,1,0,0,1,0.0,0.0
grid_off,grid_off_40,1592997486,standard,12,fixed,5,0,0,2,2025.0,2141.5,-116.5,150.0,221.5,127,171,0,29,0,0,2,0,0,0,10,0,0,0,0,0,0,0,84,531.5,1.62,2,3,1,1,0,0,,0,0,0,0,0,0,0,0.0,0.0
grid_off,grid_off_41,1593007459,standard,12,fixed,5,0,0,2,2017.8,2141.2,-123.4,112.8,226.2,127,171,0,29,0,0,0,0,0,0,0,0,0,0,0,0,0,0,84,489.1,1.49,2,3,1,1,0,0,,0,0,0,0,0,0,0,0.0,0.0
grid_off,grid_off_42,1593017432,standard,12,fixed,5,0,0,1,2053.6,2039.0,14.6,148.6,134.0,127,127,0,0,0,0,2,0,0,0,0,0,0,0,0,0,0,0,84,282.6,0.86,2,2,1,1,0,0,,0,0,0,0,0,0,0,0.0,0.0
grid_off,grid_off_43,1593027405,standard,12,fixed,5,0,0,2,2053.6,2054.5,-0.9,148.6,149.5,127,127,0,0,0,0,0,0,0,0,0,0,0,0,0,0,0,0,84,298.1,0.91,2,2,1,1,0,0,,0,0,0,0,0,0,0,0.0,0.0
grid_off,grid_off_44,1593037378,standard,12,fixed,5,0,0,1,275.0,-2542.9,2817.9,230.0,309.1,199,45,121,142,0,0,0,10,0,1,10,3,0,0,0,0,0,0,84,849.1,2.59,3,2,1,1,0,0,,0,4,0,1,0,0,1,0.0,0.0
grid_off,grid_off_45,1593047351,standard,12,fixed,5,0,0,2,2054.5,2136.5,-82.0,149.5,221.5,127,171,0,29,0,0,0,0,0,0,0,0,0,0,0,0,0,0,84,521.1,1.59,2,3,1,1,0,0,,0,0,0,0,0,0,0,0.0,0.0
grid_off,grid_off_46,1593057324,standard,12,fixed,5,0,0,1,2038.1,1135.5,902.5,133.1,469.5,127,45,0,0,0,0,0,0,0,0,0,3,0,0,0,0,0,0,84,602.6,1.84,2,2,1,1,0,0,,0,0,0,0,0,0,0,0.0,0.0
grid_off,grid_off_47,1593067297,standard,12,fixed,5,0,0,2,470.1,2055.0,-1584.9,309.1,150.0,47,127,23,0,0,0,1,0,0,0,3,0,0,0,0,0,0,0,84,539.1,1.65,2,2,1,1,0,0,,0,0,0,0,0,0,0,0.0,0.0
grid_off,grid_off_48,1593077270,standard,12,fixed,5,0,0,2,1060.0,2023.6,-963.6,760.0,148.6,75,125,30,0,13,0,0,2,0,0,25,0,0,0,0,0,0,0,84,908.6,2.78,3,2,4,1,0,0,,0,0,0,0,0,0,0,0.0,0.0
grid_off,grid_off_49,1593087243,standard,12,fixed,5,0,0,2,-6829.5,-1540.0,-5289.5,309.5,680.0,47,54,315,120,0,0,5,0,0,0,3,10,0,0,0,0,0,0,84,1069.5,3.27,2,4,1,2,0,0,,0,0,0,0,0,0,0,0.0,0.0
grid_off,grid_off_50,1593097216,standard,12,fixed,5,0,0,1,2020.2,943.0,1077.2,115.2,700.0,127,69,0,30,0,5,1,0,0,0,0,14,0,0,0,0,0,0,84,815.2,2.49,2,3,1,3,0,0,,0,0,0,0,0,0,0,0.0,0.0
grid_off,grid_off_51,1593107189,standard,12,fixed,5,0,0,1,2025.0,412.5,1612.5,150.0,309.5,127,45,0,24,0,1,2,0,0,0,10,4,0,0,0,0,0,0,84,539.5,1.65,2,2,1,1,0,0,,0,0,0,0,0,0,0,0.0,0.0
grid_off,grid_off_52,1593117162,standard,12,fixed,5,0,0,1,-2686.1,-3670.0,983.9,118.9,610.0,175,44,222,196,0,0,36,21,1,2,0,12,0,0,0,0,0,0,84,968.9,2.96,3,3,1,2,0,0,,0,2,0,0,2,0,1,0.0,0.0
grid_off,grid_off_53,1593127135,standard,12,fixed,5,0,0,1,2054.1,470.5,1583.5,149.1,309.5,127,47,0,23,0,0,1,0,0,0,0,3,0,0,0,0,0,0,84,538.6,1.64,2,2,1,1,0,0,,0,0,0,0,0,0,0,0.0,0.0
grid_off,grid_off_54,1593137108,standard,12,fixed,5,0,0,1,2681.1,1990.2,690.9,221.1,115.2,203,125,28,0,0,0,0,1,0,0,0,0,0,0,0,0,0,0,84,566.2,1.73,3,2,1,1,0,0,,0,0,0,0,0,0,0,0.0,0.0
grid_off,grid_off_55,1593147081,standard,12,fixed,5,0,0,1,2023.6,769.0,1254.6,148.6,910.0,125,44,0,30,0,0,2,0,0,0,0,17,0,0,0,0,0,0,84,1058.6,3.23,2,3,1,2,0,0,,0,0,0,0,0,0,0,0.0,0.0
grid_off,grid_off_56,1593157054,standard,12,fixed,5,0,0,1,-420.0,-5314.6,4894.6,530.0,144.4,89,57,89,254,1,0,0,0,0,1,20,0,0,0,0,0,0,0,84,754.4,2.30,3,2,6,1,0,0,,0,2,0,0,0,0,1,0.0,0.0
grid_off,grid_off_57,1593167027,standard,12,fixed,5,0,0,2,-3330.0,-2175.0,-1155.0,0.0,150.0,125,32,210,111,0,0,4,0,0,0,10,10,0,0,0,0,1,0,84,300.0,0.92,2,3,1,1,0,0,,0,0,0,0,0,0,0,0.0,0.0
grid_off,grid_off_58,1593177000,standard,12,fixed,5,0,0,2,814.1,2025.0,-1210.9,309.1,150.0,61,127,18,0,0,0,2,2,0,0,0,10,0,0,0,0,0,0,84,539.1,1.65,2,2,1,1,0,0,,0,0,0,0,0,0,0,0.0,0.0
grid_off,grid_off_59,1593186973,standard,12,fixed,5,0,0,1,1016.1,285.0,731.1,309.1,380.0,45,43,0,30,0,0,10,0,1,0,0,10,0,0,0,0,0,0,84,849.1,2.59,2,3,1,1,0,0,,4,0,1,0,0,0,1,0.0,0.0
grid_off,grid_off_60,1593196946,standard,12,fixed,5,0,0,2,147.0,2017.8,-1870.8,230.0,112.8,39,127,30,0,69,0,0,2,0,0,11,0,0,0,0,0,0,0,84,572.8,1.75,3,2,1,1,0,0,,0,0,0,0,0,0,0,0.0,0.0
grid_off,grid_off_61,1593206919,standard,12,fixed,5,0,0,2,424.1,2041.8,-1617.8,309.1,136.8,45,127,24,0,0,0,0,0,0,0,0,0,0,0,0,0,0,0,84,525.9,1.61,2,2,1,1,0,0,,0,0,0,0,0,0,0,0.0,0.0
grid_off,grid_off_62,1593216892,standard,12,fixed,5,0,0,1,2038.1,1969.6,68.4,133.1,0.0,127,127,0,0,0,0,0,0,0,0,0,0,0,0,0,0,0,0,84,262.4,0.80,2,2,1,1,0,0,,0,0,0,0,0,0,0,0.0,0.0
grid_off,grid_off_63,1593226865,standard,12,fixed,5,0,0,1,-60.0,-4068.5,4008.5,310.0,309.5,171,45,121,203,0,0,0,10,0,1,10,4,0,0,0,0,0,0,84,939.5,2.87,3,2,1,1,0,0,,0,3,0,0,1,0,0,0.0,0.0
grid_off,grid_off_64,1593236838,standard,12,fixed,5,0,0,2,155.0,2023.9,-1868.9,230.0,118.9,39,127,30,0,67,0,0,0,0,0,10,0,0,0,0,0,0,0,84,588.9,1.80,3,2,1,1,0,0,,0,0,0,0,0,0,0,0.0,0.0
grid_off,grid_off_65,1593246811,standard,12,fixed,5,0,0,2,1460.5,2020.2,-559.6,389.5,115.2,73,127,2,0,0,0,0,1,0,0,3,0,0,0,0,0,0,0,84,574.7,1.76,3,2,1,1,0,0,,0,0,0,0,0,0,0,0.0,0.0
grid_off,grid_off_66,1593256784,standard,12,fixed,5,0,0,2,1016.1,2181.2,-1165.2,309.1,226.2,45,171,0,29,0,0,10,0,1,0,0,0,0,0,0,0,0,0,84,845.3,2.58,2,3,1,1,0,0,,4,0,1,0,0,0,1,0.0,0.0
grid_off,grid_off_67,1593266757,standard,12,fixed,5,0,0,1,464.6,-3047.5,3512.1,219.6,389.5,171,47,96,165,0,0,0,2,0,1,0,3,0,0,0,0,0,0,84,769.2,2.35,3,2,1,1,0,0,,0,4,0,1,1,0,0,0.0,0.0
grid_off,grid_off_68,1593276730,standard,12,fixed,5,0,0,2,-3847.5,199.2,-4046.6,389.5,139.2,47,171,197,105,0,0,1,0,1,0,3,0,0,0,0,0,0,0,84,768.7,2.35,2,3,1,1,0,0,,4,0,1,0,0,0,1,0.0,0.0
grid_off,grid_off_69,1593286703,standard,12,fixed,5,0,0,2,1991.6,2749.2,-757.6,116.6,379.2,125,201,0,29,0,0,0,0,0,0,0,0,0,0,0,0,0,0,84,655.8,2.00,2,3,1,1,0,0,,0,0,0,0,0,0,0,0.0,0.0
grid_off,grid_off_70,1593296676,standard,12,fixed,5,0,0,1,2025.0,789.0,1236.0,150.0,840.0,127,49,0,30,0,0,3,0,0,0,10,12,0,0,0,0,0,0,84,990.0,3.02,2,3,1,2,0,0,,0,0,0,0,0,0,0,0.0,0.0
grid_off,grid_off_71,1593306649,standard,12,fixed,5,0,0,1,2024.7,653.9,1370.8,146.7,118.9,127,63,0,18,0,0,1,0,0,0,9,0,0,0,0,0,0,0,84,345.6,1.06,2,2,1,1,0,0,,0,0,0,0,0,0,0,0.0,0.0
grid_off,grid_off_72,1593316622,standard,12,fixed,5,0,0,2,2025.0,2755.6,-730.6,150.0,290.6,125,203,0,28,0,0,0,0,0,0,0,0,0,0,0,0,0,0,84,680.6,2.08,2,3,1,1,0,0,,0,0,0,0,0,0,0,0.0,0.0
grid_off,grid_off_73,1593326595,standard,12,fixed,5,0,0,2,542.0,1905.0,-1363.0,680.0,0.0,44,127,30,0,0,0,0,0,0,0,16,0,0,0,0,0,0,0,84,680.0,2.08,3,2,2,1,0,0,,0,0,0,0,0,0,0,0.0,0.0
grid_off,grid_off_74,1593336568,standard,12,fixed,5,0,0,2,424.1,2017.7,-1593.6,309.1,114.7,45,127,24,0,0,0,0,4,0,1,0,0,0,0,0,0,0,0,84,503.8,1.54,2,2,1,1,0,0,,0,1,0,0,0,0,1,0.0,0.0
grid_off,grid_off_75,1593346541,standard,12,fixed,5,0,0,1,-4248.0,-5820.4,1572.4,850.0,139.6,69,203,244,365,12,0,0,15,0,0,21,0,0,0,0,0,1,0,84,1289.6,3.94,3,3,4,1,0,0,,0,0,0,0,0,0,0,0.0,0.0
grid_off,grid_off_76,1593356514,standard,12,fixed,5,0,0,1,2015.7,764.1,1251.6,114.7,309.1,127,61,0,20,0,0,2,0,2,0,0,0,0,0,0,0,0,0,84,503.8,1.54,2,2,1,1,0,0,,2,0,0,0,0,0,2,0.0,0.0
grid_off,grid_off_77,1593366487,standard,12,fixed,5,0,0,2,792.5,1905.0,-1112.5,389.5,0.0,61,127,20,0,1,0,0,1,0,0,4,0,0,0,0,0,0,0,84,389.5,1.19,2,2,1,1,0,0,,0,0,0,0,0,0,0,0.0,0.0
grid_off,grid_off_78,1593376460,standard,12,fixed,5,0,0,2,1064.1,2042.8,-978.7,309.1,137.8,61,127,8,0,0,0,10,3,0,0,0,0,0,0,0,0,0,0,84,526.8,1.61,2,2,1,1,0,0,,0,0,0,0,0,0,0,0.0,0.0
grid_off,grid_off_79,1593386433,standard,12,fixed,5,0,0,2,-4265.0,-3163.3,-1101.7,390.0,146.7,39,173,213,241,62,0,6,0,0,0,10,0,0,0,0,0,1,0,84,1006.7,3.07,3,3,1,1,0,0,,0,0,0,0,0,0,0,0.0,0.0
grid_off,grid_off_80,1593396406,standard,12,fixed,5,0,0,1,-6720.0,-6872.0,152.0,460.0,310.0,32,32,308,308,33,33,9,10,0,1,0,0,0,0,0,0,5,0,84,930.0,2.84,3,3,1,1,0,0,,0,1,0,0,1,0,0,0.0,0.0
grid_off,grid_off_81,1593406379,standard,12,fixed,5,0,0,2,-4793.0,-1445.0,-3348.0,340.0,380.0,35,41,226,101,0,43,15,0,1,0,0,10,0,0,0,0,0,0,84,950.0,2.90,2,3,1,1,0,0,,4,0,1,0,1,0,0,0.0,0.0
grid_off,grid_off_82,1593416352,standard,12,fixed,5,0,0,1,2161.9,2025.0,136.9,198.9,150.0,159,127,20,0,0,0,8,1,1,0,0,10,0,0,0,0,0,0,84,508.9,1.55,3,2,1,1,0,0,,1,0,0,0,1,0,0,0.0,0.0
grid_off,grid_off_83,1593426325,standard,12,fixed,5,0,0,2,764.1,2053.6,-1289.5,309.1,148.6,61,127,20,0,0,0,0,0,0,0,0,0,0,0,0,0,0,0,84,537.6,1.64,2,2,1,1,0,0,,0,0,0,0,0,0,0,0.0,0.0
grid_off,grid_off_84,1593436298,standard,12,fixed,5,0,0,2,-8079.5,-2514.0,-5565.5,309.5,380.0,47,45,365,146,0,7,3,3,0,1,3,10,0,0,0,0,0,0,84,999.5,3.05,2,3,1,1,0,0,,0,2,0,0,1,0,0,0.0,0.0
grid_off,grid_off_85,1593446271,standard,12,fixed,5,0,0,2,-4879.5,-153.5,-4726.0,309.5,141.5,47,171,237,119,0,0,5,0,0,0,3,0,0,0,0,0,0,0,84,761.1,2.32,2,3,1,1,0,0,,0,0,0,0,0,0,0,0.0,0.0
grid_off,grid_off_86,1593456244,standard,12,fixed,5,0,0,1,-2103.0,-5179.5,3076.5,230.0,309.5,39,47,120,249,0,0,3,6,0,0,11,3,0,0,0,0,0,0,84,849.5,2.59,3,2,1,1,0,0,,0,0,0,0,0,0,0,0.0,0.0
grid_off,grid_off_87,1593466217,standard,12,fixed,5,0,0,1,-750.0,-5229.9,4479.9,230.0,309.1,129,47,120,251,0,0,5,7,0,0,10,3,0,0,0,0,0,0,84,849.1,2.59,3,2,1,1,0,0,,0,0,0,0,0,0,0,0.0,0.0
grid_off,grid_off_88,1593476190,standard,12,fixed,5,0,0,1,2025.0,424.1,1600.9,150.0,309.1,127,45,0,24,0,0,1,1,0,0,10,0,0,0,0,0,0,0,84,539.1,1.65,2,2,1,1,0,0,,0,0,0,0,0,0,0,0.0,0.0
grid_off,grid_off_89,1593486163,standard,12,fixed,5,0,0,2,1110.5,2038.1,-927.5,389.5,133.1,73,127,16,0,0,0,0,0,0,0,3,0,0,0,0,0,0,0,84,592.6,1.81,3,2,1,1,0,0,,0,0,0,0,0,0,0,0.0,0.0
grid_off,grid_off_90,1593496136,standard,12,fixed,5,0,0,2,-804.2,-795.2,-9.0,0.0,0.0,127,127,111,111,0,0,4,4,0,0,3,0,0,0,0,0,1,0,84,299.1,0.91,2,2,1,1,0,0,,0,0,0,0,0,0,0,0.0,0.0
grid_off,grid_off_91,1593506109,standard,12,fixed,5,0,0,1,2025.0,929.6,1095.4,150.0,458.6,127,61,0,19,0,0,1,0,0,0,10,3,0,0,0,0,0,0,84,688.6,2.10,2,2,1,1,0,0,,0,0,0,0,0,0,0,0.0,0.0
grid_off,grid_off_92,1593516082,standard,12,fixed,5,0,0,2,1905.0,2023.0,-118.0,0.0,150.0,127,127,0,0,0,0,0,1,0,1,0,10,0,0,0,0,0,0,84,150.0,0.46,2,2,1,1,0,0,,0,1,0,0,0,0,1,0.0,0.0
grid_off,grid_off_93,1593526055,standard,12,fixed,5,0,0,1,2186.2,2039.4,146.9,226.2,136.4,171,127,29,0,0,0,0,1,0,1,0,0,0,0,0,0,0,0,84,602.6,1.84,3,2,1,1,0,0,,0,1,0,0,0,0,1,0.0,0.0
grid_off,grid_off_94,1593536028,standard,12,fixed,5,0,0,1,-758.0,-4780.9,4022.9,830.0,309.1,59,61,97,241,2,0,2,1,0,1,16,4,0,0,0,0,0,0,84,1219.1,3.72,3,2,3,1,0,0,,0,4,0,1,0,1,0,0.0,0.0
grid_off,grid_off_95,1593546001,standard,12,fixed,5,0,0,2,811.0,1995.0,-1184.0,460.0,150.0,79,125,30,0,2,0,0,2,0,0,28,10,0,0,0,0,0,0,84,610.0,1.86,3,2,4,1,0,0,,0,0,0,0,0,0,0,0.0,0.0
grid_off,grid_off_96,1593555974,standard,12,fixed,5,0,0,1,1978.1,928.0,1050.1,309.1,620.0,125,76,8,31,0,4,0,0,1,0,0,19,0,0,0,0,0,0,84,929.1,2.84,2,4,1,4,0,0,,3,0,0,0,1,0,0,0.0,0.0
grid_off,grid_off_97,1593565947,standard,12,fixed,5,0,0,1,2042.8,2041.8,0.9,137.8,136.8,127,127,0,0,0,0,1,0,0,0,0,0,0,0,0,0,0,0,84,274.6,0.84,2,2,1,1,0,0,,0,0,0,0,0,0,0,0.0,0.0
grid_off,grid_off_98,1593575920,standard,12,fixed,5,0,0,2,811.0,2008.1,-1197.1,610.0,133.1,69,125,30,0,4,0,0,0,0,0,28,0,0,0,0,0,0,0,84,743.1,2.27,3,2,4,1,0,0,,0,0,0,0,0,0,0,0.0,0.0
grid_off,grid_off_99,1593585893,standard,12,fixed,5,0,0,2,1158.0,1875.0,-717.0,770.0,0.0,79,125,30,0,40,0,0,1,0,0,29,0,0,0,0,0,0,0,84,850.0,2.60,3,2,4,1,0,0,,0,0,0,0,0,0,0,0.0,0.0
grid_off,grid_off_100,1593595866,standard,12,fixed,5,0,0,0,-825.0,-825.0,0.0,0.0,0.0,127,127,111,111,0,0,4,4,0,0,10,10,0,0,0,0,1,0,84,300.0,0.92,2,2,1,1,0,0,,0,0,0,0,0,0,0,0.0,0.0
grid_off,grid_off_101,1593605839,standard,12,fixed,5,0,0,1,-120.4,-4933.9,4813.6,139.6,309.1,173,45,119,238,0,0,3,10,0,1,0,0,0,0,0,0,0,0,84,768.7,2.35,3,2,1,1,0,0,,0,4,0,1,0,0,1,0.0,0.0
grid_off,grid_off_102,1593615812,standard,12,fixed,5,0,0,1,-775.0,-3119.9,2344.9,610.0,389.1,49,55,83,173,0,0,4,0,0,0,15,3,0,0,0,0,0,0,84,999.1,3.05,3,2,2,1,0,0,,0,0,0,0,0,0,0,0.0,0.0
grid_off,grid_off_103,1593625785,standard,12,fixed,5,0,0,2,-5654.5,-2824.0,-2830.5,309.5,230.0,47,39,268,149,0,7,5,4,0,1,3,10,0,0,0,0,0,0,84,859.5,2.63,2,3,1,1,0,0,,0,2,0,0,1,0,0,0.0,0.0
grid_off,grid_off_104,1593635758,standard,12,fixed,5,0,0,2,-540.9,1419.2,-1960.1,469.1,299.2,61,191,77,73,0,0,1,0,0,0,0,0,0,0,0,0,0,0,84,928.2,2.84,2,3,1,1,0,0,,0,0,0,0,0,0,0,0.0,0.0
grid_off,grid_off_105,1593645731,standard,12,fixed,5,0,0,1,2024.7,699.0,1325.7,146.7,840.0,127,44,0,30,0,0,1,0,0,0,9,17,0,0,0,0,0,0,84,986.7,3.01,2,3,1,2,0,0,,0,0,0,0,0,0,0,0.0,0.0
grid_off,grid_off_106,1593655704,standard,12,fixed,5,0,0,2,-5179.9,257.0,-5436.9,309.1,230.0,47,199,249,120,0,0,7,4,0,0,3,11,0,0,0,0,0,0,84,769.1,2.35,2,3,1,1,0,0,,0,0,0,0,0,0,0,0.0,0.0
grid_off,grid_off_107,1593665677,standard,12,fixed,5,0,0,2,-5654.9,-2824.0,-2830.9,309.1,230.0,47,39,268,149,0,7,5,6,0,1,3,10,0,0,0,0,0,0,84,859.1,2.62,2,3,1,1,0,0,,0,2,0,0,1,0,0,0.0,0.0
grid_off,grid_off_108,1593675650,standard,12,fixed,5,0,0,2,805.1,2204.1,-1399.0,389.1,299.1,55,127,16,0,0,0,0,0,0,0,3,0,0,0,0,0,0,0,84,688.1,2.10,2,2,1,1,0,0,,0,0,0,0,0,0,0,0.0,0.0
grid_off,grid_off_109,1593685623,standard,12,fixed,5,0,0,2,1079.1,2038.1,-959.0,389.1,133.1,61,127,9,0,0,0,0,0,0,0,0,0,0,0,0,0,0,0,84,522.1,1.59,2,2,1,1,0,0,,0,0,0,0,0,0,0,0.0,0.0
grid_off,grid_off_110,1593695596,standard,12,fixed,5,0,0,2,639.0,2017.4,-1378.4,690.0,112.4,49,127,30,0,0,0,0,0,0,0,12,0,0,0,0,0,0,0,84,802.4,2.45,3,2,2,1,0,0,,0,0,0,0,0,0,0,0.0,0.0
grid_off,grid_off_111,1593705569,standard,12,fixed,5,0,0,2,1905.0,2017.4,-112.4,0.0,112.4,127,127,0,0,0,0,0,0,0,0,0,0,0,0,0,0,0,0,84,112.4,0.34,2,2,1,1,0,0,,0,0,0,0,0,0,0,0.0,0.0
grid_off,grid_off_112,1593715542,standard,12,fixed,5,0,0,2,-4060.9,-350.0,-3710.9,309.1,230.0,61,139,213,110,0,0,0,0,0,0,0,10,0,0,0,0,0,0,84,849.1,2.59,2,3,1,1,0,0,,0,0,0,0,0,0,0,0.0,0.0
grid_off,grid_off_113,1593725515,standard,12,fixed,5,0,0,2,2038.1,2054.5,-16.5,133.1,149.5,127,127,0,0,0,0,0,0,0,0,0,0,0,0,0,0,0,0,84,282.6,0.86,2,2,1,1,0,0,,0,0,0,0,0,0,0,0.0,0.0
grid_off,grid_off_114,1593735488,standard,12,fixed,5,0,0,2,510.5,1950.0,-1439.5,389.5,0.0,47,127,23,0,0,0,0,0,0,0,3,10,0,0,0,0,0,0,84,539.5,1.65,2,2,1,1,0,0,,0,0,0,0,0,0,0,0.0,0.0
grid_off,grid_off_115,1593745461,standard,12,fixed,5,0,0,2,775.0,2053.6,-1278.6,910.0,148.6,44,127,30,0,0,0,0,0,0,0,15,0,0,0,0,0,0,0,84,1058.6,3.23,3,2,2,1,0,0,,0,0,0,0,0,0,0,0.0,0.0
grid_off,grid_off_116,1593755434,standard,12,fixed,5,0,0,1,2020.2,375.0,1645.2,115.2,390.0,127,43,0,30,0,75,1,0,0,0,0,10,0,0,0,0,0,0,84,745.2,2.28,2,3,1,1,0,0,,0,0,0,0,0,0,0,0.0,0.0
grid_off,grid_off_117,1593765407,standard,12,fixed,5,0,0,2,-4568.9,-4360.0,-208.9,141.1,310.0,203,123,315,264,0,2,53,3,1,0,0,10,0,0,0,0,1,0,84,921.1,2.81,3,3,1,1,0,0,,0,0,0,0,1,0,0,0.0,0.0
grid_off,grid_off_118,1593775380,standard,12,fixed,5,0,0,2,2013.9,2024.7,-10.8,198.9,146.7,159,127,26,0,0,0,26,1,0,0,0,9,0,0,0,0,0,0,84,505.6,1.54,3,2,1,1,0,0,,0,0,0,0,0,0,0,0.0,0.0
grid_off,grid_off_119,1593785353,standard,12,fixed,5,0,0,2,415.1,2025.0,-1609.9,309.1,150.0,45,127,24,0,1,0,1,3,0,0,3,10,0,0,0,0,0,0,84,539.1,1.65,2,2,1,1,0,0,,0,0,0,0,0,0,0,0.0,0.0
grid_off,grid_off_120,1593795326,standard,12,fixed,5,0,0,1,-795.5,-796.2,0.7,0.0,0.0,127,127,111,111,0,0,4,4,0,0,0,0,0,0,0,0,1,0,84,296.7,0.91,2,2,1,1,0,0,,0,0,0,0,0,0,0,0.0,0.0
grid_off,grid_off_121,1593805299,standard,12,fixed,5,0,0,1,2054.5,510.5,1544.0,149.5,389.5,127,47,0,23,0,0,0,0,0,0,0,3,0,0,0,0,0,0,84,539.1,1.65,2,2,1,1,0,0,,0,0,0,0,0,0,0,0.0,0.0
grid_off,grid_off_122,1593815272,standard,12,fixed,5,0,0,1,2023.0,415.1,1607.9,118.0,309.1,127,45,0,24,0,1,0,1,0,0,0,3,0,0,0,0,0,0,84,507.1,1.55,2,2,1,1,0,0,,0,0,0,0,0,0,0,0.0,0.0
grid_off,grid_off_123,1593825245,standard,12,fixed,5,0,0,1,1994.7,808.0,1186.7,146.7,610.0,125,69,0,30,0,4,1,0,0,0,9,29,0,0,0,0,0,0,84,756.7,2.31,2,3,1,4,0,0,,0,0,0,0,0,0,0,0.0,0.0
grid_off,grid_off_124,1593835218,standard,12,fixed,5,0,0,2,2021.6,2053.6,-32.0,116.6,148.6,127,127,0,0,0,0,0,1,0,0,0,0,0,0,0,0,0,0,84,265.2,0.81,2,2,1,1,0,0,,0,0,0,0,0,0,0,0.0,0.0
grid_off,grid_off_125,1593845191,standard,12,fixed,5,0,0,2,-4768.3,-3791.0,-977.3,146.7,910.0,171,49,304,216,0,0,0,7,0,0,0,12,0,0,0,0,1,0,84,1296.7,3.96,3,3,1,2,0,0,,0,0,0,0,0,0,0,0.0,0.0
grid_off,grid_off_126,1593855164,standard,12,fixed,5,0,0,1,2054.5,2021.6,32.9,149.5,116.6,127,127,0,0,0,0,0,0,0,0,0,0,0,0,0,0,0,0,84,266.1,0.81,2,2,1,1,0,0,,0,0,0,0,0,0,0,0.0,0.0
grid_off,grid_off_127,1593865137,standard,12,fixed,5,0,0,2,822.0,2054.1,-1232.1,620.0,149.1,59,127,30,0,63,0,0,1,0,0,16,0,0,0,0,0,0,0,84,999.1,3.05,3,2,3,1,0,0,,0,0,0,0,0,0,0,0.0,0.0
grid_off,grid_off_128,1593875110,standard,12,fixed,5,0,0,2,-4763.0,-4698.5,-64.5,610.0,141.5,69,191,255,313,1,0,9,6,0,0,11,0,0,0,0,0,0,0,84,991.5,3.03,3,3,2,1,0,0,,0,0,0,0,0,0,0,0.0,0.0
grid_off,grid_off_129,1593885083,standard,12,fixed,5,0,0,2,764.1,2020.2,-1256.1,309.1,115.2,61,127,20,0,0,0,0,1,0,0,0,0,0,0,0,0,0,0,84,504.2,1.54,2,2,1,1,0,0,,0,0,0,0,0,0,0,0.0,0.0
grid_off,grid_off_130,1593895056,standard,12,fixed,5,0,0,1,-1458.0,-5929.9,4471.9,540.0,309.1,69,47,120,279,0,0,17,6,0,0,11,3,0,0,0,0,0,0,84,929.1,2.84,3,2,2,1,0,0,,0,0,0,0,0,0,0,0.0,0.0
grid_off,grid_off_131,1593905029,standard,12,fixed,5,0,0,2,150.0,1905.0,-1755.0,230.0,0.0,39,127,30,0,67,0,0,1,0,0,10,0,0,0,0,0,0,0,84,460.0,1.40,3,2,1,1,0,0,,0,0,0,0,0,0,0,0.0,0.0
grid_off,grid_off_132,1593915002,standard,12,fixed,5,0,0,1,2054.5,510.5,1544.0,149.5,389.5,127,47,0,23,0,0,0,0,0,0,0,3,0,0,0,0,0,0,84,539.1,1.65,2,2,1,1,0,0,,0,0,0,0,0,0,0,0.0,0.0
grid_off,grid_off_133,1593924975,standard,12,fixed,5,0,0,1,2021.6,860.0,1161.6,116.6,620.0,127,68,0,30,0,19,0,0,0,0,0,10,0,0,0,0,0,0,84,736.6,2.25,2,4,1,3,0,0,,0,0,0,0,0,0,0,0.0,0.0
grid_off,grid_off_134,1593934948,standard,12,fixed,5,0,0,1,2041.8,2025.0,16.8,136.8,150.0,127,127,0,0,0,0,0,2,0,0,0,10,0,0,0,0,0,0,84,286.8,0.88,2,2,1,1,0,0,,0,0,0,0,0,0,0,0.0,0.0
grid_off,grid_off_135,1593944921,standard,12,fixed,5,0,0,1,2021.6,230.0,1791.6,116.6,310.0,127,39,0,30,0,67,0,0,0,0,0,10,0,0,0,0,0,0,84,656.6,2.01,2,3,1,1,0,0,,0,0,0,0,0,0,0,0.0,0.0
grid_off,grid_off_136,1593954894,standard,12,fixed,5,0,0,2,1048.0,1875.0,-827.0,700.0,0.0,79,125,30,0,4,0,0,1,0,0,29,0,0,0,0,0,0,0,84,700.0,2.14,3,2,4,1,0,0,,0,0,0,0,0,0,0,0.0,0.0
grid_off,grid_off_137,1593964867,standard,12,fixed,5,0,0,1,2025.0,455.0,1570.0,150.0,460.0,127,49,0,30,0,44,2,0,0,0,10,10,0,0,0,0,0,0,84,690.0,2.11,2,3,1,2,0,0,,0,0,0,0,0,0,0,0.0,0.0
grid_off,grid_off_138,1593974840,standard,12,fixed,5,0,0,1,2054.5,2017.4,37.2,149.5,112.4,127,127,0,0,0,0,0,0,0,0,0,0,0,0,0,0,0,0,84,261.9,0.80,2,2,1,1,0,0,,0,0,0,0,0,0,0,0.0,0.0
grid_off,grid_off_139,1593984813,standard,12,fixed,5,0,0,1,2041.8,805.1,1236.8,136.8,389.1,127,55,0,16,0,0,0,1,0,0,0,3,0,0,0,0,0,0,84,525.9,1.61,2,2,1,1,0,0,,0,0,0,0,0,0,0,0.0,0.0
grid_off,grid_off_140,1593994786,standard,12,fixed,5,0,0,1,-2148.0,-5355.0,3207.0,150.0,0.0,32,125,111,291,0,0,4,4,0,0,1,10,0,0,0,0,1,0,84,300.0,0.92,3,2,1,1,0,0,,0,0,0,0,0,0,0,0.0,0.0
grid_off,grid_off_141,1594004759,standard,12,fixed,5,0,0,1,2054.5,2025.0,29.5,149.5,150.0,127,127,0,0,0,0,0,2,0,0,0,10,0,0,0,0,0,0,84,299.5,0.91,2,2,1,1,0,0,,0,0,0,0,0,0,0,0.0,0.0
grid_off,grid_off_142,1594014732,standard,12,fixed,5,0,0,2,1905.0,2053.6,-148.6,0.0,148.6,127,127,0,0,0,0,0,0,0,0,0,0,0,0,0,0,0,0,84,148.6,0.45,2,2,1,1,0,0,,0,0,0,0,0,0,0,0.0,0.0
grid_off,grid_off_143,1594024705,standard,12,fixed,5,0,0,2,1098.0,1993.0,-895.0,690.0,118.0,81,125,30,0,2,0,0,0,0,0,19,0,0,0,0,0,0,0,84,808.0,2.47,4,2,4,1,0,0,,0,0,0,0,0,0,0,0.0,0.0
grid_off,grid_off_144,1594034678,standard,12,fixed,5,0,0,1,1905.0,510.5,1394.5,0.0,389.5,127,47,0,23,0,0,0,0,0,0,0,3,0,0,0,0,0,0,84,389.5,1.19,2,2,1,1,0,0,,0,0,0,0,0,0,0,0.0,0.0
grid_off,grid_off_145,1594044651,standard,12,fixed,5,0,0,1,150.0,-5179.5,5329.5,230.0,309.5,189,47,120,249,0,0,8,6,0,0,10,3,0,0,0,0,0,0,84,849.5,2.59,3,2,1,1,0,0,,0,0,0,0,0,0,0,0.0,0.0
grid_off,grid_off_146,1594054624,standard,12,fixed,5,0,0,0,-795.0,-795.0,0.0,0.0,0.0,127,127,111,111,0,0,4,4,0,0,0,0,0,0,0,0,1,0,84,300.0,0.92,2,2,1,1,0,0,,0,0,0,0,0,0,0,0.0,0.0
grid_off,grid_off_147,1594064597,standard,12,fixed,5,0,0,1,2042.8,470.1,1572.7,137.8,309.1,127,47,0,23,0,0,1,1,0,0,0,3,0,0,0,0,0,0,84,526.8,1.61,2,2,1,1,0,0,,0,0,0,0,0,0,0,0.0,0.0
grid_off,grid_off_148,1594074570,standard,12,fixed,5,0,0,1,-4936.0,-5103.5,167.5,690.0,141.5,49,171,253,317,0,0,0,0,0,0,12,0,0,0,0,0,0,0,84,1061.5,3.24,3,3,2,1,0,0,,0,0,0,0,0,0,0,0.0,0.0
grid_off,grid_off_149,1594084543,standard,12,fixed,5,0,0,1,295.6,-4979.9,5275.5,140.6,309.1,201,47,119,241,0,0,10,7,0,0,0,3,0,0,0,0,0,0,84,759.6,2.32,3,2,1,1,0,0,,0,0,0,0,0,0,0,0.0,0.0
grid_off,grid_off_150,1594094516,standard,12,fixed,5,0,0,2,-5425.4,-4147.0,-1278.4,139.6,610.0,171,109,330,254,0,3,0,4,0,0,0,14,0,0,0,0,0,0,84,989.6,3.02,3,3,1,4,0,0,,0,0,0,0,0,0,0,0.0,0.0
grid_off,grid_off_151,1594104489,standard,12,fixed,5,0,0,1,1846.7,1595.5,251.2,226.7,469.5,173,73,42,0,0,0,0,1,0,0,0,3,0,0,0,0,0,0,84,926.2,2.83,3,3,1,1,0,0,,0,0,0,0,0,0,0,0.0,0.0
grid_off,grid_off_152,1594114462,standard,12,fixed,5,0,0,2,2020.2,2023.0,-2.8,115.2,118.0,127,127,0,0,0,0,1,0,0,0,0,0,0,0,0,0,0,0,84,233.2,0.71,2,2,1,1,0,0,,0,0,0,0,0,0,0,0.0,0.0
grid_off,grid_off_153,1594124435,standard,12,fixed,5,0,0,0,1950.0,1950.0,0.0,0.0,0.0,127,127,0,0,0,0,4,4,0,0,10,10,0,0,0,0,1,0,84,300.0,0.92,2,2,1,1,0,0,,0,0,0,0,0,0,0,0.0,0.0
grid_off,grid_off_154,1594134408,standard,12,fixed,5,0,0,2,-6474.8,-2179.0,-4295.8,387.2,310.0,61,45,312,130,1,15,1,1,1,1,3,10,0,0,0,0,0,0,84,1017.2,3.11,2,3,1,1,0,0,,4,2,1,0,2,0,0,0.0,0.0
grid_off,grid_off_155,1594144381,standard,12,fixed,5,0,0,2,740.0,1990.2,-1250.2,380.0,115.2,84,125,30,0,0,0,0,1,0,0,50,0,0,0,0,0,0,0,84,495.2,1.51,3,2,6,1,0,0,,0,0,0,0,0,0,0,0.0,0.0
grid_off,grid_off_156,1594154354,standard,12,fixed,5,0,0,1,2054.5,2020.2,34.4,149.5,115.2,127,127,0,0,0,0,0,1,0,0,0,0,0,0,0,0,0,0,84,264.7,0.81,2,2,1,1,0,0,,0,0,0,0,0,0,0,0.0,0.0
grid_off,grid_off_157,1594164327,standard,12,fixed,5,0,0,1,2146.7,1905.0,241.7,226.7,0.0,171,127,29,0,0,0,0,1,0,0,0,0,0,0,0,0,0,0,84,386.7,1.18,3,2,1,1,0,0,,0,0,0,0,0,0,0,0.0,0.0
grid_off,grid_off_158,1594174300,standard,12,fixed,5,0,0,2,1000.0,1995.0,-995.0,610.0,150.0,78,125,30,0,7,0,0,3,0,0,10,10,0,0,0,0,0,0,84,760.0,2.32,4,2,3,1,0,0,,0,0,0,0,0,0,0,0.0,0.0
grid_off,grid_off_159,1594184273,standard,12,fixed,5,0,0,2,-828.0,-825.0,-3.0,0.0,0.0,127,127,111,111,0,0,4,4,0,0,11,10,0,0,0,0,1,0,84,300.0,0.92,2,2,1,1,0,0,,0,0,0,0,0,0,0,0.0,0.0
grid_off,grid_off_160,1594194246,standard,12,fixed,5,0,0,1,2024.7,470.1,1554.6,146.7,309.1,127,47,0,23,0,1,2,0,0,0,9,3,0,0,0,0,0,0,84,535.8,1.64,2,2,1,1,0,0,,0,0,0,0,0,0,0,0.0,0.0
grid_off,grid_off_161,1594204219,standard,12,fixed,5,0,0,1,2023.0,805.5,1217.5,118.0,389.5,127,55,0,16,0,0,0,0,0,0,0,3,0,0,0,0,0,0,84,507.5,1.55,2,2,1,1,0,0,,0,0,0,0,0,0,0,0.0,0.0
grid_off,grid_off_162,1594214192,standard,12,fixed,5,0,0,2,639.0,2020.2,-1381.2,540.0,115.2,59,127,30,0,5,0,0,2,0,0,12,0,0,0,0,0,0,0,84,655.2,2.00,3,2,3,1,0,0,,0,0,0,0,0,0,0,0.0,0.0
grid_off,grid_off_163,1594224165,standard,12,fixed,5,0,0,1,2039.5,2017.4,22.1,134.5,112.4,127,127,0,0,0,0,0,0,0,0,0,0,0,0,0,0,0,0,84,246.8,0.75,2,2,1,1,0,0,,0,0,0,0,0,0,0,0.0,0.0
grid_off,grid_off_164,1594234138,standard,12,fixed,5,0,0,1,2089.6,2054.5,35.1,209.6,149.5,171,127,29,0,0,0,0,0,0,0,0,0,0,0,0,0,0,0,84,439.2,1.34,3,2,1,1,0,0,,0,0,0,0,0,0,0,0.0,0.0
grid_off,grid_off_165,1594244111,standard,12,fixed,5,0,0,1,2053.6,345.0,1708.6,148.6,310.0,127,49,0,30,0,47,2,0,0,0,0,10,0,0,0,0,0,0,84,618.6,1.89,2,3,1,2,0,0,,0,0,0,0,0,0,0,0.0,0.0
grid_off,grid_off_166,1594254084,standard,12,fixed,5,0,0,1,2053.6,470.5,1583.1,148.6,309.5,127,47,0,23,0,0,0,0,0,0,0,3,0,0,0,0,0,0,84,538.1,1.64,2,2,1,1,0,0,,0,0,0,0,0,0,0,0.0,0.0
grid_off,grid_off_167,1594264057,standard,12,fixed,5,0,0,1,1950.0,1947.0,3.0,0.0,0.0,127,127,0,0,0,0,4,4,0,0,10,11,0,0,0,0,1,0,84,300.0,0.92,2,2,1,1,0,0,,0,0,0,0,0,0,0,0.0,0.0
grid_off,grid_off_168,1594274030,standard,12,fixed,5,0,0,1,-5765.5,-5765.9,0.5,229.5,229.1,32,32,259,259,0,0,0,0,0,0,0,0,0,0,0,0,3,0,84,458.6,1.40,3,3,1,1,0,0,,0,0,0,0,0,0,0,0.0,0.0
grid_off,grid_off_169,1594284003,standard,12,fixed,5,0,0,2,2025.0,2211.5,-186.5,150.0,291.5,127,171,0,29,0,0,3,0,0,0,10,0,0,0,0,0,0,0,84,601.5,1.84,2,3,1,1,0,0,,0,0,0,0,0,0,0,0.0,0.0
grid_off,grid_off_170,1594293976,standard,12,fixed,5,0,0,1,-123.9,-4354.9,4231.0,141.1,309.1,173,45,119,215,0,0,1,10,0,1,0,0,0,0,0,0,0,0,84,760.1,2.32,3,2,1,1,0,0,,0,2,0,0,1,0,0,0.0,0.0
grid_off,grid_off_171,1594303949,standard,12,fixed,5,0,0,2,585.0,1905.0,-1320.0,630.0,0.0,49,127,30,0,0,0,0,1,0,0,10,0,0,0,0,0,0,0,84,630.0,1.92,3,2,2,1,0,0,,0,0,0,0,0,0,0,0.0,0.0
grid_off,grid_off_172,1594313922,standard,12,fixed,5,0,0,1,1994.7,881.0,1113.7,146.7,530.0,125,79,0,30,0,4,1,0,0,0,9,28,0,0,0,0,0,0,84,676.7,2.07,2,3,1,4,0,0,,0,0,0,0,0,0,0,0.0,0.0
grid_off,grid_off_173,1594323895,standard,12,fixed,5,0,0,1,-2275.1,-2968.8,693.7,118.9,146.2,191,171,212,232,0,0,37,0,16,0,0,0,0,0,0,0,1,0,84,735.2,2.25,3,3,1,1,0,0,,37,0,1,0,1,0,15,0.0,0.0
grid_off,grid_off_174,1594333868,standard,12,fixed,5,0,0,2,2020.2,2186.7,-166.5,115.2,226.7,127,171,0,29,0,0,1,0,0,0,0,0,0,0,0,0,0,0,84,581.9,1.78,2,3,1,1,0,0,,0,0,0,0,0,0,0,0.0,0.0
grid_off,grid_off_175,1594343841,standard,12,fixed,5,0,0,2,465.0,1250.5,-785.5,470.0,389.5,49,83,30,18,44,0,0,0,0,0,10,3,0,0,0,0,0,0,84,1089.5,3.33,3,3,2,1,0,0,,0,0,0,0,0,0,0,0.0,0.0
grid_off,grid_off_176,1594353814,standard,12,fixed,5,0,0,1,2201.7,2038.1,163.6,226.7,133.1,173,127,28,0,0,0,0,0,0,0,0,0,0,0,0,0,0,0,84,519.8,1.59,3,2,1,1,0,0,,0,0,0,0,0,0,0,0.0,0.0
grid_off,grid_off_177,1594363787,standard,12,fixed,5,0,0,2,469.0,1987.7,-1518.7,610.0,114.7,44,125,30,0,0,0,0,3,0,1,17,0,0,0,0,0,0,0,84,724.7,2.21,3,2,2,1,0,0,,0,1,0,0,0,0,1,0.0,0.0
grid_off,grid_off_178,1594373760,standard,12,fixed,5,0,0,2,-807.5,-804.5,-3.1,0.0,0.0,127,127,111,111,0,0,4,4,0,0,3,3,0,0,0,0,1,0,84,292.0,0.89,2,2,1,1,0,0,,0,0,0,0,0,0,0,0.0,0.0
grid_off,grid_off_179,1594383733,standard,12,fixed,5,0,0,0,1950.0,1950.0,0.0,0.0,0.0,127,127,0,0,0,0,4,4,0,0,10,10,0,0,0,0,1,0,84,300.0,0.92,2,2,1,1,0,0,,0,0,0,0,0,0,0,0.0,0.0
grid_off,grid_off_180,1594393706,standard,12,fixed,5,0,0,2,470.1,2038.1,-1568.0,309.1,133.1,47,127,23,0,0,0,1,0,0,0,3,0,0,0,0,0,0,0,84,522.1,1.59,2,2,1,1,0,0,,0,0,0,0,0,0,0,0.0,0.0
grid_off,grid_off_181,1594403679,standard,12,fixed,5,0,0,1,-796.2,-807.5,11.4,0.0,0.0,127,127,111,111,0,0,4,4,0,0,0,3,0,0,0,0,1,0,84,290.6,0.89,2,2,1,1,0,0,,0,0,0,0,0,0,0,0.0,0.0
grid_off,grid_off_182,1594413652,standard,12,fixed,5,0,0,1,2053.6,470.5,1583.1,148.6,309.5,127,47,0,23,0,0,0,0,0,0,0,3,0,0,0,0,0,0,84,538.1,1.64,2,2,1,1,0,0,,0,0,0,0,0,0,0,0.0,0.0
grid_off,grid_off_183,1594423625,standard,12,fixed,5,0,0,2,-5281.9,-1228.0,-4053.9,309.1,230.0,45,99,252,121,0,0,9,5,1,0,0,11,0,0,0,0,0,0,84,849.1,2.59,2,3,1,1,0,0,,3,0,0,0,1,0,0,0.0,0.0
grid_off,grid_off_184,1594433598,standard,12,fixed,5,0,0,2,549.0,1993.9,-1444.9,690.0,118.9,44,125,30,0,0,0,0,0,0,0,17,0,0,0,0,0,0,0,84,808.9,2.47,3,2,2,1,0,0,,0,0,0,0,0,0,0,0.0,0.0
grid_off,grid_off_185,1594443571,standard,12,fixed,5,0,0,1,2054.1,2020.2,33.9,149.1,115.2,127,127,0,0,0,0,0,1,0,0,0,0,0,0,0,0,0,0,84,264.2,0.81,2,2,1,1,0,0,,0,0,0,0,0,0,0,0.0,0.0
grid_off,grid_off_186,1594453544,standard,12,fixed,5,0,0,2,1035.1,1950.0,-914.9,619.1,0.0,55,127,16,0,0,0,0,0,0,0,3,10,0,0,0,0,0,0,84,769.1,2.35,2,2,1,1,0,0,,0,0,0,0,0,0,0,0.0,0.0
grid_off,grid_off_187,1594463517,standard,12,fixed,5,0,0,2,792.5,2038.1,-1245.5,389.5,133.1,61,127,20,0,1,0,0,0,0,0,4,0,0,0,0,0,0,0,84,522.6,1.60,2,2,1,1,0,0,,0,0,0,0,0,0,0,0.0,0.0
grid_off,grid_off_188,1594473490,standard,12,fixed,5,0,0,2,-804.5,-804.2,-0.2,0.0,0.0,127,127,111,111,0,0,4,4,0,0,3,3,0,0,0,0,1,0,84,298.6,0.91,2,2,1,1,0,0,,0,0,0,0,0,0,0,0.0,0.0
grid_off,grid_off_189,1594483463,standard,12,fixed,5,0,0,0,1950.0,1950.0,0.0,0.0,0.0,127,127,0,0,0,0,4,4,0,0,10,10,0,0,0,0,1,0,84,300.0,0.92,2,2,1,1,0,0,,0,0,0,0,0,0,0,0.0,0.0
grid_off,grid_off_190,1594493436,standard,12,fixed,5,0,0,2,1065.0,2009.0,-944.0,840.0,134.0,58,125,26,0,0,0,0,0,0,0,10,0,0,0,0,0,0,0,84,1044.0,3.19,4,2,2,1,0,0,,0,0,0,0,0,0,0,0.0,0.0
grid_off,grid_off_191,1594503409,standard,12,fixed,5,0,0,1,-1308.0,-2403.3,1095.3,840.0,226.7,49,171,114,211,0,0,19,0,0,0,11,0,0,0,0,0,1,0,84,1226.7,3.75,3,3,2,1,0,0,,0,0,0,0,0,0,0,0.0,0.0
grid_off,grid_off_192,1594513382,standard,12,fixed,5,0,0,2,-5030.4,-2100.0,-2930.4,458.6,230.0,47,39,249,120,0,0,9,2,0,0,3,10,0,0,0,0,0,0,84,998.6,3.05,2,3,1,1,0,0,,0,0,0,0,0,0,0,0.0,0.0
grid_off,grid_off_193,1594523355,standard,12,fixed,5,0,0,1,2025.0,778.0,1247.0,150.0,910.0,127,44,0,30,0,0,2,0,0,0,10,14,0,0,0,0,0,0,84,1060.0,3.24,2,3,1,2,0,0,,0,0,0,0,0,0,0,0.0,0.0
grid_off,grid_off_194,1594533328,standard,12,fixed,5,0,0,2,150.0,2018.8,-1868.8,230.0,113.8,39,127,30,0,67,0,0,0,0,0,10,0,0,0,0,0,0,0,84,573.8,1.75,3,2,1,1,0,0,,0,0,0,0,0,0,0,0.0,0.0
grid_off,grid_off_195,1594543301,standard,12,fixed,5,0,0,2,-5760.9,640.0,-6400.9,309.1,380.0,61,195,281,110,0,0,0,0,0,0,0,10,0,0,0,0,0,0,84,999.1,3.05,2,3,1,1,0,0,,0,0,0,0,0,0,0,0.0,0.0
grid_off,grid_off_196,1594553274,standard,12,fixed,5,0,0,1,929.6,-65.9,995.5,458.6,132.1,61,33,19,29,0,0,0,13,0,1,3,0,0,0,0,0,0,0,84,750.7,2.29,2,2,1,1,0,0,,0,4,0,1,1,0,0,0.0,0.0
grid_off,grid_off_197,1594563247,standard,12,fixed,5,0,0,1,2053.6,978.6,1075.0,148.6,538.6,127,61,0,19,0,0,1,0,0,0,0,0,0,0,0,0,0,0,84,687.2,2.10,2,2,1,1,0,0,,0,0,0,0,0,0,0,0.0,0.0
grid_off,grid_off_198,1594573220,standard,12,fixed,5,0,0,2,-5804.5,-2117.0,-3687.5,309.5,460.0,47,79,274,149,0,10,9,6,0,1,3,11,0,0,0,0,0,0,84,849.5,2.59,2,3,1,2,0,0,,0,2,0,0,1,0,0,0.0,0.0
grid_off,grid_off_199,1594583193,standard,12,fixed,5,0,0,2,470.5,2054.5,-1584.0,309.5,149.5,47,127,23,0,0,0,0,0,0,0,3,0,0,0,0,0,0,0,84,539.1,1.65,2,2,1,1,0,0,,0,0,0,0,0,0,0,0.0,0.0
grid_perm,grid_perm_0,1592598566,standard,12,fixed,5,1,1,2,-2582.5,1207.0,-3789.5,309.5,310.0,45,153,145,60,0,0,0,0,0,0,4,11,1,1,0,74,0,0,84,929.5,2.84,2,3,1,1,0,0,,0,0,0,0,0,0,0,0.0,0.0
grid_perm,grid_perm_1,1592608539,standard,12,fixed,5,1,1,2,2039.0,3422.0,-1383.0,134.0,230.0,125,209,0,2,0,0,0,0,0,0,0,11,1,1,0,74,0,0,84,604.0,1.84,2,3,1,1,0,0,,0,0,0,0,0,0,0,0.0,0.0
grid_perm,grid_perm_2,1592618512,standard,12,fixed,5,1,1,1,2791.5,2053.0,738.5,141.5,118.0,171,127,2,0,0,0,0,0,0,0,0,0,1,1,0,69,0,0,84,489.5,1.50,3,2,1,1,0,0,,0,0,0,0,0,0,0,0.0,0.0
grid_perm,grid_perm_3,1592628485,standard,12,fixed,5,1,1,1,2796.2,2083.6,712.6,146.2,148.6,171,127,2,0,0,0,0,2,0,0,0,0,1,1,0,69,0,0,84,524.8,1.60,3,2,1,1,0,0,,0,0,0,0,0,0,0,0.0,0.0
grid_perm,grid_perm_4,1592638458,standard,12,fixed,5,1,1,1,2083.6,1175.5,908.1,148.6,389.5,127,55,0,2,0,0,2,0,0,0,0,3,1,1,0,55,0,0,84,538.1,1.64,2,2,1,1,0,0,,0,0,0,0,0,0,0,0.0,0.0
grid_perm,grid_perm_5,1592648431,standard,12,fixed,5,1,1,2,451.8,1895.0,-1443.2,326.8,110.0,79,155,45,27,0,0,0,0,0,0,0,0,1,1,0,63,0,0,84,736.8,2.25,3,3,1,1,0,0,,0,0,0,0,0,0,0,0.0,0.0
grid_perm,grid_perm_6,1592658404,standard,12,fixed,5,1,1,1,-445.0,-1970.9,1525.9,300.0,309.1,43,45,60,121,0,0,0,0,0,0,10,0,1,1,0,74,0,0,84,929.1,2.84,3,2,1,1,0,0,,0,0,0,0,0,0,0,0.0,0.0
grid_perm,grid_perm_7,1592668377,standard,12,fixed,5,1,1,1,2053.6,2020.2,33.4,148.6,115.2,127,127,0,0,0,0,2,1,0,0,0,0,0,0,0,0,0,0,84,263.8,0.81,2,2,1,1,0,0,,0,0,0,0,0,0,0,0.0,0.0
grid_perm,grid_perm_8,1592678350,standard,12,fixed,5,1,1,2,2055.0,2789.6,-734.6,150.0,139.6,127,171,0,2,0,0,2,0,0,0,10,0,1,1,0,69,0,0,84,519.6,1.59,2,3,1,1,0,0,,0,0,0,0,0,0,0,0.0,0.0
grid_perm,grid_perm_9,1592688323,standard,12,fixed,5,1,1,2,915.5,2053.0,-1137.5,309.5,150.0,47,127,6,0,0,0,0,1,0,1,3,10,1,1,0,51,0,0,84,539.5,1.65,2,2,1,1,0,0,,0,1,0,0,0,0,1,0.0,0.0
grid_perm,grid_perm_10,1592698296,standard,12,fixed,5,1,1,2,2050.2,2796.0,-745.8,115.2,146.2,127,171,0,2,0,0,1,0,0,0,0,0,1,1,0,69,0,0,84,490.9,1.50,2,3,1,1,0,0,,0,0,0,0,0,0,0,0.0,0.0
grid_perm,grid_perm_11,1592708269,standard,12,fixed,5,1,1,2,2000.8,2020.8,-20.0,0.0,0.0,127,127,0,0,0,0,4,4,0,0,3,3,2,1,0,82,1,0,84,299.1,0.91,2,2,1,1,0,0,,0,0,0,0,0,0,0,0.0,0.0
grid_perm,grid_perm_12,1592718242,standard,12,fixed,5,1,1,1,2050.2,1015.1,1035.1,115.2,309.1,127,47,0,2,0,0,1,1,0,0,0,3,1,1,0,55,0,0,84,504.2,1.54,2,2,1,1,0,0,,0,0,0,0,0,0,0,0.0,0.0
grid_perm,grid_perm_13,1592728215,standard,12,fixed,5,1,1,2,885.1,2068.1,-1183.0,309.1,133.1,45,127,6,0,0,0,0,0,0,0,3,0,1,1,0,52,0,0,84,522.1,1.59,2,2,1,1,0,0,,0,0,0,0,0,0,0,0.0,0.0
grid_perm,grid_perm_14,1592738188,standard,12,fixed,5,1,1,2,-371.1,107.1,-478.1,118.9,309.1,45,61,49,47,0,0,0,0,0,0,0,4,1,1,0,57,0,0,84,588.0,1.80,2,2,1,1,0,0,,0,0,0,0,0,0,0,0.0,0.0
grid_perm,grid_perm_15,1592748161,standard,12,fixed,5,1,1,2,-371.1,119.1,-490.1,118.9,309.1,45,61,49,47,0,0,0,0,0,0,0,0,1,1,0,56,0,0,84,588.0,1.80,2,2,1,1,0,0,,0,0,0,0,0,0,0,0.0,0.0
grid_perm,grid_perm_16,1592758134,standard,12,fixed,5,1,1,1,2051.6,875.0,1176.6,116.6,230.0,127,39,0,2,0,0,0,0,0,0,0,10,1,1,0,74,0,0,84,586.6,1.79,2,3,1,1,0,0,,0,0,0,0,0,0,0,0.0,0.0
grid_perm,grid_perm_17,1592768107,standard,12,fixed,5,1,1,2,-795.0,-775.0,-20.0,0.0,0.0,127,127,111,111,0,0,4,4,0,0,10,10,2,1,0,82,1,0,84,300.0,0.92,2,2,1,1,0,0,,0,0,0,0,0,0,0,0.0,0.0
grid_perm,grid_perm_18,1592778080,standard,12,fixed,5,1,1,2,1286.6,2054.7,-768.1,346.6,146.7,67,127,5,0,0,0,0,2,0,0,0,9,1,1,0,65,0,0,84,573.3,1.75,3,2,1,1,0,0,,0,0,0,0,0,0,0,0.0,0.0
grid_perm,grid_perm_19,1592788053,standard,12,fixed,5,1,1,2,2054.5,2821.1,-766.5,149.5,141.1,127,173,0,2,0,0,0,0,0,0,10,0,1,1,0,68,0,0,84,520.6,1.59,2,3,1,1,0,0,,0,0,0,0,0,0,0,0.0,0.0
grid_perm,grid_perm_20,1592798026,standard,12,fixed,5,1,1,2,2025.0,2053.6,-28.6,150.0,148.6,127,127,0,0,0,0,2,2,0,0,10,0,0,0,0,0,0,0,84,298.6,0.91,2,2,1,1,0,0,,0,0,0,0,0,0,0,0.0,0.0
grid_perm,grid_perm_21,1592807999,standard,12,fixed,5,1,1,1,-225.0,-1385.0,1160.0,770.0,150.0,141,171,124,170,1,0,0,0,0,0,10,0,1,1,0,72,1,0,84,1160.0,3.54,3,3,2,1,0,0,,0,0,0,0,0,0,0,0.0,0.0
grid_perm,grid_perm_22,1592817972,standard,12,fixed,5,1,1,2,-1208.3,305.0,-1513.3,146.7,230.0,173,209,164,125,0,0,10,10,0,0,0,10,1,1,0,74,1,0,84,766.7,2.34,3,3,1,1,0,0,,0,0,0,0,0,0,0,0.0,0.0
grid_perm,grid_perm_23,1592827945,standard,12,fixed,5,1,1,2,-229.5,225.0,-454.5,469.5,230.0,73,39,74,28,0,2,1,0,0,0,3,10,1,1,0,74,0,0,84,1009.5,3.08,3,3,1,1,0,0,,0,0,0,0,0,0,0,0.0,0.0
grid_perm,grid_perm_24,1592837918,standard,12,fixed,5,1,1,2,510.5,2845.1,-2334.6,389.5,140.1,55,201,29,18,0,0,1,0,0,0,3,0,1,1,0,61,0,0,84,769.6,2.35,2,3,1,1,0,0,,0,0,0,0,0,0,0,0.0,0.0
grid_perm,grid_perm_25,1592847891,standard,12,fixed,5,1,1,2,-1318.9,555.0,-1873.9,141.1,680.0,173,179,168,112,0,5,11,0,0,0,0,10,1,1,0,74,1,0,84,1051.1,3.21,3,3,1,4,0,0,,0,0,0,0,0,0,0,0.0,0.0
grid_perm,grid_perm_26,1592857864,standard,12,fixed,5,1,1,1,3305.0,2053.6,1251.4,230.0,148.6,209,125,5,0,0,0,0,2,0,0,10,0,1,1,0,71,0,0,84,528.6,1.61,3,2,1,1,0,0,,0,0,0,0,0,0,0,0.0,0.0
grid_perm,grid_perm_27,1592867837,standard,12,fixed,5,1,1,2,2053.6,2222.0,-168.4,148.6,230.0,125,129,0,2,0,0,1,0,0,0,0,11,1,1,0,74,0,0,84,618.6,1.89,2,3,1,1,0,0,,0,0,0,0,0,0,0,0.0,0.0
grid_perm,grid_perm_28,1592877810,standard,12,fixed,5,1,1,1,2053.6,2025.0,28.6,148.6,150.0,127,127,0,0,0,0,0,4,0,0,0,10,0,0,0,0,0,0,84,298.6,0.91,2,2,1,1,0,0,,0,0,0,0,0,0,0,0.0,0.0
grid_perm,grid_perm_29,1592887783,standard,12,fixed,5,1,1,2,-4285.5,-4265.5,-20.0,229.5,229.5,32,32,201,201,0,0,0,0,0,0,0,0,2,1,0,82,3,0,84,459.1,1.40,3,3,1,1,0,0,,0,0,0,0,0,0,0,0.0,0.0
grid_perm,grid_perm_30,1592897756,standard,12,fixed,5,1,1,1,1621.5,-1528.9,3150.4,141.5,298.1,171,61,49,112,0,0,0,0,0,0,0,4,1,1,0,69,0,0,84,759.6,2.32,3,2,1,1,0,0,,0,0,0,0,0,0,0,0.0,0.0
grid_perm,grid_perm_31,1592907729,standard,12,fixed,5,1,1,2,1365.5,2038.1,-672.5,389.5,133.1,63,127,0,0,0,0,0,0,0,0,3,0,0,0,0,0,0,0,84,602.6,1.84,3,2,1,1,0,0,,0,0,0,0,0,0,0,0.0,0.0
grid_perm,grid_perm_32,1592917702,standard,12,fixed,5,1,1,2,2020.2,2025.0,-4.8,115.2,150.0,127,127,0,0,0,0,1,4,0,0,0,10,0,0,0,0,0,0,84,265.2,0.81,2,2,1,1,0,0,,0,0,0,0,0,0,0,0.0,0.0
grid_perm,grid_perm_33,1592927675,standard,12,fixed,5,1,1,2,-421.1,1901.7,-2322.8,118.9,146.7,61,171,61,38,0,0,0,0,0,0,0,0,1,1,0,69,0,0,84,585.6,1.79,2,3,1,1,0,0,,0,0,0,0,0,0,0,0.0,0.0
grid_perm,grid_perm_34,1592937648,standard,12,fixed,5,1,1,1,1935.0,650.3,1284.7,0.0,145.3,127,33,0,2,0,0,0,16,0,0,0,0,1,1,0,69,0,0,84,225.3,0.69,2,2,1,1,0,0,,0,0,0,0,0,0,0,0.0,0.0
grid_perm,grid_perm_35,1592947621,standard,12,fixed,5,1,1,1,3255.0,2020.2,1234.8,230.0,115.2,209,125,7,0,0,0,0,1,0,0,10,0,1,1,0,69,0,0,84,495.2,1.51,3,2,1,1,0,0,,0,0,0,0,0,0,0,0.0,0.0
grid_perm,grid_perm_36,1592957594,standard,12,fixed,5,1,1,1,3250.8,2018.3,1232.5,145.8,113.3,201,125,2,0,0,0,0,0,0,0,0,0,1,1,0,69,0,0,84,499.1,1.52,3,2,1,1,0,0,,0,0,0,0,0,0,0,0.0,0.0
grid_perm,grid_perm_37,1592967567,standard,12,fixed,5,1,1,1,979.4,228.0,751.4,533.4,460.0,105,79,49,56,0,8,3,1,0,1,3,11,1,1,0,74,0,0,84,1143.4,3.49,3,3,1,2,0,0,,0,2,0,0,1,0,0,0.0,0.0
grid_perm,grid_perm_38,1592977540,standard,12,fixed,5,1,1,1,2041.8,2023.0,18.8,136.8,118.0,127,127,0,0,0,0,0,0,0,0,0,0,0,0,0,0,0,0,84,254.8,0.78,2,2,1,1,0,0,,0,0,0,0,0,0,0,0.0,0.0
grid_perm,grid_perm_39,1592987513,standard,12,fixed,5,1,1,1,-420.0,-2499.9,2079.9,300.0,309.1,43,47,59,143,0,0,0,0,0,0,10,3,1,1,0,74,0,0,84,929.1,2.84,3,2,1,1,0,0,,0,0,0,0,0,0,0,0.0,0.0
grid_perm,grid_perm_40,1592997486,standard,12,fixed,5,1,1,2,2055.0,2796.5,-741.5,150.0,141.5,127,171,0,2,0,0,2,0,0,0,10,0,1,1,0,69,0,0,84,531.5,1.62,2,3,1,1,0,0,,0,0,0,0,0,0,0,0.0,0.0
grid_perm,grid_perm_41,1593007459,standard,12,fixed,5,1,1,2,2047.8,2876.2,-828.4,112.8,226.2,127,171,0,2,0,0,0,0,0,0,0,0,1,1,0,69,0,0,84,569.1,1.74,2,3,1,1,0,0,,0,0,0,0,0,0,0,0.0,0.0
grid_perm,grid_perm_42,1593017432,standard,12,fixed,5,1,1,1,2053.6,2039.0,14.6,148.6,134.0,127,127,0,0,0,0,2,0,0,0,0,0,0,0,0,0,0,0,84,282.6,0.86,2,2,1,1,0,0,,0,0,0,0,0,0,0,0.0,0.0
grid_perm,grid_perm_43,1593027405,standard,12,fixed,5,1,1,2,2053.6,2054.5,-0.9,148.6,149.5,127,127,0,0,0,0,0,0,0,0,0,0,0,0,0,0,0,0,84,298.1,0.91,2,2,1,1,0,0,,0,0,0,0,0,0,0,0.0,0.0
grid_perm,grid_perm_44,1593037378,standard,12,fixed,5,1,1,1,1820.0,-1229.9,3049.9,230.0,309.1,199,45,60,91,0,0,0,0,0,0,10,3,1,1,0,74,0,0,84,849.1,2.59,3,2,1,1,0,0,,0,0,0,0,0,0,0,0.0,0.0
grid_perm,grid_perm_45,1593047351,standard,12,fixed,5,1,1,2,2084.5,2791.5,-707.0,149.5,141.5,127,171,0,2,0,0,0,0,0,0,0,0,1,1,0,69,0,0,84,521.1,1.59,2,3,1,1,0,0,,0,0,0,0,0,0,0,0.0,0.0
grid_perm,grid_perm_46,1593057324,standard,12,fixed,5,1,1,1,2038.1,1135.5,902.5,133.1,469.5,127,45,0,0,0,0,0,0,0,0,0,3,0,0,0,0,0,0,84,602.6,1.84,2,2,1,1,0,0,,0,0,0,0,0,0,0,0.0,0.0
grid_perm,grid_perm_47,1593067297,standard,12,fixed,5,1,1,2,915.1,2085.0,-1169.9,309.1,150.0,47,127,6,0,0,0,1,0,0,0,3,0,1,1,0,51,0,0,84,539.1,1.65,2,2,1,1,0,0,,0,0,0,0,0,0,0,0.0,0.0
grid_perm,grid_perm_48,1593077270,standard,12,fixed,5,1,1,1,2640.0,2053.6,586.4,460.0,148.6,145,125,4,0,0,0,0,2,0,0,10,0,1,1,0,72,0,0,84,838.6,2.56,3,2,1,1,0,0,,0,0,0,0,0,0,0,0.0,0.0
grid_perm,grid_perm_49,1593087243,standard,12,fixed,5,1,1,2,-2449.5,895.0,-3344.5,309.5,300.0,47,131,141,59,0,0,1,0,0,0,3,10,1,1,0,74,0,0,84,919.5,2.81,2,3,1,1,0,0,,0,0,0,0,0,0,0,0.0,0.0
grid_perm,grid_perm_50,1593097216,standard,12,fixed,5,1,1,2,2050.2,2905.0,-854.8,115.2,310.0,127,169,0,2,0,0,1,4,0,0,0,10,1,1,0,74,0,0,84,665.2,2.03,2,3,1,1,0,0,,0,0,0,0,0,0,0,0.0,0.0
grid_perm,grid_perm_51,1593107189,standard,12,fixed,5,1,1,1,2055.0,982.5,1072.5,150.0,309.5,127,45,0,2,0,0,2,0,0,0,10,4,1,1,0,56,0,0,84,539.5,1.65,2,2,1,1,0,0,,0,0,0,0,0,0,0,0.0,0.0
grid_perm,grid_perm_52,1593117162,standard,12,fixed,5,1,1,2,-1156.1,-518.0,-638.1,118.9,610.0,175,69,162,86,0,2,23,13,0,0,0,11,1,1,0,74,0,0,84,968.9,2.96,3,3,1,2,0,0,,0,0,0,0,0,0,0,0.0,0.0
grid_perm,grid_perm_53,1593127135,standard,12,fixed,5,1,1,1,2084.1,1015.5,1068.5,149.1,309.5,127,47,0,2,0,0,1,0,0,0,0,3,1,1,0,55,0,0,84,538.6,1.64,2,2,1,1,0,0,,0,0,0,0,0,0,0,0.0,0.0
grid_perm,grid_perm_54,1593137108,standard,12,fixed,5,1,1,1,3276.1,2020.2,1255.9,141.1,115.2,203,125,2,0,0,0,0,1,0,0,0,0,1,1,0,68,0,0,84,496.2,1.52,3,2,1,1,0,0,,0,0,0,0,0,0,0,0.0,0.0
grid_perm,grid_perm_55,1593147081,standard,12,fixed,5,1,1,1,2053.6,1360.0,693.6,148.6,610.0,125,54,0,2,0,0,2,3,0,0,0,10,1,1,0,74,0,0,84,758.6,2.32,2,3,1,2,0,0,,0,0,0,0,0,0,0,0.0,0.0
grid_perm,grid_perm_56,1593157054,standard,12,fixed,5,1,1,1,1645.0,-2005.6,3650.6,230.0,144.4,179,57,55,123,0,0,0,0,0,0,10,0,1,1,0,70,0,0,84,684.4,2.09,3,2,1,1,0,0,,0,0,0,0,0,0,0,0.0,0.0
grid_perm,grid_perm_57,1593167027,standard,12,fixed,5,1,1,1,-1650.0,-2125.0,475.0,0.0,150.0,125,32,144,111,0,0,4,0,0,0,10,10,2,1,0,82,1,0,84,300.0,0.92,2,3,1,1,0,0,,0,0,0,0,0,0,0,0.0,0.0
grid_perm,grid_perm_58,1593177000,standard,12,fixed,5,1,1,2,1084.1,2055.0,-970.9,309.1,150.0,61,127,8,0,0,0,1,2,0,0,0,10,1,1,0,39,0,0,84,539.1,1.65,2,2,1,1,0,0,,0,0,0,0,0,0,0,0.0,0.0
grid_perm,grid_perm_59,1593186973,standard,12,fixed,5,1,1,1,1046.1,965.0,81.1,309.1,300.0,45,43,0,2,0,0,10,0,1,0,0,10,1,1,0,74,0,0,84,849.1,2.59,2,3,1,1,0,0,,4,0,1,0,0,0,1,0.0,0.0
grid_perm,grid_perm_60,1593196946,standard,12,fixed,5,1,1,2,742.0,2047.8,-1305.8,230.0,112.8,39,127,7,0,0,0,0,2,0,0,11,0,1,1,0,69,0,0,84,572.8,1.75,3,2,1,1,0,0,,0,0,0,0,0,0,0,0.0,0.0
grid_perm,grid_perm_61,1593206919,standard,12,fixed,5,1,1,2,894.1,2071.8,-1177.8,309.1,136.8,45,127,6,0,0,0,0,0,0,0,0,0,1,1,0,52,0,0,84,525.9,1.61,2,2,1,1,0,0,,0,0,0,0,0,0,0,0.0,0.0
grid_perm,grid_perm_62,1593216892,standard,12,fixed,5,1,1,1,2038.1,1969.6,68.4,133.1,0.0,127,127,0,0,0,0,0,0,0,0,0,0,0,0,0,0,0,0,84,262.4,0.80,2,2,1,1,0,0,,0,0,0,0,0,0,0,0.0,0.0
grid_perm,grid_perm_63,1593226865,standard,12,fixed,5,1,1,1,1485.0,-1782.5,3267.5,310.0,309.5,171,45,60,113,0,0,0,0,0,0,10,4,1,1,0,74,0,0,84,939.5,2.87,3,2,1,1,0,0,,0,0,0,0,0,0,0,0.0,0.0
grid_perm,grid_perm_64,1593236838,standard,12,fixed,5,1,1,1,0.0,-341.1,341.1,230.0,198.9,39,91,37,79,2,0,0,0,0,0,10,0,1,1,0,67,0,0,84,748.9,2.29,3,3,1,1,0,0,,0,0,0,0,0,0,0,0.0,0.0
grid_perm,grid_perm_65,1593246811,standard,12,fixed,5,1,1,2,1460.5,2050.2,-589.6,389.5,115.2,73,127,2,0,0,0,0,1,0,0,3,0,1,0,0,0,0,0,84,574.7,1.76,3,2,1,1,0,0,,0,0,0,0,0,0,0,0.0,0.0
grid_perm,grid_perm_66,1593256784,standard,12,fixed,5,1,1,2,1046.1,2801.2,-1755.2,309.1,146.2,45,171,0,2,0,0,10,0,1,0,0,0,1,1,0,69,0,0,84,775.3,2.37,2,3,1,1,0,0,,4,0,1,0,0,0,1,0.0,0.0
grid_perm,grid_perm_67,1593266757,standard,12,fixed,5,1,1,1,1619.2,-1149.5,2768.6,219.6,309.5,171,47,52,89,0,0,0,1,0,0,0,3,1,1,0,69,0,0,84,838.2,2.56,3,2,1,1,0,0,,0,0,0,0,0,0,0,0.0,0.0
grid_perm,grid_perm_68,1593276730,standard,12,fixed,5,1,1,2,-1574.5,1519.2,-3093.6,309.5,139.2,47,171,106,53,0,0,0,0,0,0,3,0,1,1,0,69,0,0,84,768.7,2.35,2,3,1,1,0,0,,0,0,0,0,0,0,0,0.0,0.0
grid_perm,grid_perm_69,1593286703,standard,12,fixed,5,1,1,2,2021.6,2969.2,-947.6,116.6,379.2,125,201,0,21,0,0,0,0,0,0,0,0,1,1,0,50,0,0,84,655.8,2.00,2,3,1,1,0,0,,0,0,0,0,0,0,0,0.0,0.0
grid_perm,grid_perm_70,1593296676,standard,12,fixed,5,1,1,1,2055.0,1426.0,629.0,150.0,760.0,127,49,0,2,0,0,3,12,0,0,10,13,1,1,0,74,0,0,84,910.0,2.78,2,3,1,2,0,0,,0,0,0,0,0,0,0,0.0,0.0
grid_perm,grid_perm_71,1593306649,standard,12,fixed,5,1,1,1,2054.7,1073.9,980.8,146.7,118.9,127,63,0,2,0,0,1,0,0,0,9,0,1,1,0,41,0,0,84,345.6,1.06,2,2,1,1,0,0,,0,0,0,0,0,0,0,0.0,0.0
grid_perm,grid_perm_72,1593316622,standard,12,fixed,5,1,1,2,2055.0,3350.6,-1295.6,150.0,220.6,125,203,0,2,0,0,0,0,0,0,0,0,1,1,0,68,0,0,84,600.6,1.83,2,3,1,1,0,0,,0,0,0,0,0,0,0,0.0,0.0
grid_perm,grid_perm_73,1593326595,standard,12,fixed,5,1,1,2,974.0,1935.0,-961.0,680.0,0.0,44,127,14,0,0,0,0,0,0,0,12,0,1,1,0,62,0,0,84,680.0,2.08,3,2,2,1,0,0,,0,0,0,0,0,0,0,0.0,0.0
grid_perm,grid_perm_74,1593336568,standard,12,fixed,5,1,1,2,894.1,2047.7,-1153.6,309.1,114.7,45,127,6,0,0,0,0,4,0,1,0,0,1,1,0,52,0,0,84,503.8,1.54,2,2,1,1,0,0,,0,1,0,0,0,0,1,0.0,0.0
grid_perm,grid_perm_75,1593346541,standard,12,fixed,5,1,1,1,-180.0,-765.4,585.4,230.0,139.6,199,203,140,164,0,0,19,21,0,0,10,0,1,1,0,70,1,0,84,839.6,2.56,3,3,1,1,0,0,,0,0,0,0,0,0,0,0.0,0.0
grid_perm,grid_perm_76,1593356514,standard,12,fixed,5,1,1,1,2045.7,1234.1,811.6,114.7,309.1,127,61,0,2,0,0,2,0,2,0,0,0,1,1,0,45,0,0,84,503.8,1.54,2,2,1,1,0,0,,2,0,0,0,0,0,2,0.0,0.0
grid_perm,grid_perm_77,1593366487,standard,12,fixed,5,1,1,2,1022.5,1935.0,-912.5,309.5,0.0,61,127,10,0,0,0,0,1,0,0,4,0,1,1,0,37,0,0,84,389.5,1.19,2,2,1,1,0,0,,0,0,0,0,0,0,0,0.0,0.0
grid_perm,grid_perm_78,1593376460,standard,12,fixed,5,1,1,2,1084.1,2072.8,-988.7,309.1,137.8,61,127,8,0,0,0,10,3,0,0,0,0,1,1,0,39,0,0,84,526.8,1.61,2,2,1,1,0,0,,0,0,0,0,0,0,0,0.0,0.0
grid_perm,grid_perm_79,1593386433,standard,12,fixed,5,1,1,2,-1620.0,-108.3,-1511.7,390.0,146.7,39,173,108,120,50,0,6,7,0,0,10,0,1,1,0,71,1,0,84,1006.7,3.07,3,3,1,1,0,0,,0,0,0,0,0,0,0,0.0,0.0
grid_perm,grid_perm_80,1593396406,standard,12,fixed,5,1,1,1,-3165.0,-3295.0,130.0,460.0,310.0,32,32,167,167,0,0,2,0,0,0,0,0,2,1,0,82,5,0,84,930.0,2.84,3,3,1,1,0,0,,0,0,0,0,0,0,0,0.0,0.0
grid_perm,grid_perm_81,1593406379,standard,12,fixed,5,1,1,2,-2570.0,-150.0,-2420.0,260.0,310.0,35,41,137,47,0,12,0,10,0,0,0,10,1,1,0,74,0,0,84,870.0,2.66,2,3,1,1,0,0,,0,0,0,0,0,0,0,0.0,0.0
grid_perm,grid_perm_82,1593416352,standard,12,fixed,5,1,1,1,2591.9,2055.0,536.9,118.9,150.0,159,127,2,0,0,0,30,1,1,0,0,10,1,1,0,45,0,0,84,508.9,1.55,3,2,1,1,0,0,,1,0,0,0,1,0,0,0.0,0.0
grid_perm,grid_perm_83,1593426325,standard,12,fixed,5,1,1,2,1109.1,2083.6,-974.5,309.1,148.6,61,127,7,0,0,0,0,0,0,0,0,0,1,1,0,40,0,0,84,537.6,1.64,2,2,1,1,0,0,,0,0,0,0,0,0,0,0.0,0.0
grid_perm,grid_perm_84,1593436298,standard,12,fixed,5,1,1,2,-2649.5,-1114.0,-1535.5,309.5,310.0,47,45,149,88,0,7,0,3,0,1,3,10,1,1,0,74,0,0,84,929.5,2.84,2,3,1,1,0,0,,0,2,0,0,1,0,0,0.0,0.0
grid_perm,grid_perm_85,1593446271,standard,12,fixed,5,1,1,2,-1899.5,1366.5,-3266.0,309.5,141.5,47,171,119,59,0,0,0,0,0,0,3,0,1,1,0,69,0,0,84,761.1,2.32,2,3,1,1,0,0,,0,0,0,0,0,0,0,0.0,0.0
grid_perm,grid_perm_86,1593456244,standard,12,fixed,5,1,1,1,-558.0,-2424.5,1866.5,230.0,309.5,39,47,59,140,0,0,4,0,0,0,11,3,1,1,0,74,0,0,84,849.5,2.59,3,2,1,1,0,0,,0,0,0,0,0,0,0,0.0,0.0
grid_perm,grid_perm_87,1593466217,standard,12,fixed,5,1,1,1,1020.0,-2249.9,3269.9,230.0,309.1,129,47,50,133,0,0,5,1,0,0,10,3,1,1,0,74,0,0,84,849.1,2.59,3,2,1,1,0,0,,0,0,0,0,0,0,0,0.0,0.0
grid_perm,grid_perm_88,1593476190,standard,12,fixed,5,1,1,1,2055.0,994.1,1060.9,150.0,309.1,127,45,0,2,0,0,1,1,0,0,10,0,1,1,0,56,0,0,84,539.1,1.65,2,2,1,1,0,0,,0,0,0,0,0,0,0,0.0,0.0
grid_perm,grid_perm_89,1593486163,standard,12,fixed,5,1,1,2,1330.5,2068.1,-737.5,389.5,133.1,73,127,8,0,0,0,0,0,0,0,3,0,1,1,0,49,0,0,84,592.6,1.81,3,2,1,1,0,0,,0,0,0,0,0,0,0,0.0,0.0
grid_perm,grid_perm_90,1593496136,standard,12,fixed,5,1,1,2,-768.2,-745.2,-23.0,0.0,0.0,127,127,111,111,0,0,4,4,0,0,1,0,2,1,0,82,1,0,84,299.1,0.91,2,2,1,1,0,0,,0,0,0,0,0,0,0,0.0,0.0
grid_perm,grid_perm_91,1593506109,standard,12,fixed,5,1,1,1,2055.0,1374.6,680.4,150.0,458.6,127,61,0,2,0,0,1,0,0,0,10,3,1,1,0,44,0,0,84,688.6,2.10,2,2,1,1,0,0,,0,0,0,0,0,0,0,0.0,0.0
grid_perm,grid_perm_92,1593516082,standard,12,fixed,5,1,1,2,1905.0,2023.0,-118.0,0.0,150.0,127,127,0,0,0,0,0,1,0,1,0,10,0,0,0,0,0,0,84,150.0,0.46,2,2,1,1,0,0,,0,1,0,0,0,0,1,0.0,0.0
grid_perm,grid_perm_93,1593526055,standard,12,fixed,5,1,1,1,2841.2,2069.4,771.9,226.2,136.4,171,127,2,0,0,0,0,1,0,1,0,0,1,1,0,69,0,0,84,522.6,1.60,3,2,1,1,0,0,,0,1,0,0,0,0,1,0.0,0.0
grid_perm,grid_perm_94,1593536028,standard,12,fixed,5,1,1,1,1350.0,-1717.9,3067.9,230.0,309.1,149,61,49,120,0,0,0,0,0,0,10,4,1,1,0,74,0,0,84,859.1,2.62,3,2,1,1,0,0,,0,0,0,0,0,0,0,0.0,0.0
grid_perm,grid_perm_95,1593546001,standard,12,fixed,5,1,1,1,3005.0,2025.0,980.0,230.0,150.0,189,125,5,0,0,0,0,2,0,0,10,10,1,1,0,71,0,0,84,530.0,1.62,3,2,1,1,0,0,,0,0,0,0,0,0,0,0.0,0.0
grid_perm,grid_perm_96,1593555974,standard,12,fixed,5,1,1,2,419.1,2935.0,-2515.9,469.1,310.0,79,203,52,21,0,2,1,0,0,0,0,10,1,1,0,74,0,0,84,1079.1,3.30,3,3,1,1,0,0,,0,0,0,0,0,0,0,0.0,0.0
grid_perm,grid_perm_97,1593565947,standard,12,fixed,5,1,1,1,2042.8,2041.8,0.9,137.8,136.8,127,127,0,0,0,0,1,0,0,0,0,0,0,0,0,0,0,0,84,274.6,0.84,2,2,1,1,0,0,,0,0,0,0,0,0,0,0.0,0.0
grid_perm,grid_perm_98,1593575920,standard,12,fixed,5,1,1,2,1920.0,2038.1,-118.1,230.0,133.1,119,125,8,0,0,0,0,0,0,0,10,0,1,1,0,68,0,0,84,593.1,1.81,3,2,1,1,0,0,,0,0,0,0,0,0,0,0.0,0.0
grid_perm,grid_perm_99,1593585893,standard,12,fixed,5,1,1,1,2102.0,1905.0,197.0,680.0,0.0,129,125,20,0,1,0,0,1,0,0,11,0,1,1,0,56,0,0,84,680.0,2.08,3,2,2,1,0,0,,0,0,0,0,0,0,0,0.0,0.0
grid_perm,grid_perm_100,1593595866,standard,12,fixed,5,1,1,2,-795.0,-775.0,-20.0,0.0,0.0,127,127,111,111,0,0,4,4,0,0,10,10,2,1,0,82,1,0,84,300.0,0.92,2,2,1,1,0,0,,0,0,0,0,0,0,0,0.0,0.0
grid_perm,grid_perm_101,1593605839,standard,12,fixed,5,1,1,1,1374.6,-1920.9,3295.6,139.6,309.1,173,45,60,119,0,0,8,0,0,0,0,0,1,1,0,68,0,0,84,768.7,2.35,3,2,1,1,0,0,,0,0,0,0,0,0,0,0.0,0.0
grid_perm,grid_perm_102,1593615812,standard,12,fixed,5,1,1,1,-21.0,-2004.9,1983.9,610.0,309.1,49,55,54,128,0,0,14,7,0,0,12,3,1,1,0,74,0,0,84,999.1,3.05,3,2,2,1,0,0,,0,0,0,0,0,0,0,0.0,0.0
grid_perm,grid_perm_103,1593625785,standard,12,fixed,5,1,1,2,-2724.5,-1279.0,-1445.5,309.5,230.0,47,39,152,88,0,7,0,4,0,1,3,10,1,1,0,74,0,0,84,859.5,2.63,2,3,1,1,0,0,,0,2,0,0,1,0,0,0.0,0.0
grid_perm,grid_perm_104,1593635758,standard,12,fixed,5,1,1,2,739.1,2869.2,-2130.1,469.1,139.2,61,191,27,11,0,0,1,0,0,0,0,0,1,1,0,69,0,0,84,848.2,2.59,2,3,1,1,0,0,,0,0,0,0,0,0,0,0.0,0.0
grid_perm,grid_perm_105,1593645731,standard,12,fixed,5,1,1,1,2054.7,1345.0,709.7,146.7,760.0,127,44,0,2,0,0,1,20,0,0,9,15,1,1,0,74,0,0,84,906.7,2.77,2,3,1,2,0,0,,0,0,0,0,0,0,0,0.0,0.0
grid_perm,grid_perm_106,1593655704,standard,12,fixed,5,1,1,2,-2424.9,1802.0,-4226.9,309.1,230.0,47,199,140,59,0,0,1,5,0,0,3,11,1,1,0,74,0,0,84,769.1,2.35,2,3,1,1,0,0,,0,0,0,0,0,0,0,0.0,0.0
grid_perm,grid_perm_107,1593665677,standard,12,fixed,5,1,1,2,-2724.9,-1279.0,-1445.9,309.1,230.0,47,39,152,88,0,7,0,6,0,1,3,10,1,1,0,74,0,0,84,859.1,2.62,2,3,1,1,0,0,,0,2,0,0,1,0,0,0.0,0.0
grid_perm,grid_perm_108,1593675650,standard,12,fixed,5,1,1,2,1175.1,2234.1,-1059.0,389.1,299.1,55,127,2,0,0,0,1,0,0,0,3,0,1,1,0,55,0,0,84,688.1,2.10,2,2,1,1,0,0,,0,0,0,0,0,0,0,0.0,0.0
grid_perm,grid_perm_109,1593685623,standard,12,fixed,5,1,1,2,1124.1,2068.1,-944.0,389.1,133.1,61,127,8,0,0,0,0,0,0,0,0,0,1,1,0,39,0,0,84,522.1,1.59,2,2,1,1,0,0,,0,0,0,0,0,0,0,0.0,0.0
grid_perm,grid_perm_110,1593695596,standard,12,fixed,5,1,1,2,1151.0,2047.4,-896.4,610.0,112.4,49,127,7,0,0,0,6,0,0,0,13,0,1,1,0,69,0,0,84,722.4,2.21,3,2,2,1,0,0,,0,0,0,0,0,0,0,0.0,0.0
grid_perm,grid_perm_111,1593705569,standard,12,fixed,5,1,1,2,1905.0,2017.4,-112.4,0.0,112.4,127,127,0,0,0,0,0,0,0,0,0,0,0,0,0,0,0,0,84,112.4,0.34,2,2,1,1,0,0,,0,0,0,0,0,0,0,0.0,0.0
grid_perm,grid_perm_112,1593715542,standard,12,fixed,5,1,1,2,-1505.9,1370.0,-2875.9,309.1,230.0,61,139,112,42,0,0,0,0,0,0,0,10,1,1,0,74,0,0,84,849.1,2.59,2,3,1,1,0,0,,0,0,0,0,0,0,0,0.0,0.0
grid_perm,grid_perm_113,1593725515,standard,12,fixed,5,1,1,2,2038.1,2054.5,-16.5,133.1,149.5,127,127,0,0,0,0,0,0,0,0,0,0,0,0,0,0,0,0,84,282.6,0.86,2,2,1,1,0,0,,0,0,0,0,0,0,0,0.0,0.0
grid_perm,grid_perm_114,1593735488,standard,12,fixed,5,1,1,2,865.5,1980.0,-1114.5,309.5,0.0,47,127,8,0,0,0,0,0,0,0,3,10,1,1,0,49,0,0,84,539.5,1.65,2,2,1,1,0,0,,0,0,0,0,0,0,0,0.0,0.0
grid_perm,grid_perm_115,1593745461,standard,12,fixed,5,1,1,2,1205.0,2083.6,-878.6,680.0,148.6,44,127,5,0,0,0,3,0,0,0,10,0,1,1,0,71,0,0,84,828.6,2.53,3,2,2,1,0,0,,0,0,0,0,0,0,0,0.0,0.0
grid_perm,grid_perm_116,1593755434,standard,12,fixed,5,1,1,1,2050.2,1095.0,955.2,115.2,390.0,127,43,0,2,0,0,1,0,0,0,0,10,1,1,0,74,0,0,84,745.2,2.28,2,3,1,1,0,0,,0,0,0,0,0,0,0,0.0,0.0
grid_perm,grid_perm_117,1593765407,standard,12,fixed,5,1,1,1,-713.9,-1165.0,451.1,141.1,310.0,203,123,162,137,0,2,11,0,0,0,0,10,1,1,0,74,1,0,84,921.1,2.81,3,3,1,1,0,0,,0,0,0,0,0,0,0,0.0,0.0
grid_perm,grid_perm_118,1593775380,standard,12,fixed,5,1,1,1,2593.9,2054.7,539.2,118.9,146.7,159,127,2,0,0,0,39,1,0,0,0,9,1,1,0,61,0,0,84,505.6,1.54,3,2,1,1,0,0,,0,0,0,0,0,0,0,0.0,0.0
grid_perm,grid_perm_119,1593785353,standard,12,fixed,5,1,1,2,885.1,2055.0,-1169.9,309.1,150.0,45,127,6,0,0,0,1,3,0,0,3,10,1,1,0,52,0,0,84,539.1,1.65,2,2,1,1,0,0,,0,0,0,0,0,0,0,0.0,0.0
grid_perm,grid_perm_120,1593795326,standard,12,fixed,5,1,1,2,-765.5,-746.2,-19.3,0.0,0.0,127,127,111,111,0,0,4,4,0,0,0,0,2,1,0,82,1,0,84,296.7,0.91,2,2,1,1,0,0,,0,0,0,0,0,0,0,0.0,0.0
grid_perm,grid_perm_121,1593805299,standard,12,fixed,5,1,1,1,2084.5,1015.5,1069.0,149.5,309.5,127,47,0,2,0,0,0,0,0,0,0,3,1,1,0,55,0,0,84,539.1,1.65,2,2,1,1,0,0,,0,0,0,0,0,0,0,0.0,0.0
grid_perm,grid_perm_122,1593815272,standard,12,fixed,5,1,1,1,2053.0,985.1,1067.9,118.0,309.1,127,45,0,2,0,0,0,1,0,0,0,3,1,1,0,56,0,0,84,507.1,1.55,2,2,1,1,0,0,,0,0,0,0,0,0,0,0.0,0.0
grid_perm,grid_perm_123,1593825245,standard,12,fixed,5,1,1,2,2024.7,2967.0,-942.3,146.7,230.0,125,179,0,2,0,0,1,0,0,0,9,11,1,1,0,74,0,0,84,606.7,1.85,2,3,1,1,0,0,,0,0,0,0,0,0,0,0.0,0.0
grid_perm,grid_perm_124,1593835218,standard,12,fixed,5,1,1,2,2021.6,2053.6,-32.0,116.6,148.6,127,127,0,0,0,0,0,1,0,0,0,0,0,0,0,0,0,0,84,265.2,0.81,2,2,1,1,0,0,,0,0,0,0,0,0,0,0.0,0.0
grid_perm,grid_perm_125,1593845191,standard,12,fixed,5,1,1,2,-2263.3,-1185.0,-1078.3,146.7,840.0,171,69,205,122,0,3,3,6,0,0,0,10,1,1,0,74,1,0,84,1226.7,3.75,3,3,1,3,0,0,,0,0,0,0,0,0,0,0.0,0.0
grid_perm,grid_perm_126,1593855164,standard,12,fixed,5,1,1,1,2054.5,2021.6,32.9,149.5,116.6,127,127,0,0,0,0,0,0,0,0,0,0,0,0,0,0,0,0,84,266.1,0.81,2,2,1,1,0,0,,0,0,0,0,0,0,0,0.0,0.0
grid_perm,grid_perm_127,1593865137,standard,12,fixed,5,1,1,1,2600.0,2084.1,515.9,230.0,149.1,159,127,5,0,0,0,0,1,0,0,10,0,1,1,0,71,0,0,84,619.1,1.89,3,2,1,1,0,0,,0,0,0,0,0,0,0,0.0,0.0
grid_perm,grid_perm_128,1593875110,standard,12,fixed,5,1,1,2,-2103.0,-1018.5,-1084.5,230.0,141.5,69,191,139,167,0,0,8,8,0,0,11,0,1,1,0,70,0,0,84,851.5,2.60,3,3,1,1,0,0,,0,0,0,0,0,0,0,0.0,0.0
grid_perm,grid_perm_129,1593885083,standard,12,fixed,5,1,1,2,1084.1,2050.2,-966.1,309.1,115.2,61,127,8,0,0,0,0,1,0,0,0,0,1,1,0,39,0,0,84,504.2,1.54,2,2,1,1,0,0,,0,0,0,0,0,0,0,0.0,0.0
grid_perm,grid_perm_130,1593895056,standard,12,fixed,5,1,1,1,1245.0,-2424.9,3669.9,230.0,309.1,159,47,59,140,0,0,0,1,0,0,10,3,1,1,0,74,0,0,84,849.1,2.59,3,2,1,1,0,0,,0,0,0,0,0,0,0,0.0,0.0
grid_perm,grid_perm_131,1593905029,standard,12,fixed,5,1,1,2,645.0,1935.0,-1290.0,230.0,0.0,39,127,11,0,5,0,0,1,0,0,10,0,1,1,0,65,0,0,84,460.0,1.40,3,2,1,1,0,0,,0,0,0,0,0,0,0,0.0,0.0
grid_perm,grid_perm_132,1593915002,standard,12,fixed,5,1,1,1,2084.5,1015.5,1069.0,149.5,309.5,127,47,0,2,0,0,0,0,0,0,0,3,1,1,0,55,0,0,84,539.1,1.65,2,2,1,1,0,0,,0,0,0,0,0,0,0,0.0,0.0
grid_perm,grid_perm_133,1593924975,standard,12,fixed,5,1,1,2,2051.6,2085.0,-33.4,116.6,300.0,127,115,0,2,0,0,0,0,0,0,0,10,1,1,0,74,0,0,84,656.6,2.01,2,3,1,1,0,0,,0,0,0,0,0,0,0,0.0,0.0
grid_perm,grid_perm_134,1593934948,standard,12,fixed,5,1,1,1,2041.8,2025.0,16.8,136.8,150.0,127,127,0,0,0,0,0,2,0,0,0,10,0,0,0,0,0,0,84,286.8,0.88,2,2,1,1,0,0,,0,0,0,0,0,0,0,0.0,0.0
grid_perm,grid_perm_135,1593944921,standard,12,fixed,5,1,1,1,2051.6,950.0,1101.6,116.6,310.0,127,39,0,2,0,0,0,0,0,0,0,10,1,1,0,74,0,0,84,656.6,2.01,2,3,1,1,0,0,,0,0,0,0,0,0,0,0.0,0.0
grid_perm,grid_perm_136,1593954894,standard,12,fixed,5,1,1,1,2032.0,1905.0,127.0,610.0,0.0,129,125,20,0,1,0,0,1,0,0,11,0,1,1,0,56,0,0,84,610.0,1.86,3,2,2,1,0,0,,0,0,0,0,0,0,0,0.0,0.0
grid_perm,grid_perm_137,1593964867,standard,12,fixed,5,1,1,2,2055.0,2070.0,-15.0,150.0,230.0,127,119,0,2,0,0,2,0,0,0,10,10,1,1,0,74,0,0,84,610.0,1.86,2,3,1,1,0,0,,0,0,0,0,0,0,0,0.0,0.0
grid_perm,grid_perm_138,1593974840,standard,12,fixed,5,1,1,1,2054.5,2017.4,37.2,149.5,112.4,127,127,0,0,0,0,0,0,0,0,0,0,0,0,0,0,0,0,84,261.9,0.80,2,2,1,1,0,0,,0,0,0,0,0,0,0,0.0,0.0
grid_perm,grid_perm_139,1593984813,standard,12,fixed,5,1,1,1,2071.8,1175.1,896.8,136.8,389.1,127,55,0,2,0,0,0,2,0,0,0,3,1,1,0,55,0,0,84,525.9,1.61,2,2,1,1,0,0,,0,0,0,0,0,0,0,0.0,0.0
grid_perm,grid_perm_140,1593994786,standard,12,fixed,5,1,1,1,-2118.0,-3060.0,942.0,150.0,0.0,32,125,111,200,0,0,4,0,0,0,1,10,1,1,0,82,1,0,84,300.0,0.92,3,2,1,1,0,0,,0,0,0,0,0,0,0,0.0,0.0
grid_perm,grid_perm_141,1594004759,standard,12,fixed,5,1,1,1,2054.5,2025.0,29.5,149.5,150.0,127,127,0,0,0,0,0,2,0,0,0,10,0,0,0,0,0,0,84,299.5,0.91,2,2,1,1,0,0,,0,0,0,0,0,0,0,0.0,0.0
grid_perm,grid_perm_142,1594014732,standard,12,fixed,5,1,1,2,1905.0,2053.6,-148.6,0.0,148.6,127,127,0,0,0,0,0,0,0,0,0,0,0,0,0,0,0,0,84,148.6,0.45,2,2,1,1,0,0,,0,0,0,0,0,0,0,0.0,0.0
grid_perm,grid_perm_143,1594024705,standard,12,fixed,5,1,1,1,3035.0,2023.0,1012.0,310.0,118.0,183,125,5,0,0,0,0,0,0,0,10,0,1,1,0,71,0,0,84,658.0,2.01,3,2,1,1,0,0,,0,0,0,0,0,0,0,0.0,0.0
grid_perm,grid_perm_144,1594034678,standard,12,fixed,5,1,1,1,1935.0,1015.5,919.5,0.0,309.5,127,47,0,2,0,0,0,0,0,0,0,3,1,1,0,55,0,0,84,389.5,1.19,2,2,1,1,0,0,,0,0,0,0,0,0,0,0.0,0.0
grid_perm,grid_perm_145,1594044651,standard,12,fixed,5,1,1,1,1695.0,-2424.5,4119.5,230.0,309.5,189,47,59,140,0,0,7,0,0,0,10,3,1,1,0,74,0,0,84,849.5,2.59,3,2,1,1,0,0,,0,0,0,0,0,0,0,0.0,0.0
grid_perm,grid_perm_146,1594054624,standard,12,fixed,5,1,1,2,-765.0,-745.0,-20.0,0.0,0.0,127,127,111,111,0,0,4,4,0,0,0,0,2,1,0,82,1,0,84,300.0,0.92,2,2,1,1,0,0,,0,0,0,0,0,0,0,0.0,0.0
grid_perm,grid_perm_147,1594064597,standard,12,fixed,5,1,1,1,2072.8,1015.1,1057.7,137.8,309.1,127,47,0,2,0,0,1,1,0,0,0,3,1,1,0,55,0,0,84,526.8,1.61,2,2,1,1,0,0,,0,0,0,0,0,0,0,0.0,0.0
grid_perm,grid_perm_148,1594074570,standard,12,fixed,5,1,1,1,-1918.0,-2048.5,130.5,610.0,141.5,49,171,130,196,0,0,10,11,0,0,11,0,1,1,0,70,0,0,84,981.5,3.00,3,3,2,1,0,0,,0,0,0,0,0,0,0,0.0,0.0
grid_perm,grid_perm_149,1594084543,standard,12,fixed,5,1,1,1,1815.6,-2049.9,3865.5,140.6,309.1,201,47,59,125,0,0,10,0,0,0,0,3,1,1,0,69,0,0,84,759.6,2.32,3,2,1,1,0,0,,0,0,0,0,0,0,0,0.0,0.0
grid_perm,grid_perm_150,1594094516,standard,12,fixed,5,1,1,2,-1570.4,-270.0,-1300.4,139.6,680.0,171,149,177,127,0,2,6,8,0,0,0,10,1,1,0,74,0,0,84,1059.6,3.24,3,3,1,3,0,0,,0,0,0,0,0,0,0,0.0,0.0
grid_perm,grid_perm_151,1594104489,standard,12,fixed,5,1,1,1,2476.7,1625.5,851.2,146.7,469.5,173,73,16,0,0,0,0,1,0,0,0,3,1,1,0,68,0,0,84,926.2,2.83,3,3,1,1,0,0,,0,0,0,0,0,0,0,0.0,0.0
grid_perm,grid_perm_152,1594114462,standard,12,fixed,5,1,1,2,2020.2,2023.0,-2.8,115.2,118.0,127,127,0,0,0,0,1,0,0,0,0,0,0,0,0,0,0,0,84,233.2,0.71,2,2,1,1,0,0,,0,0,0,0,0,0,0,0.0,0.0
grid_perm,grid_perm_153,1594124435,standard,12,fixed,5,1,1,2,1980.0,2000.0,-20.0,0.0,0.0,127,127,0,0,0,0,4,4,0,0,10,10,2,1,0,82,1,0,84,300.0,0.92,2,2,1,1,0,0,,0,0,0,0,0,0,0,0.0,0.0
grid_perm,grid_perm_154,1594134408,standard,12,fixed,5,1,1,2,-1936.8,-834.0,-1102.8,387.2,310.0,61,45,132,77,0,7,0,4,0,1,3,10,1,1,0,74,0,0,84,1017.2,3.11,2,3,1,1,0,0,,0,2,0,0,1,0,0,0.0,0.0
grid_perm,grid_perm_155,1594144381,standard,12,fixed,5,1,1,1,3255.0,2020.2,1234.8,230.0,115.2,209,125,7,0,0,0,0,1,0,0,10,0,1,1,0,69,0,0,84,495.2,1.51,3,2,1,1,0,0,,0,0,0,0,0,0,0,0.0,0.0
grid_perm,grid_perm_156,1594154354,standard,12,fixed,5,1,1,1,2054.5,2020.2,34.4,149.5,115.2,127,127,0,0,0,0,0,1,0,0,0,0,0,0,0,0,0,0,84,264.7,0.81,2,2,1,1,0,0,,0,0,0,0,0,0,0,0.0,0.0
grid_perm,grid_perm_157,1594164327,standard,12,fixed,5,1,1,1,2701.7,1935.0,766.7,146.7,0.0,171,127,6,0,0,0,0,1,0,0,0,0,1,1,0,65,0,0,84,386.7,1.18,3,2,1,1,0,0,,0,0,0,0,0,0,0,0.0,0.0
grid_perm,grid_perm_158,1594174300,standard,12,fixed,5,1,1,1,2630.0,2025.0,605.0,300.0,150.0,155,125,4,0,0,0,0,3,0,0,10,10,1,1,0,72,0,0,84,680.0,2.08,3,2,1,1,0,0,,0,0,0,0,0,0,0,0.0,0.0
grid_perm,grid_perm_159,1594184273,standard,12,fixed,5,1,1,2,-828.0,-825.0,-3.0,0.0,0.0,127,127,111,111,0,0,4,4,0,0,11,10,0,0,0,0,1,0,84,300.0,0.92,2,2,1,1,0,0,,0,0,0,0,0,0,0,0.0,0.0
grid_perm,grid_perm_160,1594194246,standard,12,fixed,5,1,1,1,2054.7,1015.1,1039.6,146.7,309.1,127,47,0,2,0,0,2,0,0,0,9,3,1,1,0,55,0,0,84,535.8,1.64,2,2,1,1,0,0,,0,0,0,0,0,0,0,0.0,0.0
grid_perm,grid_perm_161,1594204219,standard,12,fixed,5,1,1,1,2053.0,1175.5,877.5,118.0,389.5,127,55,0,2,0,0,0,0,0,0,0,3,1,1,0,55,0,0,84,507.5,1.55,2,2,1,1,0,0,,0,0,0,0,0,0,0,0.0,0.0
grid_perm,grid_perm_162,1594214192,standard,12,fixed,5,1,1,2,1950.0,2050.2,-100.2,230.0,115.2,119,127,7,0,0,0,0,2,0,0,10,0,1,1,0,69,0,0,84,585.2,1.79,3,2,1,1,0,0,,0,0,0,0,0,0,0,0.0,0.0
grid_perm,grid_perm_163,1594224165,standard,12,fixed,5,1,1,1,2039.5,2017.4,22.1,134.5,112.4,127,127,0,0,0,0,0,0,0,0,0,0,0,0,0,0,0,0,84,246.8,0.75,2,2,1,1,0,0,,0,0,0,0,0,0,0,0.0,0.0
grid_perm,grid_perm_164,1594234138,standard,12,fixed,5,1,1,1,2749.6,2084.5,665.1,139.6,149.5,171,127,2,0,0,0,0,0,0,0,0,0,1,1,0,69,0,0,84,439.2,1.34,3,2,1,1,0,0,,0,0,0,0,0,0,0,0.0,0.0
grid_perm,grid_perm_165,1594244111,standard,12,fixed,5,1,1,1,2083.6,1625.0,458.6,148.6,230.0,127,89,0,2,0,0,2,0,0,0,0,10,1,1,0,74,0,0,84,618.6,1.89,2,3,1,1,0,0,,0,0,0,0,0,0,0,0.0,0.0
grid_perm,grid_perm_166,1594254084,standard,12,fixed,5,1,1,1,2083.6,1015.5,1068.1,148.6,309.5,127,47,0,2,0,0,0,0,0,0,0,3,1,1,0,55,0,0,84,538.1,1.64,2,2,1,1,0,0,,0,0,0,0,0,0,0,0.0,0.0
grid_perm,grid_perm_167,1594264057,standard,12,fixed,5,1,1,2,1980.0,2000.0,-20.0,0.0,0.0,127,127,0,0,0,0,4,4,0,0,10,10,2,1,0,82,1,0,84,300.0,0.92,2,2,1,1,0,0,,0,0,0,0,0,0,0,0.0,0.0
grid_perm,grid_perm_168,1594274030,standard,12,fixed,5,1,1,2,-3460.5,-3440.9,-19.5,229.5,229.1,32,32,168,168,0,0,0,0,0,0,0,0,2,1,0,82,3,0,84,458.6,1.40,3,3,1,1,0,0,,0,0,0,0,0,0,0,0.0,0.0
grid_perm,grid_perm_169,1594284003,standard,12,fixed,5,1,1,2,2055.0,2796.5,-741.5,150.0,141.5,127,171,0,2,0,0,3,0,0,0,10,0,1,1,0,69,0,0,84,531.5,1.62,2,3,1,1,0,0,,0,0,0,0,0,0,0,0.0,0.0
grid_perm,grid_perm_170,1594293976,standard,12,fixed,5,1,1,1,1371.1,-1945.9,3317.0,141.1,309.1,173,45,60,120,0,0,7,0,0,0,0,0,1,1,0,68,0,0,84,760.1,2.32,3,2,1,1,0,0,,0,0,0,0,0,0,0,0.0,0.0
grid_perm,grid_perm_171,1594303949,standard,12,fixed,5,1,1,2,1215.0,1935.0,-720.0,840.0,0.0,49,127,14,0,0,0,0,1,0,0,10,0,1,1,0,62,0,0,84,840.0,2.57,3,2,2,1,0,0,,0,0,0,0,0,0,0,0.0,0.0
grid_perm,grid_perm_172,1594313922,standard,12,fixed,5,1,1,2,2024.7,2370.0,-345.3,146.7,230.0,125,139,0,2,0,0,1,0,0,0,9,10,1,1,0,74,0,0,84,606.7,1.85,2,3,1,1,0,0,,0,0,0,0,0,0,0,0.0,0.0
grid_perm,grid_perm_173,1594323895,standard,12,fixed,5,1,1,1,579.9,-43.8,623.7,118.9,146.2,201,171,107,117,0,0,50,8,5,0,0,0,2,1,0,69,1,0,84,735.2,2.25,3,3,1,1,0,0,,12,0,0,0,4,0,1,0.0,0.0
grid_perm,grid_perm_174,1594333868,standard,12,fixed,5,1,1,2,2050.2,2881.7,-831.5,115.2,226.7,127,171,0,2,0,0,1,0,0,0,0,0,1,1,0,69,0,0,84,581.9,1.78,2,3,1,1,0,0,,0,0,0,0,0,0,0,0.0,0.0
grid_perm,grid_perm_175,1594343841,standard,12,fixed,5,1,1,1,1610.0,1355.5,254.5,610.0,389.5,109,83,25,15,2,0,0,0,0,0,10,3,1,1,0,74,0,0,84,1149.5,3.51,3,3,2,1,0,0,,0,0,0,0,0,0,0,0.0,0.0
grid_perm,grid_perm_176,1594353814,standard,12,fixed,5,1,1,1,2831.7,2068.1,763.6,146.7,133.1,173,127,2,0,0,0,0,0,0,0,0,0,1,1,0,68,0,0,84,519.8,1.59,3,2,1,1,0,0,,0,0,0,0,0,0,0,0.0,0.0
grid_perm,grid_perm_177,1594363787,standard,12,fixed,5,1,1,2,1129.0,2017.7,-888.7,610.0,114.7,44,125,5,0,0,0,12,3,0,1,12,0,1,1,0,71,0,0,84,724.7,2.21,3,2,2,1,0,0,,0,1,0,0,0,0,1,0.0,0.0
grid_perm,grid_perm_178,1594373760,standard,12,fixed,5,1,1,2,-777.5,-754.5,-23.1,0.0,0.0,127,127,111,111,0,0,4,4,0,0,3,3,2,1,0,82,1,0,84,292.0,0.89,2,2,1,1,0,0,,0,0,0,0,0,0,0,0.0,0.0
grid_perm,grid_perm_179,1594383733,standard,12,fixed,5,1,1,2,1980.0,2000.0,-20.0,0.0,0.0,127,127,0,0,0,0,4,4,0,0,10,10,2,1,0,82,1,0,84,300.0,0.92,2,2,1,1,0,0,,0,0,0,0,0,0,0,0.0,0.0
grid_perm,grid_perm_180,1594393706,standard,12,fixed,5,1,1,2,915.1,2068.1,-1153.0,309.1,133.1,47,127,6,0,0,0,1,0,0,0,3,0,1,1,0,51,0,0,84,522.1,1.59,2,2,1,1,0,0,,0,0,0,0,0,0,0,0.0,0.0
grid_perm,grid_perm_181,1594403679,standard,12,fixed,5,1,1,2,-772.2,-754.5,-17.6,0.0,0.0,127,127,111,111,0,0,4,4,0,0,2,2,2,1,0,82,1,0,84,290.6,0.89,2,2,1,1,0,0,,0,0,0,0,0,0,0,0.0,0.0
grid_perm,grid_perm_182,1594413652,standard,12,fixed,5,1,1,1,2083.6,1015.5,1068.1,148.6,309.5,127,47,0,2,0,0,0,0,0,0,0,3,1,1,0,55,0,0,84,538.1,1.64,2,2,1,1,0,0,,0,0,0,0,0,0,0,0.0,0.0
grid_perm,grid_perm_183,1594423625,standard,12,fixed,5,1,1,2,-2495.9,317.0,-2812.9,309.1,230.0,45,99,142,60,0,0,0,8,0,0,0,11,1,1,0,74,0,0,84,849.1,2.59,2,3,1,1,0,0,,0,0,0,0,0,0,0,0.0,0.0
grid_perm,grid_perm_184,1594433598,standard,12,fixed,5,1,1,1,1925.0,-1766.1,3691.1,230.0,118.9,189,63,50,116,0,0,0,0,0,0,10,0,1,1,0,69,0,0,84,668.9,2.04,3,2,1,1,0,0,,0,0,0,0,0,0,0,0.0,0.0
grid_perm,grid_perm_185,1594443571,standard,12,fixed,5,1,1,1,2054.1,2020.2,33.9,149.1,115.2,127,127,0,0,0,0,0,1,0,0,0,0,0,0,0,0,0,0,84,264.2,0.81,2,2,1,1,0,0,,0,0,0,0,0,0,0,0.0,0.0
grid_perm,grid_perm_186,1594453544,standard,12,fixed,5,1,1,2,1080.1,1980.0,-899.9,619.1,0.0,55,127,15,0,0,0,0,0,0,0,3,10,1,1,0,42,0,0,84,769.1,2.35,2,2,1,1,0,0,,0,0,0,0,0,0,0,0.0,0.0
grid_perm,grid_perm_187,1594463517,standard,12,fixed,5,1,1,2,1072.5,2068.1,-995.5,309.5,133.1,61,127,8,0,0,0,0,0,0,0,4,0,1,1,0,39,0,0,84,522.6,1.60,2,2,1,1,0,0,,0,0,0,0,0,0,0,0.0,0.0
grid_perm,grid_perm_188,1594473490,standard,12,fixed,5,1,1,2,-774.5,-754.2,-20.2,0.0,0.0,127,127,111,111,0,0,4,4,0,0,3,3,2,1,0,82,1,0,84,298.6,0.91,2,2,1,1,0,0,,0,0,0,0,0,0,0,0.0,0.0
grid_perm,grid_perm_189,1594483463,standard,12,fixed,5,1,1,2,1980.0,2000.0,-20.0,0.0,0.0,127,127,0,0,0,0,4,4,0,0,10,10,2,1,0,82,1,0,84,300.0,0.92,2,2,1,1,0,0,,0,0,0,0,0,0,0,0.0,0.0
grid_perm,grid_perm_190,1594493436,standard,12,fixed,5,1,1,1,3160.0,2039.0,1121.0,310.0,134.0,195,125,4,0,0,0,0,0,0,0,10,0,1,1,0,72,0,0,84,514.0,1.57,3,2,1,1,0,0,,0,0,0,0,0,0,0,0.0,0.0
grid_perm,grid_perm_191,1594503409,standard,12,fixed,5,1,1,1,185.0,-348.3,533.3,760.0,226.7,49,171,52,130,0,0,8,0,0,0,10,0,1,1,0,71,0,0,84,1146.7,3.50,3,3,2,1,0,0,,0,0,0,0,0,0,0,0.0,0.0
grid_perm,grid_perm_192,1594513382,standard,12,fixed,5,1,1,2,-2275.4,-555.0,-1720.4,458.6,230.0,47,39,140,59,0,0,0,4,0,0,3,10,1,1,0,74,0,0,84,998.6,3.05,2,3,1,1,0,0,,0,0,0,0,0,0,0,0.0,0.0
grid_perm,grid_perm_193,1594523355,standard,12,fixed,5,1,1,2,2025.0,3500.0,-1475.0,150.0,310.0,125,209,0,2,0,0,2,0,0,0,10,10,1,1,0,74,0,0,84,690.0,2.11,2,3,1,1,0,0,,0,0,0,0,0,0,0,0.0,0.0
grid_perm,grid_perm_194,1594533328,standard,12,fixed,5,1,1,2,695.0,2048.8,-1353.8,230.0,113.8,39,127,9,0,2,0,0,0,0,0,10,0,1,1,0,67,0,0,84,573.8,1.75,3,2,1,1,0,0,,0,0,0,0,0,0,0,0.0,0.0
grid_perm,grid_perm_195,1594543301,standard,12,fixed,5,1,1,2,-1805.9,2110.0,-3915.9,309.1,300.0,61,195,124,49,0,0,0,0,0,0,0,10,1,1,0,74,0,0,84,929.1,2.84,2,3,1,1,0,0,,0,0,0,0,0,0,0,0.0,0.0
grid_perm,grid_perm_196,1594553274,standard,12,fixed,5,1,1,1,1434.6,629.1,805.5,458.6,132.1,61,33,0,2,0,0,0,16,0,4,3,0,1,1,0,69,0,0,84,750.7,2.29,2,2,1,1,0,0,,0,4,0,1,0,0,4,0.0,0.0
grid_perm,grid_perm_197,1594563247,standard,12,fixed,5,1,1,1,2083.6,1383.6,700.0,148.6,458.6,127,61,0,2,0,0,1,0,0,0,0,0,1,1,0,44,0,0,84,687.2,2.10,2,2,1,1,0,0,,0,0,0,0,0,0,0,0.0,0.0
grid_perm,grid_perm_198,1594573220,standard,12,fixed,5,1,1,2,-2724.5,513.0,-3237.5,309.5,230.0,47,159,152,88,0,7,0,0,0,1,3,11,1,1,0,74,0,0,84,849.5,2.59,2,3,1,1,0,0,,0,2,0,0,1,0,0,0.0,0.0
grid_perm,grid_perm_199,1594583193,standard,12,fixed,5,1,1,2,915.5,2084.5,-1169.0,309.5,149.5,47,127,6,0,0,0,0,0,0,0,3,0,1,1,0,51,0,0,84,539.1,1.65,2,2,1,1,0,0,,0,0,0,0,0,0,0,0.0,0.0
cooperative,cooperative_0,1592598566,nocombat,12,fixed,5,1,0,2,-7327.5,137.0,-7464.5,309.5,310.0,45,153,344,144,0,0,0,0,0,0,4,11,43,24,23,28,0,0,84,929.5,2.84,2,3,1,1,0,0,,0,0,0,0,0,0,0,0.0,0.0
cooperative,cooperative_1,1592608539,nocombat,12,fixed,5,1,0,1,2299.0,500.0,1799.0,134.0,610.0,127,44,0,48,0,0,0,20,0,1,0,16,24,24,23,28,0,0,84,744.0,2.27,2,3,1,2,0,0,,0,1,0,0,1,0,0,0.0,0.0
cooperative,cooperative_2,1592618512,nocombat,12,fixed,5,1,0,2,2126.5,2193.0,-66.5,141.5,118.0,171,127,39,0,0,0,0,0,0,0,0,0,15,14,14,32,0,0,84,489.5,1.50,3,2,1,1,0,0,,0,0,0,0,0,0,0,0.0,0.0
cooperative,cooperative_3,1592628485,nocombat,12,fixed,5,1,0,2,2181.2,2223.6,-42.4,146.2,148.6,171,127,37,0,0,0,0,2,0,0,0,0,15,14,14,34,0,0,84,524.8,1.60,3,2,1,1,0,0,,0,0,0,0,0,0,0,0.0,0.0
cooperative,cooperative_4,1592638458,nocombat,12,fixed,5,1,0,1,2083.6,1175.5,908.1,148.6,389.5,127,55,0,2,0,0,2,0,0,0,0,3,1,1,0,55,0,0,84,538.1,1.64,2,2,1,1,0,0,,0,0,0,0,0,0,0,0.0,0.0
cooperative,cooperative_5,1592648431,nocombat,12,fixed,5,1,0,2,-298.2,280.0,-578.2,326.8,110.0,119,155,105,104,0,0,0,0,0,0,0,0,15,12,11,41,0,0,84,816.8,2.49,3,3,1,1,0,0,,0,0,0,0,0,0,0,0.0,0.0
cooperative,cooperative_6,1592658404,nocombat,12,fixed,5,1,0,1,-595.0,-3355.9,2760.9,380.0,309.1,43,45,72,178,0,0,0,0,0,0,10,0,6,6,5,62,0,0,84,929.1,2.84,3,2,1,1,0,0,,0,0,0,0,0,0,0,0.0,0.0
cooperative,cooperative_7,1592668377,nocombat,12,fixed,5,1,0,1,2053.6,2020.2,33.4,148.6,115.2,127,127,0,0,0,0,2,1,0,0,0,0,0,0,0,0,0,0,84,263.8,0.81,2,2,1,1,0,0,,0,0,0,0,0,0,0,0.0,0.0
cooperative,cooperative_8,1592678350,nocombat,12,fixed,5,1,0,2,2225.0,2259.6,-34.6,150.0,139.6,127,171,0,36,0,0,2,0,0,0,10,0,18,17,17,35,0,0,84,519.6,1.59,2,3,1,1,0,0,,0,0,0,0,0,0,0,0.0,0.0
cooperative,cooperative_9,1592688323,nocombat,12,fixed,5,1,0,2,915.5,2053.0,-1137.5,309.5,150.0,47,127,6,0,0,0,0,1,0,1,3,10,1,1,0,51,0,0,84,539.5,1.65,2,2,1,1,0,0,,0,1,0,0,0,0,1,0.0,0.0
cooperative,cooperative_10,1592698296,nocombat,12,fixed,5,1,0,2,2210.2,2316.0,-105.8,115.2,146.2,127,171,0,34,0,0,1,0,0,0,0,0,17,17,16,37,0,0,84,490.9,1.50,2,3,1,1,0,0,,0,0,0,0,0,0,0,0.0,0.0
cooperative,cooperative_11,1592708269,nocombat,12,fixed,5,1,0,2,2000.8,2020.8,-20.0,0.0,0.0,127,127,0,0,0,0,4,4,0,0,3,3,2,1,0,82,1,0,84,299.1,0.91,2,2,1,1,0,0,,0,0,0,0,0,0,0,0.0,0.0
cooperative,cooperative_12,1592718242,nocombat,12,fixed,5,1,0,1,2050.2,1015.1,1035.1,115.2,309.1,127,47,0,2,0,0,1,1,0,0,0,3,1,1,0,55,0,0,84,504.2,1.54,2,2,1,1,0,0,,0,0,0,0,0,0,0,0.0,0.0
cooperative,cooperative_13,1592728215,nocombat,12,fixed,5,1,0,2,885.1,2068.1,-1183.0,309.1,133.1,45,127,6,0,0,0,0,0,0,0,3,0,1,1,0,52,0,0,84,522.1,1.59,2,2,1,1,0,0,,0,0,0,0,0,0,0,0.0,0.0
cooperative,cooperative_14,1592738188,nocombat,12,fixed,5,1,0,2,-371.1,107.1,-478.1,118.9,309.1,45,61,49,47,0,0,0,0,0,0,0,4,1,1,0,57,0,0,84,588.0,1.80,2,2,1,1,0,0,,0,0,0,0,0,0,0,0.0,0.0
cooperative,cooperative_15,1592748161,nocombat,12,fixed,5,1,0,2,-371.1,119.1,-490.1,118.9,309.1,45,61,49,47,0,0,0,0,0,0,0,0,1,1,0,56,0,0,84,588.0,1.80,2,2,1,1,0,0,,0,0,0,0,0,0,0,0.0,0.0
cooperative,cooperative_16,1592758134,nocombat,12,fixed,5,1,0,1,2261.6,200.0,2061.6,116.6,310.0,127,39,0,49,0,0,0,0,0,0,0,10,24,24,24,27,0,0,84,586.6,1.79,2,3,1,1,0,0,,0,0,0,0,0,0,0,0.0,0.0
cooperative,cooperative_17,1592768107,nocombat,12,fixed,5,1,0,2,-2220.0,-2200.0,-20.0,0.0,0.0,127,127,168,168,0,0,4,4,0,0,10,10,2,1,0,82,1,0,84,300.0,0.92,2,2,1,1,0,0,,0,0,0,0,0,0,0,0.0,0.0
cooperative,cooperative_18,1592778080,nocombat,12,fixed,5,1,0,2,1286.6,2054.7,-768.1,346.6,146.7,67,127,5,0,0,0,0,2,0,0,0,9,1,1,0,65,0,0,84,573.3,1.75,3,2,1,1,0,0,,0,0,0,0,0,0,0,0.0,0.0
cooperative,cooperative_19,1592788053,nocombat,12,fixed,5,1,0,2,2194.5,2316.1,-121.5,149.5,141.1,127,173,0,35,0,0,0,0,0,0,10,0,17,17,17,35,0,0,84,520.6,1.59,2,3,1,1,0,0,,0,0,0,0,0,0,0,0.0,0.0
cooperative,cooperative_20,1592798026,nocombat,12,fixed,5,1,0,2,2025.0,2053.6,-28.6,150.0,148.6,127,127,0,0,0,0,2,2,0,0,10,0,0,0,0,0,0,0,84,298.6,0.91,2,2,1,1,0,0,,0,0,0,0,0,0,0,0.0,0.0
cooperative,cooperative_21,1592807999,nocombat,12,fixed,5,1,0,1,-2000.0,-4660.0,2660.0,770.0,150.0,141,171,201,301,1,0,0,0,0,0,10,0,6,6,5,62,1,0,84,1160.0,3.54,3,3,2,1,0,0,,0,0,0,0,0,0,0,0.0,0.0
cooperative,cooperative_22,1592817972,nocombat,12,fixed,5,1,0,2,-4798.3,-1345.0,-3453.3,146.7,230.0,173,209,310,203,0,0,0,0,0,0,0,10,13,7,6,62,1,0,84,766.7,2.34,3,3,1,1,0,0,,0,0,0,0,0,0,0,0.0,0.0
cooperative,cooperative_23,1592827945,nocombat,12,fixed,5,1,0,1,325.5,-800.0,1125.5,469.5,310.0,73,39,59,85,0,0,1,0,0,0,3,10,19,19,18,38,0,0,84,1009.5,3.08,3,3,1,1,0,0,,0,0,0,0,0,0,0,0.0,0.0
cooperative,cooperative_24,1592837918,nocombat,12,fixed,5,1,0,2,620.5,1755.1,-1134.6,389.5,140.1,55,201,29,72,0,0,1,0,0,0,3,0,14,14,14,34,0,0,84,769.6,2.35,2,3,1,1,0,0,,0,0,0,0,0,0,0,0.0,0.0
cooperative,cooperative_25,1592847891,nocombat,12,fixed,5,1,0,2,-4523.9,-1545.0,-2978.9,141.1,680.0,173,179,299,210,0,5,0,0,0,0,0,10,15,8,7,60,1,0,84,1051.1,3.21,3,3,1,4,0,0,,0,0,0,0,0,0,0,0.0,0.0
cooperative,cooperative_26,1592857864,nocombat,12,fixed,5,1,0,1,2390.0,2213.6,176.4,230.0,148.6,209,125,56,0,0,0,0,2,0,0,10,0,19,19,19,20,0,0,84,528.6,1.61,3,2,1,1,0,0,,0,0,0,0,0,0,0,0.0,0.0
cooperative,cooperative_27,1592867837,nocombat,12,fixed,5,1,0,1,2293.6,717.0,1576.6,148.6,760.0,127,49,0,49,0,0,1,4,0,0,0,11,24,24,24,27,0,0,84,908.6,2.78,2,3,1,2,0,0,,0,0,0,0,0,0,0,0.0,0.0
cooperative,cooperative_28,1592877810,nocombat,12,fixed,5,1,0,1,2053.6,2025.0,28.6,148.6,150.0,127,127,0,0,0,0,0,4,0,0,0,10,0,0,0,0,0,0,84,298.6,0.91,2,2,1,1,0,0,,0,0,0,0,0,0,0,0.0,0.0
cooperative,cooperative_29,1592887783,nocombat,12,fixed,5,1,0,2,-9510.5,-9490.5,-20.0,229.5,229.5,32,32,410,410,0,0,0,0,0,0,0,0,2,1,0,82,3,0,84,459.1,1.40,3,3,1,1,0,0,,0,0,0,0,0,0,0,0.0,0.0
cooperative,cooperative_30,1592897756,nocombat,12,fixed,5,1,0,1,611.5,-5258.9,5870.4,141.5,298.1,171,61,107,262,0,0,0,0,0,0,0,4,17,15,15,39,0,0,84,759.6,2.32,3,2,1,1,0,0,,0,0,0,0,0,0,0,0.0,0.0
cooperative,cooperative_31,1592907729,nocombat,12,fixed,5,1,0,2,1365.5,2038.1,-672.5,389.5,133.1,63,127,0,0,0,0,0,0,0,0,3,0,0,0,0,0,0,0,84,602.6,1.84,3,2,1,1,0,0,,0,0,0,0,0,0,0,0.0,0.0
cooperative,cooperative_32,1592917702,nocombat,12,fixed,5,1,0,2,2020.2,2025.0,-4.8,115.2,150.0,127,127,0,0,0,0,1,4,0,0,0,10,0,0,0,0,0,0,84,265.2,0.81,2,2,1,1,0,0,,0,0,0,0,0,0,0,0.0,0.0
cooperative,cooperative_33,1592927675,nocombat,12,fixed,5,1,0,2,-901.1,1631.7,-2532.8,118.9,146.7,61,171,81,52,0,0,0,0,0,0,0,0,5,5,5,60,0,0,84,585.6,1.79,2,3,1,1,0,0,,0,0,0,0,0,0,0,0.0,0.0
cooperative,cooperative_34,1592937648,nocombat,12,fixed,5,1,0,1,1935.0,650.3,1284.7,0.0,145.3,127,33,0,2,0,0,0,16,0,0,0,0,1,1,0,69,0,0,84,225.3,0.69,2,2,1,1,0,0,,0,0,0,0,0,0,0,0.0,0.0
cooperative,cooperative_35,1592947621,nocombat,12,fixed,5,1,0,1,2230.0,2150.2,79.8,230.0,115.2,209,125,60,0,0,0,0,1,0,0,10,0,16,16,16,16,0,0,84,495.2,1.51,3,2,1,1,0,0,,0,0,0,0,0,0,0,0.0,0.0
cooperative,cooperative_36,1592957594,nocombat,12,fixed,5,1,0,1,2150.8,2098.3,52.5,145.8,113.3,201,125,54,0,0,0,0,0,0,0,0,0,11,11,11,17,0,0,84,499.1,1.52,3,2,1,1,0,0,,0,0,0,0,0,0,0,0.0,0.0
cooperative,cooperative_37,1592967567,nocombat,12,fixed,5,1,0,1,-30.1,-1913.0,1882.9,383.9,230.0,105,31,85,107,0,0,2,0,0,0,3,11,1,1,0,74,0,0,84,1003.9,3.07,3,2,1,1,0,0,,0,0,0,0,0,0,0,0.0,0.0
cooperative,cooperative_38,1592977540,nocombat,12,fixed,5,1,0,1,2041.8,2023.0,18.8,136.8,118.0,127,127,0,0,0,0,0,0,0,0,0,0,0,0,0,0,0,0,84,254.8,0.78,2,2,1,1,0,0,,0,0,0,0,0,0,0,0.0,0.0
cooperative,cooperative_39,1592987513,nocombat,12,fixed,5,1,0,1,-500.0,-3134.9,2634.9,380.0,309.1,43,47,67,170,0,0,0,0,0,0,10,3,5,5,4,64,0,0,84,929.1,2.84,3,2,1,1,0,0,,0,0,0,0,0,0,0,0.0,0.0
cooperative,cooperative_40,1592997486,nocombat,12,fixed,5,1,0,2,2195.0,2291.5,-96.5,150.0,141.5,127,171,0,35,0,0,2,0,0,0,10,0,17,17,17,36,0,0,84,531.5,1.62,2,3,1,1,0,0,,0,0,0,0,0,0,0,0.0,0.0
cooperative,cooperative_41,1593007459,nocombat,12,fixed,5,1,0,2,2187.8,2436.2,-248.4,112.8,226.2,127,171,0,30,0,0,0,0,0,0,0,0,15,14,14,41,0,0,84,569.1,1.74,2,3,1,1,0,0,,0,0,0,0,0,0,0,0.0,0.0
cooperative,cooperative_42,1593017432,nocombat,12,fixed,5,1,0,1,2053.6,2039.0,14.6,148.6,134.0,127,127,0,0,0,0,2,0,0,0,0,0,0,0,0,0,0,0,84,282.6,0.86,2,2,1,1,0,0,,0,0,0,0,0,0,0,0.0,0.0
cooperative,cooperative_43,1593027405,nocombat,12,fixed,5,1,0,2,2053.6,2054.5,-0.9,148.6,149.5,127,127,0,0,0,0,0,0,0,0,0,0,0,0,0,0,0,0,84,298.1,0.91,2,2,1,1,0,0,,0,0,0,0,0,0,0,0.0,0.0
cooperative,cooperative_44,1593037378,nocombat,12,fixed,5,1,0,1,520.0,-3576.9,4096.9,230.0,309.1,209,45,144,190,0,0,0,13,0,1,10,3,27,24,23,28,0,0,84,849.1,2.59,3,2,1,1,0,0,,0,1,0,0,1,0,0,0.0,0.0
cooperative,cooperative_45,1593047351,nocombat,12,fixed,5,1,0,2,2224.5,2286.5,-62.0,149.5,141.5,127,171,0,35,0,0,0,0,0,0,0,0,17,17,17,36,0,0,84,521.1,1.59,2,3,1,1,0,0,,0,0,0,0,0,0,0,0.0,0.0
cooperative,cooperative_46,1593057324,nocombat,12,fixed,5,1,0,1,2038.1,1135.5,902.5,133.1,469.5,127,45,0,0,0,0,0,0,0,0,0,3,0,0,0,0,0,0,84,602.6,1.84,2,2,1,1,0,0,,0,0,0,0,0,0,0,0.0,0.0
cooperative,cooperative_47,1593067297,nocombat,12,fixed,5,1,0,2,915.1,2085.0,-1169.9,309.1,150.0,47,127,6,0,0,0,1,0,0,0,3,0,1,1,0,51,0,0,84,539.1,1.65,2,2,1,1,0,0,,0,0,0,0,0,0,0,0.0,0.0
cooperative,cooperative_48,1593077270,nocombat,12,fixed,5,1,0,2,1755.0,2213.6,-458.6,530.0,148.6,145,125,55,0,0,0,0,2,0,0,10,0,17,17,16,21,0,0,84,908.6,2.78,3,2,1,1,0,0,,0,0,0,0,0,0,0,0.0,0.0
cooperative,cooperative_49,1593087243,nocombat,12,fixed,5,1,0,2,-10219.5,-1045.0,-9174.5,309.5,680.0,47,54,461,141,0,0,1,0,0,0,3,10,42,24,23,28,0,0,84,1069.5,3.27,2,4,1,2,0,0,,0,0,0,0,0,0,0,0.0,0.0
cooperative,cooperative_50,1593097216,nocombat,12,fixed,5,1,0,1,2260.2,2190.0,70.2,115.2,310.0,127,169,0,49,0,0,1,4,0,0,0,10,24,24,24,27,0,0,84,665.2,2.03,2,3,1,1,0,0,,0,0,0,0,0,0,0,0.0,0.0
cooperative,cooperative_51,1593107189,nocombat,12,fixed,5,1,0,1,2055.0,982.5,1072.5,150.0,309.5,127,45,0,2,0,0,2,0,0,0,10,4,1,1,0,56,0,0,84,539.5,1.65,2,2,1,1,0,0,,0,0,0,0,0,0,0,0.0,0.0
cooperative,cooperative_52,1593117162,nocombat,12,fixed,5,1,0,1,-2886.1,-2924.0,37.9,118.9,610.0,175,44,236,182,0,0,44,22,0,0,0,18,18,13,12,50,0,0,84,968.9,2.96,3,3,1,2,0,0,,0,0,0,0,0,0,0,0.0,0.0
cooperative,cooperative_53,1593127135,nocombat,12,fixed,5,1,0,1,2084.1,1015.5,1068.5,149.1,309.5,127,47,0,2,0,0,1,0,0,0,0,3,1,1,0,55,0,0,84,538.6,1.64,2,2,1,1,0,0,,0,0,0,0,0,0,0,0.0,0.0
cooperative,cooperative_54,1593137108,nocombat,12,fixed,5,1,0,1,2131.1,2090.2,40.9,141.1,115.2,203,125,55,0,0,0,0,1,0,0,0,0,10,10,10,15,0,0,84,496.2,1.52,3,2,1,1,0,0,,0,0,0,0,0,0,0,0.0,0.0
cooperative,cooperative_55,1593147081,nocombat,12,fixed,5,1,0,1,2283.6,686.0,1597.6,148.6,680.0,125,54,0,48,0,0,2,5,0,0,0,28,24,24,23,28,0,0,84,828.6,2.53,2,3,1,3,0,0,,0,0,0,0,0,0,0,0.0,0.0
cooperative,cooperative_56,1593157054,nocombat,12,fixed,5,1,0,1,465.0,-6930.6,7395.6,230.0,144.4,189,57,133,324,0,0,0,0,0,0,10,0,25,24,23,24,0,0,84,684.4,2.09,3,2,1,1,0,0,,0,0,0,0,0,0,0,0.0,0.0
cooperative,cooperative_57,1593167027,nocombat,12,fixed,5,1,0,2,-5850.0,-2800.0,-3050.0,0.0,150.0,125,32,342,168,0,0,4,0,0,0,10,10,52,26,25,32,1,0,84,300.0,0.92,2,3,1,1,0,0,,0,0,0,0,0,0,0,0.0,0.0
cooperative,cooperative_58,1593177000,nocombat,12,fixed,5,1,0,2,1084.1,2055.0,-970.9,309.1,150.0,61,127,8,0,0,0,1,2,0,0,0,10,1,1,0,39,0,0,84,539.1,1.65,2,2,1,1,0,0,,0,0,0,0,0,0,0,0.0,0.0
cooperative,cooperative_59,1593186973,nocombat,12,fixed,5,1,0,1,1086.1,885.0,201.1,309.1,380.0,45,43,0,10,0,0,10,0,1,0,0,10,5,5,4,64,0,0,84,849.1,2.59,2,3,1,1,0,0,,4,0,1,0,0,0,1,0.0,0.0
cooperative,cooperative_60,1593196946,nocombat,12,fixed,5,1,0,2,32.0,2277.8,-2245.8,230.0,112.8,39,127,53,0,0,0,0,2,0,0,11,0,24,23,23,23,0,0,84,572.8,1.75,3,2,1,1,0,0,,0,0,0,0,0,0,0,0.0,0.0
cooperative,cooperative_61,1593206919,nocombat,12,fixed,5,1,0,2,894.1,2071.8,-1177.8,309.1,136.8,45,127,6,0,0,0,0,0,0,0,0,0,1,1,0,52,0,0,84,525.9,1.61,2,2,1,1,0,0,,0,0,0,0,0,0,0,0.0,0.0
cooperative,cooperative_62,1593216892,nocombat,12,fixed,5,1,0,1,2038.1,1969.6,68.4,133.1,0.0,127,127,0,0,0,0,0,0,0,0,0,0,0,0,0,0,0,0,84,262.4,0.80,2,2,1,1,0,0,,0,0,0,0,0,0,0,0.0,0.0
cooperative,cooperative_63,1593226865,nocombat,12,fixed,5,1,0,1,10.0,-6182.5,6192.5,310.0,309.5,171,45,145,291,0,0,0,0,0,0,10,4,25,24,24,27,0,0,84,939.5,2.87,3,2,1,1,0,0,,0,0,0,0,0,0,0,0.0,0.0
cooperative,cooperative_64,1593236838,nocombat,12,fixed,5,1,0,2,-1670.0,-331.1,-1338.9,230.0,198.9,39,89,115,84,0,0,0,1,0,0,10,0,16,13,12,13,0,0,84,738.9,2.26,3,3,1,1,0,0,,0,0,0,0,0,0,0,0.0,0.0
cooperative,cooperative_65,1593246811,nocombat,12,fixed,5,1,0,2,1460.5,2050.2,-589.6,389.5,115.2,73,127,2,0,0,0,0,1,0,0,3,0,1,0,0,0,0,0,84,574.7,1.76,3,2,1,1,0,0,,0,0,0,0,0,0,0,0.0,0.0
cooperative,cooperative_66,1593256784,nocombat,12,fixed,5,1,0,2,1206.1,2321.2,-1115.2,309.1,146.2,45,171,0,34,0,0,10,0,1,0,0,0,17,17,16,37,0,0,84,775.3,2.37,2,3,1,1,0,0,,4,0,1,0,0,0,1,0.0,0.0
cooperative,cooperative_67,1593266757,nocombat,12,fixed,5,1,0,1,819.6,-3299.5,4119.1,219.6,309.5,171,47,91,175,0,0,0,1,0,0,0,3,8,8,7,50,0,0,84,769.2,2.35,3,2,1,1,0,0,,0,0,0,0,0,0,0,0.0,0.0
cooperative,cooperative_68,1593276730,nocombat,12,fixed,5,1,0,2,-4064.5,834.2,-4898.6,309.5,139.2,47,171,210,104,2,0,0,0,0,0,3,0,25,14,14,42,0,0,84,768.7,2.35,2,3,1,1,0,0,,0,0,0,0,0,0,0,0.0,0.0
cooperative,cooperative_69,1593286703,nocombat,12,fixed,5,1,0,2,2091.6,2639.2,-547.6,116.6,219.2,125,201,0,35,0,0,0,0,0,0,0,0,8,8,7,36,0,0,84,575.8,1.76,2,3,1,1,0,0,,0,0,0,0,0,0,0,0.0,0.0
cooperative,cooperative_70,1593296676,nocombat,12,fixed,5,1,0,1,2285.0,730.0,1555.0,150.0,760.0,127,49,0,48,0,0,3,16,0,0,10,15,24,24,23,28,0,0,84,910.0,2.78,2,3,1,2,0,0,,0,0,0,0,0,0,0,0.0,0.0
cooperative,cooperative_71,1593306649,nocombat,12,fixed,5,1,0,1,2054.7,1073.9,980.8,146.7,118.9,127,63,0,2,0,0,1,0,0,0,9,0,1,1,0,41,0,0,84,345.6,1.06,2,2,1,1,0,0,,0,0,0,0,0,0,0,0.0,0.0
cooperative,cooperative_72,1593316622,nocombat,12,fixed,5,1,0,2,2265.0,2700.6,-435.6,150.0,220.6,125,203,0,44,0,0,0,0,0,0,0,0,22,21,21,26,0,0,84,600.6,1.83,2,3,1,1,0,0,,0,0,0,0,0,0,0,0.0,0.0
cooperative,cooperative_73,1593326595,nocombat,12,fixed,5,1,0,2,225.0,2125.0,-1900.0,610.0,0.0,44,127,56,0,0,0,20,0,0,0,15,0,20,20,19,20,0,0,84,610.0,1.86,3,2,2,1,0,0,,0,0,0,0,0,0,0,0.0,0.0
cooperative,cooperative_74,1593336568,nocombat,12,fixed,5,1,0,2,894.1,2047.7,-1153.6,309.1,114.7,45,127,6,0,0,0,0,4,0,1,0,0,1,1,0,52,0,0,84,503.8,1.54,2,2,1,1,0,0,,0,1,0,0,0,0,1,0.0,0.0
cooperative,cooperative_75,1593346541,nocombat,12,fixed,5,1,0,1,-1915.0,-3815.4,1900.4,230.0,139.6,209,203,219,286,0,0,0,0,0,0,10,0,4,4,3,64,1,0,84,839.6,2.56,3,3,1,1,0,0,,0,0,0,0,0,0,0,0.0,0.0
cooperative,cooperative_76,1593356514,nocombat,12,fixed,5,1,0,1,2045.7,1234.1,811.6,114.7,309.1,127,61,0,2,0,0,2,0,2,0,0,0,1,1,0,45,0,0,84,503.8,1.54,2,2,1,1,0,0,,2,0,0,0,0,0,2,0.0,0.0
cooperative,cooperative_77,1593366487,nocombat,12,fixed,5,1,0,2,1022.5,1935.0,-912.5,309.5,0.0,61,127,10,0,0,0,0,1,0,0,4,0,1,1,0,37,0,0,84,389.5,1.19,2,2,1,1,0,0,,0,0,0,0,0,0,0,0.0,0.0
cooperative,cooperative_78,1593376460,nocombat,12,fixed,5,1,0,2,1084.1,2072.8,-988.7,309.1,137.8,61,127,8,0,0,0,10,3,0,0,0,0,1,1,0,39,0,0,84,526.8,1.61,2,2,1,1,0,0,,0,0,0,0,0,0,0,0.0,0.0
cooperative,cooperative_79,1593386433,nocombat,12,fixed,5,1,0,2,-4155.0,-2533.3,-1621.7,390.0,146.7,39,173,211,223,49,0,0,0,0,0,10,0,8,5,5,62,1,0,84,1006.7,3.07,3,3,1,1,0,0,,0,0,0,0,0,0,0,0.0,0.0
cooperative,cooperative_80,1593396406,nocombat,12,fixed,5,1,0,2,-6806.0,-6786.0,-20.0,230.0,230.0,32,32,303,303,0,0,0,1,0,0,17,17,2,1,0,82,5,0,84,780.0,2.38,3,3,1,1,0,0,,0,0,0,0,0,0,0,0.0,0.0
cooperative,cooperative_81,1593406379,nocombat,12,fixed,5,1,0,2,-4500.0,-775.0,-3725.0,260.0,380.0,35,41,215,79,0,12,0,0,0,0,0,10,5,3,2,70,0,0,84,950.0,2.90,2,3,1,1,0,0,,0,0,0,0,0,0,0,0.0,0.0
cooperative,cooperative_82,1593416352,nocombat,12,fixed,5,1,0,2,2076.9,2145.0,-68.1,118.9,150.0,159,127,29,0,0,0,36,1,1,0,0,10,10,9,9,18,0,0,84,508.9,1.55,3,2,1,1,0,0,,1,0,0,0,1,0,0,0.0,0.0
cooperative,cooperative_83,1593426325,nocombat,12,fixed,5,1,0,2,1109.1,2083.6,-974.5,309.1,148.6,61,127,7,0,0,0,0,0,0,0,0,0,1,1,0,40,0,0,84,537.6,1.64,2,2,1,1,0,0,,0,0,0,0,0,0,0,0.0,0.0
cooperative,cooperative_84,1593436298,nocombat,12,fixed,5,1,0,2,-5114.5,-2385.0,-2729.5,229.5,310.0,47,45,246,139,0,0,0,0,0,0,3,10,1,1,0,74,0,0,84,929.5,2.84,2,3,1,1,0,0,,0,0,0,0,0,0,0,0.0,0.0
cooperative,cooperative_85,1593446271,nocombat,12,fixed,5,1,0,2,-3049.5,1366.5,-4416.0,309.5,141.5,47,171,165,59,0,0,0,0,0,0,3,0,1,1,0,69,0,0,84,761.1,2.32,2,3,1,1,0,0,,0,0,0,0,0,0,0,0.0,0.0
cooperative,cooperative_86,1593456244,nocombat,12,fixed,5,1,0,1,-2018.0,-8364.5,6346.5,230.0,309.5,39,47,143,380,0,0,0,0,0,0,11,3,25,24,24,27,0,0,84,849.5,2.59,3,2,1,1,0,0,,0,0,0,0,0,0,0,0.0,0.0
cooperative,cooperative_87,1593466217,nocombat,12,fixed,5,1,0,1,-630.0,-8359.9,7729.9,230.0,309.1,129,47,142,379,0,0,0,1,0,0,10,3,24,24,23,28,0,0,84,849.1,2.59,3,2,1,1,0,0,,0,0,0,0,0,0,0,0.0,0.0
cooperative,cooperative_88,1593476190,nocombat,12,fixed,5,1,0,1,2055.0,994.1,1060.9,150.0,309.1,127,45,0,2,0,0,1,1,0,0,10,0,1,1,0,56,0,0,84,539.1,1.65,2,2,1,1,0,0,,0,0,0,0,0,0,0,0.0,0.0
cooperative,cooperative_89,1593486163,nocombat,12,fixed,5,1,0,2,1330.5,2068.1,-737.5,389.5,133.1,73,127,8,0,0,0,0,0,0,0,3,0,1,1,0,49,0,0,84,592.6,1.81,3,2,1,1,0,0,,0,0,0,0,0,0,0,0.0,0.0
cooperative,cooperative_90,1593496136,nocombat,12,fixed,5,1,0,2,-2193.2,-2170.2,-23.0,0.0,0.0,127,127,168,168,0,0,4,4,0,0,1,0,2,1,0,82,1,0,84,299.1,0.91,2,2,1,1,0,0,,0,0,0,0,0,0,0,0.0,0.0
cooperative,cooperative_91,1593506109,nocombat,12,fixed,5,1,0,1,2055.0,1374.6,680.4,150.0,458.6,127,61,0,2,0,0,1,0,0,0,10,3,1,1,0,44,0,0,84,688.6,2.10,2,2,1,1,0,0,,0,0,0,0,0,0,0,0.0,0.0
cooperative,cooperative_92,1593516082,nocombat,12,fixed,5,1,0,2,1905.0,2023.0,-118.0,0.0,150.0,127,127,0,0,0,0,0,1,0,1,0,10,0,0,0,0,0,0,84,150.0,0.46,2,2,1,1,0,0,,0,1,0,0,0,0,1,0.0,0.0
cooperative,cooperative_93,1593526055,nocombat,12,fixed,5,1,0,1,2176.2,2129.4,46.9,226.2,136.4,171,127,35,0,0,0,0,1,0,1,0,0,9,9,9,36,0,0,84,522.6,1.60,3,2,1,1,0,0,,0,1,0,0,0,0,1,0.0,0.0
cooperative,cooperative_94,1593536028,nocombat,12,fixed,5,1,0,1,-1030.0,-6447.9,5417.9,830.0,309.1,49,61,127,312,0,0,2,0,0,0,10,4,23,23,22,26,0,0,84,1219.1,3.72,3,2,2,1,0,0,,0,0,0,0,0,0,0,0.0,0.0
cooperative,cooperative_95,1593546001,nocombat,12,fixed,5,1,0,2,2090.0,2185.0,-95.0,230.0,150.0,189,125,56,0,0,0,0,2,0,0,10,10,19,19,19,20,0,0,84,530.0,1.62,3,2,1,1,0,0,,0,0,0,0,0,0,0,0.0,0.0
cooperative,cooperative_96,1593555974,nocombat,12,fixed,5,1,0,2,-150.9,1610.0,-1760.9,469.1,310.0,79,203,84,96,0,0,1,0,0,0,0,10,27,24,23,28,0,0,84,1079.1,3.30,3,3,1,1,0,0,,0,0,0,0,0,0,0,0.0,0.0
cooperative,cooperative_97,1593565947,nocombat,12,fixed,5,1,0,1,2042.8,2041.8,0.9,137.8,136.8,127,127,0,0,0,0,1,0,0,0,0,0,0,0,0,0,0,0,84,274.6,0.84,2,2,1,1,0,0,,0,0,0,0,0,0,0,0.0,0.0
cooperative,cooperative_98,1593575920,nocombat,12,fixed,5,1,0,2,1235.0,2238.1,-1003.1,230.0,133.1,119,125,53,0,0,0,0,0,0,0,10,0,23,23,23,23,0,0,84,593.1,1.81,3,2,1,1,0,0,,0,0,0,0,0,0,0,0.0,0.0
cooperative,cooperative_99,1593585893,nocombat,12,fixed,5,1,0,1,2162.0,2065.0,97.0,230.0,0.0,199,125,59,0,0,0,0,1,0,0,11,0,17,17,16,17,0,0,84,460.0,1.40,3,2,1,1,0,0,,0,0,0,0,0,0,0,0.0,0.0
cooperative,cooperative_100,1593595866,nocombat,12,fixed,5,1,0,2,-2220.0,-2200.0,-20.0,0.0,0.0,127,127,168,168,0,0,4,4,0,0,10,10,2,1,0,82,1,0,84,300.0,0.92,2,2,1,1,0,0,,0,0,0,0,0,0,0,0.0,0.0
cooperative,cooperative_101,1593605839,nocombat,12,fixed,5,1,0,1,414.6,-5740.9,6155.6,139.6,309.1,173,45,114,271,0,0,0,2,0,0,0,0,14,14,14,41,0,0,84,768.7,2.35,3,2,1,1,0,0,,0,0,0,0,0,0,0,0.0,0.0
cooperative,cooperative_102,1593615812,nocombat,12,fixed,5,1,0,1,-1462.0,-6429.9,4967.9,610.0,309.1,49,55,135,307,0,0,18,2,0,0,14,3,23,22,22,27,0,0,84,999.1,3.05,3,2,2,1,0,0,,0,0,0,0,0,0,0,0.0,0.0
cooperative,cooperative_103,1593625785,nocombat,12,fixed,5,1,0,1,-2389.5,-2710.0,320.5,229.5,230.0,47,31,137,139,0,0,0,0,0,0,3,10,1,1,0,74,0,0,84,779.5,2.38,2,2,1,1,0,0,,0,0,0,0,0,0,0,0.0,0.0
cooperative,cooperative_104,1593635758,nocombat,12,fixed,5,1,0,2,484.1,1584.2,-1100.1,469.1,139.2,61,191,44,80,0,0,1,0,0,0,0,0,22,20,20,30,0,0,84,848.2,2.59,2,3,1,1,0,0,,0,0,0,0,0,0,0,0.0,0.0
cooperative,cooperative_105,1593645731,nocombat,12,fixed,5,1,0,1,2284.7,637.0,1647.7,146.7,760.0,127,44,0,48,0,0,1,22,0,2,9,17,24,24,23,28,0,0,84,906.7,2.77,2,3,1,2,0,0,,0,6,0,0,2,0,0,0.0,0.0
cooperative,cooperative_106,1593655704,nocombat,12,fixed,5,1,0,2,-8214.9,822.0,-9036.9,309.1,230.0,47,209,380,143,0,0,1,0,0,0,3,11,41,24,24,27,0,0,84,769.1,2.35,2,3,1,1,0,0,,0,0,0,0,0,0,0,0.0,0.0
cooperative,cooperative_107,1593665677,nocombat,12,fixed,5,1,0,1,-2389.9,-2710.0,320.1,229.1,230.0,47,31,137,139,0,0,0,0,0,0,3,10,1,1,0,74,0,0,84,779.1,2.38,2,2,1,1,0,0,,0,0,0,0,0,0,0,0.0,0.0
cooperative,cooperative_108,1593675650,nocombat,12,fixed,5,1,0,2,1175.1,2234.1,-1059.0,389.1,299.1,55,127,2,0,0,0,1,0,0,0,3,0,1,1,0,55,0,0,84,688.1,2.10,2,2,1,1,0,0,,0,0,0,0,0,0,0,0.0,0.0
cooperative,cooperative_109,1593685623,nocombat,12,fixed,5,1,0,2,1124.1,2068.1,-944.0,389.1,133.1,61,127,8,0,0,0,0,0,0,0,0,0,1,1,0,39,0,0,84,522.1,1.59,2,2,1,1,0,0,,0,0,0,0,0,0,0,0.0,0.0
cooperative,cooperative_110,1593695596,nocombat,12,fixed,5,1,0,2,435.0,2277.4,-1842.4,610.0,112.4,49,127,53,0,0,0,16,0,0,0,15,0,24,23,23,23,0,0,84,722.4,2.21,3,2,2,1,0,0,,0,0,0,0,0,0,0,0.0,0.0
cooperative,cooperative_111,1593705569,nocombat,12,fixed,5,1,0,2,1905.0,2017.4,-112.4,0.0,112.4,127,127,0,0,0,0,0,0,0,0,0,0,0,0,0,0,0,0,84,112.4,0.34,2,2,1,1,0,0,,0,0,0,0,0,0,0,0.0,0.0
cooperative,cooperative_112,1593715542,nocombat,12,fixed,5,1,0,2,-6295.9,125.0,-6420.9,309.1,230.0,61,139,312,127,0,0,0,0,0,0,0,10,38,24,24,27,0,0,84,849.1,2.59,2,3,1,1,0,0,,0,0,0,0,0,0,0,0.0,0.0
cooperative,cooperative_113,1593725515,nocombat,12,fixed,5,1,0,2,2038.1,2054.5,-16.5,133.1,149.5,127,127,0,0,0,0,0,0,0,0,0,0,0,0,0,0,0,0,84,282.6,0.86,2,2,1,1,0,0,,0,0,0,0,0,0,0,0.0,0.0
cooperative,cooperative_114,1593735488,nocombat,12,fixed,5,1,0,2,865.5,1980.0,-1114.5,309.5,0.0,47,127,8,0,0,0,0,0,0,0,3,10,1,1,0,49,0,0,84,539.5,1.65,2,2,1,1,0,0,,0,0,0,0,0,0,0,0.0,0.0
cooperative,cooperative_115,1593745461,nocombat,12,fixed,5,1,0,2,347.0,2283.6,-1936.6,680.0,148.6,44,127,54,0,0,0,22,0,2,0,17,0,21,21,20,22,0,0,84,828.6,2.53,3,2,2,1,0,0,,6,0,0,0,2,0,0,0.0,0.0
cooperative,cooperative_116,1593755434,nocombat,12,fixed,5,1,0,1,2280.2,405.0,1875.2,115.2,390.0,127,43,0,48,0,0,1,0,0,0,0,10,24,24,23,28,0,0,84,745.2,2.28,2,3,1,1,0,0,,0,0,0,0,0,0,0,0.0,0.0
cooperative,cooperative_117,1593765407,nocombat,12,fixed,5,1,0,2,-3153.9,-2265.0,-888.9,221.1,310.0,203,123,263,183,0,3,2,0,0,0,0,10,3,2,1,72,1,0,84,991.1,3.03,3,3,1,1,0,0,,0,0,0,0,0,0,0,0.0,0.0
cooperative,cooperative_118,1593775380,nocombat,12,fixed,5,1,0,2,2128.9,2194.7,-65.8,118.9,146.7,159,127,31,0,0,0,58,1,0,0,0,9,15,14,14,32,0,0,84,505.6,1.54,3,2,1,1,0,0,,0,0,0,0,0,0,0,0.0,0.0
cooperative,cooperative_119,1593785353,nocombat,12,fixed,5,1,0,2,885.1,2055.0,-1169.9,309.1,150.0,45,127,6,0,0,0,1,3,0,0,3,10,1,1,0,52,0,0,84,539.1,1.65,2,2,1,1,0,0,,0,0,0,0,0,0,0,0.0,0.0
cooperative,cooperative_120,1593795326,nocombat,12,fixed,5,1,0,2,-2190.5,-2171.2,-19.3,0.0,0.0,127,127,168,168,0,0,4,4,0,0,0,0,2,1,0,82,1,0,84,296.7,0.91,2,2,1,1,0,0,,0,0,0,0,0,0,0,0.0,0.0
cooperative,cooperative_121,1593805299,nocombat,12,fixed,5,1,0,1,2084.5,1015.5,1069.0,149.5,309.5,127,47,0,2,0,0,0,0,0,0,0,3,1,1,0,55,0,0,84,539.1,1.65,2,2,1,1,0,0,,0,0,0,0,0,0,0,0.0,0.0
cooperative,cooperative_122,1593815272,nocombat,12,fixed,5,1,0,1,2053.0,985.1,1067.9,118.0,309.1,127,45,0,2,0,0,0,1,0,0,0,3,1,1,0,56,0,0,84,507.1,1.55,2,2,1,1,0,0,,0,0,0,0,0,0,0,0.0,0.0
cooperative,cooperative_123,1593825245,nocombat,12,fixed,5,1,0,2,2254.7,2277.0,-22.3,146.7,230.0,125,179,0,48,0,0,1,0,0,0,9,11,24,24,23,28,0,0,84,606.7,1.85,2,3,1,1,0,0,,0,0,0,0,0,0,0,0.0,0.0
cooperative,cooperative_124,1593835218,nocombat,12,fixed,5,1,0,2,2021.6,2053.6,-32.0,116.6,148.6,127,127,0,0,0,0,0,1,0,0,0,0,0,0,0,0,0,0,84,265.2,0.81,2,2,1,1,0,0,,0,0,0,0,0,0,0,0.0,0.0
cooperative,cooperative_125,1593845191,nocombat,12,fixed,5,1,0,2,-5248.3,-3040.0,-2208.3,146.7,990.0,171,49,326,197,0,0,0,0,0,0,0,10,8,5,4,66,1,0,84,1376.7,4.20,3,3,1,2,0,0,,0,0,0,0,0,0,0,0.0,0.0
cooperative,cooperative_126,1593855164,nocombat,12,fixed,5,1,0,1,2054.5,2021.6,32.9,149.5,116.6,127,127,0,0,0,0,0,0,0,0,0,0,0,0,0,0,0,0,84,266.1,0.81,2,2,1,1,0,0,,0,0,0,0,0,0,0,0.0,0.0
cooperative,cooperative_127,1593865137,nocombat,12,fixed,5,1,0,2,1910.0,2314.1,-404.1,230.0,149.1,159,127,51,0,0,0,0,1,0,0,10,0,24,24,23,25,0,0,84,619.1,1.89,3,2,1,1,0,0,,0,0,0,0,0,0,0,0.0,0.0
cooperative,cooperative_128,1593875110,nocombat,12,fixed,5,1,0,1,-3888.0,-4068.5,180.5,230.0,141.5,69,191,214,289,0,0,0,0,0,0,11,0,4,4,3,64,0,0,84,851.5,2.60,3,3,1,1,0,0,,0,0,0,0,0,0,0,0.0,0.0
cooperative,cooperative_129,1593885083,nocombat,12,fixed,5,1,0,2,1084.1,2050.2,-966.1,309.1,115.2,61,127,8,0,0,0,0,1,0,0,0,0,1,1,0,39,0,0,84,504.2,1.54,2,2,1,1,0,0,,0,0,0,0,0,0,0,0.0,0.0
cooperative,cooperative_130,1593895056,nocombat,12,fixed,5,1,0,1,1255.0,-3149.9,4404.9,390.0,309.1,159,47,69,171,0,0,0,1,0,0,10,3,6,6,5,64,0,0,84,1009.1,3.08,3,2,1,1,0,0,,0,0,0,0,0,0,0,0.0,0.0
cooperative,cooperative_131,1593905029,nocombat,12,fixed,5,1,0,2,-10.0,2125.0,-2135.0,230.0,0.0,39,127,54,0,0,0,0,1,0,0,10,0,22,22,22,22,0,0,84,460.0,1.40,3,2,1,1,0,0,,0,0,0,0,0,0,0,0.0,0.0
cooperative,cooperative_132,1593915002,nocombat,12,fixed,5,1,0,1,2084.5,1015.5,1069.0,149.5,309.5,127,47,0,2,0,0,0,0,0,0,0,3,1,1,0,55,0,0,84,539.1,1.65,2,2,1,1,0,0,,0,0,0,0,0,0,0,0.0,0.0
cooperative,cooperative_133,1593924975,nocombat,12,fixed,5,1,0,1,2281.6,780.0,1501.6,116.6,680.0,127,58,0,48,0,0,0,0,0,0,0,10,24,23,23,27,0,0,84,796.6,2.43,2,4,1,2,0,0,,0,0,0,0,0,0,0,0.0,0.0
cooperative,cooperative_134,1593934948,nocombat,12,fixed,5,1,0,1,2041.8,2025.0,16.8,136.8,150.0,127,127,0,0,0,0,0,2,0,0,0,10,0,0,0,0,0,0,84,286.8,0.88,2,2,1,1,0,0,,0,0,0,0,0,0,0,0.0,0.0
cooperative,cooperative_135,1593944921,nocombat,12,fixed,5,1,0,1,2281.6,260.0,2021.6,116.6,310.0,127,39,0,48,0,0,0,0,0,0,0,10,24,24,23,28,0,0,84,656.6,2.01,2,3,1,1,0,0,,0,0,0,0,0,0,0,0.0,0.0
cooperative,cooperative_136,1593954894,nocombat,12,fixed,5,1,0,1,2267.0,2035.0,232.0,230.0,0.0,209,125,60,0,0,0,0,1,0,0,11,0,16,16,16,16,0,0,84,460.0,1.40,3,2,1,1,0,0,,0,0,0,0,0,0,0,0.0,0.0
cooperative,cooperative_137,1593964867,nocombat,12,fixed,5,1,0,1,2285.0,1380.0,905.0,150.0,230.0,127,119,0,48,0,0,2,0,0,0,10,10,24,24,23,28,0,0,84,610.0,1.86,2,3,1,1,0,0,,0,0,0,0,0,0,0,0.0,0.0
cooperative,cooperative_138,1593974840,nocombat,12,fixed,5,1,0,1,2054.5,2017.4,37.2,149.5,112.4,127,127,0,0,0,0,0,0,0,0,0,0,0,0,0,0,0,0,84,261.9,0.80,2,2,1,1,0,0,,0,0,0,0,0,0,0,0.0,0.0
cooperative,cooperative_139,1593984813,nocombat,12,fixed,5,1,0,1,2071.8,1175.1,896.8,136.8,389.1,127,55,0,2,0,0,0,2,0,0,0,3,1,1,0,55,0,0,84,525.9,1.61,2,2,1,1,0,0,,0,0,0,0,0,0,0,0.0,0.0
cooperative,cooperative_140,1593994786,nocombat,12,fixed,5,1,0,1,-3321.0,-10795.0,7474.0,150.0,0.0,32,125,168,531,0,0,4,2,0,0,17,10,28,28,27,28,1,0,84,300.0,0.92,3,2,1,1,0,0,,0,0,0,0,0,0,0,0.0,0.0
cooperative,cooperative_141,1594004759,nocombat,12,fixed,5,1,0,1,2054.5,2025.0,29.5,149.5,150.0,127,127,0,0,0,0,0,2,0,0,0,10,0,0,0,0,0,0,84,299.5,0.91,2,2,1,1,0,0,,0,0,0,0,0,0,0,0.0,0.0
cooperative,cooperative_142,1594014732,nocombat,12,fixed,5,1,0,2,1905.0,2053.6,-148.6,0.0,148.6,127,127,0,0,0,0,0,0,0,0,0,0,0,0,0,0,0,0,84,148.6,0.45,2,2,1,1,0,0,,0,0,0,0,0,0,0,0.0,0.0
cooperative,cooperative_143,1594024705,nocombat,12,fixed,5,1,0,2,2165.0,2213.0,-48.0,310.0,118.0,183,125,55,0,0,0,0,0,0,0,10,0,20,20,19,21,0,0,84,658.0,2.01,3,2,1,1,0,0,,0,0,0,0,0,0,0,0.0,0.0
cooperative,cooperative_144,1594034678,nocombat,12,fixed,5,1,0,1,1935.0,1015.5,919.5,0.0,309.5,127,47,0,2,0,0,0,0,0,0,0,3,1,1,0,55,0,0,84,389.5,1.19,2,2,1,1,0,0,,0,0,0,0,0,0,0,0.0,0.0
cooperative,cooperative_145,1594044651,nocombat,12,fixed,5,1,0,1,420.0,-8354.5,8774.5,230.0,309.5,199,47,142,380,0,0,0,0,0,0,10,3,25,24,23,28,0,0,84,849.5,2.59,3,2,1,1,0,0,,0,0,0,0,0,0,0,0.0,0.0
cooperative,cooperative_146,1594054624,nocombat,12,fixed,5,1,0,2,-2190.0,-2170.0,-20.0,0.0,0.0,127,127,168,168,0,0,4,4,0,0,0,0,2,1,0,82,1,0,84,300.0,0.92,2,2,1,1,0,0,,0,0,0,0,0,0,0,0.0,0.0
cooperative,cooperative_147,1594064597,nocombat,12,fixed,5,1,0,1,2072.8,1015.1,1057.7,137.8,309.1,127,47,0,2,0,0,1,1,0,0,0,3,1,1,0,55,0,0,84,526.8,1.61,2,2,1,1,0,0,,0,0,0,0,0,0,0,0.0,0.0
cooperative,cooperative_148,1594074570,nocombat,12,fixed,5,1,0,1,-3743.0,-5973.5,2230.5,610.0,141.5,49,171,209,353,0,0,2,2,0,0,11,0,6,6,5,60,0,0,84,981.5,3.00,3,3,2,1,0,0,,0,0,0,0,0,0,0,0.0,0.0
cooperative,cooperative_149,1594084543,nocombat,12,fixed,5,1,0,1,495.6,-7044.9,7540.5,140.6,309.1,201,47,135,326,0,0,0,0,0,0,0,3,22,20,20,29,0,0,84,759.6,2.32,3,2,1,1,0,0,,0,0,0,0,0,0,0,0.0,0.0
cooperative,cooperative_150,1594094516,nocombat,12,fixed,5,1,0,2,-5325.4,-2190.0,-3135.4,139.6,680.0,171,149,330,217,0,2,0,0,0,0,0,10,15,7,7,60,0,0,84,1059.6,3.24,3,3,1,4,0,0,,0,0,0,0,0,0,0,0.0,0.0
cooperative,cooperative_151,1594104489,nocombat,12,fixed,5,1,0,2,1586.7,1685.5,-98.8,146.7,469.5,173,73,58,0,0,0,0,1,0,0,0,3,9,9,9,26,0,0,84,926.2,2.83,3,3,1,1,0,0,,0,0,0,0,0,0,0,0.0,0.0
cooperative,cooperative_152,1594114462,nocombat,12,fixed,5,1,0,2,2020.2,2023.0,-2.8,115.2,118.0,127,127,0,0,0,0,1,0,0,0,0,0,0,0,0,0,0,0,84,233.2,0.71,2,2,1,1,0,0,,0,0,0,0,0,0,0,0.0,0.0
cooperative,cooperative_153,1594124435,nocombat,12,fixed,5,1,0,2,1980.0,2000.0,-20.0,0.0,0.0,127,127,0,0,0,0,4,4,0,0,10,10,2,1,0,82,1,0,84,300.0,0.92,2,2,1,1,0,0,,0,0,0,0,0,0,0,0.0,0.0
cooperative,cooperative_154,1594134408,nocombat,12,fixed,5,1,0,2,-4276.8,-2195.0,-2081.8,227.2,310.0,61,45,222,134,0,0,0,0,0,0,3,10,4,4,3,68,0,0,84,937.2,2.86,2,3,1,1,0,0,,0,0,0,0,0,0,0,0.0,0.0
cooperative,cooperative_155,1594144381,nocombat,12,fixed,5,1,0,1,2365.0,2180.2,184.8,230.0,115.2,209,125,57,0,0,0,0,1,0,0,10,0,19,19,19,19,0,0,84,495.2,1.51,3,2,1,1,0,0,,0,0,0,0,0,0,0,0.0,0.0
cooperative,cooperative_156,1594154354,nocombat,12,fixed,5,1,0,1,2054.5,2020.2,34.4,149.5,115.2,127,127,0,0,0,0,0,1,0,0,0,0,0,0,0,0,0,0,84,264.7,0.81,2,2,1,1,0,0,,0,0,0,0,0,0,0,0.0,0.0
cooperative,cooperative_157,1594164327,nocombat,12,fixed,5,1,0,2,2016.7,2065.0,-48.3,146.7,0.0,171,127,43,0,0,0,0,1,0,0,0,0,14,13,13,28,0,0,84,386.7,1.18,3,2,1,1,0,0,,0,0,0,0,0,0,0,0.0,0.0
cooperative,cooperative_158,1594174300,nocombat,12,fixed,5,1,0,2,1825.0,2225.0,-400.0,380.0,150.0,155,125,53,0,0,0,0,3,0,0,10,10,21,20,20,22,0,0,84,680.0,2.08,3,2,1,1,0,0,,0,0,0,0,0,0,0,0.0,0.0
cooperative,cooperative_159,1594184273,nocombat,12,fixed,5,1,0,2,-2253.0,-2250.0,-3.0,0.0,0.0,127,127,168,168,0,0,4,4,0,0,11,10,0,0,0,0,1,0,84,300.0,0.92,2,2,1,1,0,0,,0,0,0,0,0,0,0,0.0,0.0
cooperative,cooperative_160,1594194246,nocombat,12,fixed,5,1,0,1,2054.7,1015.1,1039.6,146.7,309.1,127,47,0,2,0,0,2,0,0,0,9,3,1,1,0,55,0,0,84,535.8,1.64,2,2,1,1,0,0,,0,0,0,0,0,0,0,0.0,0.0
cooperative,cooperative_161,1594204219,nocombat,12,fixed,5,1,0,1,2053.0,1175.5,877.5,118.0,389.5,127,55,0,2,0,0,0,0,0,0,0,3,1,1,0,55,0,0,84,507.5,1.55,2,2,1,1,0,0,,0,0,0,0,0,0,0,0.0,0.0
cooperative,cooperative_162,1594214192,nocombat,12,fixed,5,1,0,2,520.0,2280.2,-1760.2,680.0,115.2,49,127,53,0,0,0,6,2,0,0,10,0,24,23,23,23,0,0,84,795.2,2.43,3,2,2,1,0,0,,0,0,0,0,0,0,0,0.0,0.0
cooperative,cooperative_163,1594224165,nocombat,12,fixed,5,1,0,1,2039.5,2017.4,22.1,134.5,112.4,127,127,0,0,0,0,0,0,0,0,0,0,0,0,0,0,0,0,84,246.8,0.75,2,2,1,1,0,0,,0,0,0,0,0,0,0,0.0,0.0
cooperative,cooperative_164,1594234138,nocombat,12,fixed,5,1,0,2,2154.6,2234.5,-79.9,139.6,149.5,171,127,37,0,0,0,0,0,0,0,0,0,16,15,15,34,0,0,84,439.2,1.34,3,2,1,1,0,0,,0,0,0,0,0,0,0,0.0,0.0
cooperative,cooperative_165,1594244111,nocombat,12,fixed,5,1,0,1,2313.6,935.0,1378.6,148.6,230.0,127,89,0,48,0,0,2,0,0,0,0,10,24,24,23,28,0,0,84,618.6,1.89,2,3,1,1,0,0,,0,0,0,0,0,0,0,0.0,0.0
cooperative,cooperative_166,1594254084,nocombat,12,fixed,5,1,0,1,2083.6,1015.5,1068.1,148.6,309.5,127,47,0,2,0,0,0,0,0,0,0,3,1,1,0,55,0,0,84,538.1,1.64,2,2,1,1,0,0,,0,0,0,0,0,0,0,0.0,0.0
cooperative,cooperative_167,1594264057,nocombat,12,fixed,5,1,0,2,1980.0,2000.0,-20.0,0.0,0.0,127,127,0,0,0,0,4,4,0,0,10,10,2,1,0,82,1,0,84,300.0,0.92,2,2,1,1,0,0,,0,0,0,0,0,0,0,0.0,0.0
cooperative,cooperative_168,1594274030,nocombat,12,fixed,5,1,0,2,-7685.5,-7665.9,-19.5,229.5,229.1,32,32,337,337,0,0,0,0,0,0,0,0,2,1,0,82,3,0,84,458.6,1.40,3,3,1,1,0,0,,0,0,0,0,0,0,0,0.0,0.0
cooperative,cooperative_169,1594284003,nocombat,12,fixed,5,1,0,2,2225.0,2266.5,-41.5,150.0,141.5,127,171,0,36,0,0,3,0,0,0,10,0,18,17,17,35,0,0,84,531.5,1.62,2,3,1,1,0,0,,0,0,0,0,0,0,0,0.0,0.0
cooperative,cooperative_170,1594293976,nocombat,12,fixed,5,1,0,1,391.1,-5190.9,5582.0,141.1,309.1,173,45,116,249,0,0,0,0,0,0,0,0,15,14,14,40,0,0,84,760.1,2.32,3,2,1,1,0,0,,0,0,0,0,0,0,0,0.0,0.0
cooperative,cooperative_171,1594303949,nocombat,12,fixed,5,1,0,2,510.0,2115.0,-1605.0,760.0,0.0,49,127,55,0,0,0,2,1,0,0,10,0,21,21,21,21,0,0,84,760.0,2.32,3,2,2,1,0,0,,0,0,0,0,0,0,0,0.0,0.0
cooperative,cooperative_172,1594313922,nocombat,12,fixed,5,1,0,1,2234.7,1655.0,579.7,146.7,230.0,125,139,0,49,0,0,1,0,0,0,9,10,24,24,24,27,0,0,84,606.7,1.85,2,3,1,1,0,0,,0,0,0,0,0,0,0,0.0,0.0
cooperative,cooperative_173,1594323895,nocombat,12,fixed,5,1,0,1,-882.1,-1443.8,561.7,118.9,146.2,201,171,165,173,0,0,50,2,8,0,0,0,3,2,1,67,1,0,84,735.2,2.25,3,3,1,1,0,0,,33,0,0,0,6,0,2,0.0,0.0
cooperative,cooperative_174,1594333868,nocombat,12,fixed,5,1,0,2,2130.2,2621.7,-491.5,115.2,226.7,127,171,0,18,0,0,1,0,0,0,0,0,9,8,8,53,0,0,84,581.9,1.78,2,3,1,1,0,0,,0,0,0,0,0,0,0,0.0,0.0
cooperative,cooperative_175,1594343841,nocombat,12,fixed,5,1,0,2,765.0,1365.5,-600.5,610.0,389.5,109,83,76,23,2,0,0,0,0,0,10,3,23,21,21,25,0,0,84,1149.5,3.51,3,3,2,1,0,0,,0,0,0,0,0,0,0,0.0,0.0
cooperative,cooperative_176,1594353814,nocombat,12,fixed,5,1,0,2,2166.7,2208.1,-41.4,146.7,133.1,173,127,39,0,0,0,0,0,0,0,0,0,15,14,14,31,0,0,84,519.8,1.59,3,2,1,1,0,0,,0,0,0,0,0,0,0,0.0,0.0
cooperative,cooperative_177,1594363787,nocombat,12,fixed,5,1,0,2,190.0,2227.7,-2037.7,530.0,114.7,44,125,55,0,0,0,19,3,0,1,15,0,22,21,21,21,0,0,84,644.7,1.97,3,2,2,1,0,0,,0,1,0,0,0,0,1,0.0,0.0
cooperative,cooperative_178,1594373760,nocombat,12,fixed,5,1,0,2,-2202.5,-2179.5,-23.1,0.0,0.0,127,127,168,168,0,0,4,4,0,0,3,3,2,1,0,82,1,0,84,292.0,0.89,2,2,1,1,0,0,,0,0,0,0,0,0,0,0.0,0.0
cooperative,cooperative_179,1594383733,nocombat,12,fixed,5,1,0,2,1980.0,2000.0,-20.0,0.0,0.0,127,127,0,0,0,0,4,4,0,0,10,10,2,1,0,82,1,0,84,300.0,0.92,2,2,1,1,0,0,,0,0,0,0,0,0,0,0.0,0.0
cooperative,cooperative_180,1594393706,nocombat,12,fixed,5,1,0,2,915.1,2068.1,-1153.0,309.1,133.1,47,127,6,0,0,0,1,0,0,0,3,0,1,1,0,51,0,0,84,522.1,1.59,2,2,1,1,0,0,,0,0,0,0,0,0,0,0.0,0.0
cooperative,cooperative_181,1594403679,nocombat,12,fixed,5,1,0,2,-2197.2,-2179.5,-17.6,0.0,0.0,127,127,168,168,0,0,4,4,0,0,2,2,2,1,0,82,1,0,84,290.6,0.89,2,2,1,1,0,0,,0,0,0,0,0,0,0,0.0,0.0
cooperative,cooperative_182,1594413652,nocombat,12,fixed,5,1,0,1,2083.6,1015.5,1068.1,148.6,309.5,127,47,0,2,0,0,0,0,0,0,0,3,1,1,0,55,0,0,84,538.1,1.64,2,2,1,1,0,0,,0,0,0,0,0,0,0,0.0,0.0
cooperative,cooperative_183,1594423625,nocombat,12,fixed,5,1,0,2,-8435.9,-808.0,-7627.9,309.1,230.0,45,99,388,145,0,0,0,0,0,0,0,11,42,24,24,27,0,0,84,849.1,2.59,2,3,1,1,0,0,,0,0,0,0,0,0,0,0.0,0.0
cooperative,cooperative_184,1594433598,nocombat,12,fixed,5,1,0,1,-1392.0,-5996.1,4604.1,610.0,118.9,44,63,126,288,0,0,22,0,2,0,20,0,22,20,20,21,0,0,84,808.9,2.47,3,2,2,1,0,0,,6,0,0,0,2,0,0,0.0,0.0
cooperative,cooperative_185,1594443571,nocombat,12,fixed,5,1,0,1,2054.1,2020.2,33.9,149.1,115.2,127,127,0,0,0,0,0,1,0,0,0,0,0,0,0,0,0,0,84,264.2,0.81,2,2,1,1,0,0,,0,0,0,0,0,0,0,0.0,0.0
cooperative,cooperative_186,1594453544,nocombat,12,fixed,5,1,0,2,1080.1,1980.0,-899.9,619.1,0.0,55,127,15,0,0,0,0,0,0,0,3,10,1,1,0,42,0,0,84,769.1,2.35,2,2,1,1,0,0,,0,0,0,0,0,0,0,0.0,0.0
cooperative,cooperative_187,1594463517,nocombat,12,fixed,5,1,0,2,1072.5,2068.1,-995.5,309.5,133.1,61,127,8,0,0,0,0,0,0,0,4,0,1,1,0,39,0,0,84,522.6,1.60,2,2,1,1,0,0,,0,0,0,0,0,0,0,0.0,0.0
cooperative,cooperative_188,1594473490,nocombat,12,fixed,5,1,0,2,-2199.5,-2179.2,-20.2,0.0,0.0,127,127,168,168,0,0,4,4,0,0,3,3,2,1,0,82,1,0,84,298.6,0.91,2,2,1,1,0,0,,0,0,0,0,0,0,0,0.0,0.0
cooperative,cooperative_189,1594483463,nocombat,12,fixed,5,1,0,2,1980.0,2000.0,-20.0,0.0,0.0,127,127,0,0,0,0,4,4,0,0,10,10,2,1,0,82,1,0,84,300.0,0.92,2,2,1,1,0,0,,0,0,0,0,0,0,0,0.0,0.0
cooperative,cooperative_190,1594493436,nocombat,12,fixed,5,1,0,2,800.0,2169.0,-1369.0,690.0,134.0,58,125,42,0,0,0,0,0,0,0,10,0,16,16,16,32,0,0,84,824.0,2.52,4,2,2,1,0,0,,0,0,0,0,0,0,0,0.0,0.0
cooperative,cooperative_191,1594503409,nocombat,12,fixed,5,1,0,1,-2372.0,-5453.3,3081.3,760.0,226.7,49,171,175,335,0,0,18,0,0,0,14,0,20,19,19,20,0,0,84,1146.7,3.50,3,3,2,1,0,0,,0,0,0,0,0,0,0,0.0,0.0
cooperative,cooperative_192,1594513382,nocombat,12,fixed,5,1,0,2,-8065.4,-1685.0,-6380.4,458.6,230.0,47,39,380,143,0,0,0,0,0,0,3,10,41,24,24,27,0,0,84,998.6,3.05,2,3,1,1,0,0,,0,0,0,0,0,0,0,0.0,0.0
cooperative,cooperative_193,1594523355,nocombat,12,fixed,5,1,0,1,2285.0,745.0,1540.0,150.0,760.0,127,49,0,48,0,0,2,2,0,0,10,10,24,24,23,28,0,0,84,910.0,2.78,2,3,1,2,0,0,,0,0,0,0,0,0,0,0.0,0.0
cooperative,cooperative_194,1594533328,nocombat,12,fixed,5,1,0,2,35.0,2268.8,-2233.8,230.0,113.8,39,127,53,0,0,0,0,0,0,0,10,0,23,23,22,23,0,0,84,573.8,1.75,3,2,1,1,0,0,,0,0,0,0,0,0,0,0.0,0.0
cooperative,cooperative_195,1594543301,nocombat,12,fixed,5,1,0,2,-7975.9,1330.0,-9305.9,309.1,380.0,61,205,380,126,0,0,0,0,0,0,0,10,40,23,23,27,0,0,84,999.1,3.05,2,3,1,1,0,0,,0,0,0,0,0,0,0,0.0,0.0
cooperative,cooperative_196,1594553274,nocombat,12,fixed,5,1,0,1,1434.6,629.1,805.5,458.6,132.1,61,33,0,2,0,0,0,16,0,4,3,0,1,1,0,69,0,0,84,750.7,2.29,2,2,1,1,0,0,,0,4,0,1,0,0,4,0.0,0.0
cooperative,cooperative_197,1594563247,nocombat,12,fixed,5,1,0,1,2083.6,1383.6,700.0,148.6,458.6,127,61,0,2,0,0,1,0,0,0,0,0,1,1,0,44,0,0,84,687.2,2.10,2,2,1,1,0,0,,0,0,0,0,0,0,0,0.0,0.0
cooperative,cooperative_198,1594573220,nocombat,12,fixed,5,1,0,1,-2389.5,-2713.0,323.5,229.5,230.0,47,31,137,139,0,0,0,0,0,0,3,11,1,1,0,74,0,0,84,779.5,2.38,2,2,1,1,0,0,,0,0,0,0,0,0,0,0.0,0.0
cooperative,cooperative_199,1594583193,nocombat,12,fixed,5,1,0,2,915.5,2084.5,-1169.0,309.5,149.5,47,127,6,0,0,0,0,0,0,0,3,0,1,1,0,51,0,0,84,539.1,1.65,2,2,1,1,0,0,,0,0,0,0,0,0,0,0.0,0.0
atcm,atcm_0,1592598566,atcm,16,fixed,5,1,0,2,-15304.5,-3038.0,-12266.5,309.5,310.0,103,203,702,309,0,6,3,0,3,0,4,11,51,28,27,48,0,0,112,1079.5,3.30,3,3,1,1,0,0,atcm,6,0,0,0,1,0,2,0.0,0.0
atcm,atcm_1,1592608539,atcm,16,fixed,5,1,0,1,3179.0,-212.5,3391.5,134.0,610.0,181,74,0,100.5,0,0,0,34,0,8,0,18,33,33,33,37,0,0,112,744.0,2.27,2,3,1,2,0,0,atcm,0,13,0,1,3,0,5,0.0,0.0
atcm,atcm_2,1592618512,atcm,16,fixed,5,1,0,2,2854.0,3113.0,-259.0,141.5,118.0,276,181,82.5,0,0,0,0,0,0,0,0,0,26,26,25,44,0,0,112,489.5,1.50,3,2,1,1,0,0,atcm,0,0,0,0,0,0,0,0.0,0.0
atcm,atcm_3,1592628485,atcm,16,fixed,5,1,0,2,2876.2,3133.6,-257.4,146.2,148.6,276,181,81,0,0,0,0,2,0,0,0,0,25,25,24,45,0,0,112,524.8,1.60,3,2,1,1,0,0,atcm,0,0,0,0,0,0,0,0.0,0.0
atcm,atcm_4,1592638458,atcm,16,fixed,5,1,0,1,2883.6,2107.5,776.1,148.6,389.5,181,113,0,3,0,0,2,1,0,1,0,3,2,2,2,80,0,0,112,688.1,2.10,2,3,1,1,0,0,atcm,0,4,0,0,1,0,0,0.0,0.0
atcm,atcm_5,1592648431,atcm,16,fixed,5,1,0,1,-3646.7,-4815.0,1168.3,326.8,110.0,224,260,310.5,372,0,0,12,0,2,0,0,0,22,18,17,57,0,0,112,896.8,2.74,3,3,1,1,0,0,atcm,3,0,0,0,2,0,0,0.0,0.0
atcm,atcm_6,1592658404,atcm,16,fixed,5,1,0,1,-3275.0,-9069.9,5794.9,380.0,309.1,58,103,192,444,0,0,0,1,0,1,10,1,8,8,7,86,0,0,112,1149.1,3.51,3,3,1,1,1,0,atcm,0,3,0,0,1,0,0,0.0,0.0
atcm,atcm_7,1592668377,atcm,16,fixed,5,1,0,1,2707.6,2622.2,85.4,148.6,115.2,169,169,0,0,0,0,2,2,2,4,0,0,0,0,0,0,0,0,112,343.8,1.05,2,2,1,1,0,0,atcm,8,14,2,2,4,2,0,0.0,0.0
atcm,atcm_8,1592678350,atcm,16,fixed,5,1,0,1,3066.0,2714.6,351.4,150.0,139.6,178,276,0,90,0,0,2,1,1,0,10,0,28,27,26,45,0,0,112,519.6,1.59,2,3,1,1,0,0,atcm,7,0,0,0,1,0,0,0.0,0.0
atcm,atcm_9,1592688323,atcm,16,fixed,5,1,0,2,1252.5,2034.5,-782.0,309.5,150.0,95,176,24,31.5,0,0,1,7,1,3,3,10,3,3,2,76,0,0,112,689.5,2.11,3,2,1,1,0,0,atcm,4,14,0,1,3,0,1,0.0,0.0
atcm,atcm_10,1592698296,atcm,16,fixed,5,1,0,2,2882.2,2933.5,-51.3,115.2,146.2,169,276,0,79.5,0,0,1,4,4,0,0,0,26,26,26,46,0,0,112,490.9,1.50,2,3,1,1,0,0,atcm,14,0,2,0,3,1,0,0.0,0.0
atcm,atcm_11,1592708269,atcm,16,fixed,5,1,0,2,2725.8,2745.8,-20.0,0.0,0.0,176,176,0,0,0,0,9,9,1,1,3,3,2,1,0,110,1,0,112,299.1,0.91,2,2,1,1,0,0,atcm,5,5,1,1,2,0,0,0.0,0.0
atcm,atcm_12,1592718242,atcm,16,fixed,5,1,0,1,2772.2,1965.1,807.1,115.2,309.1,175,105,0,3,0,0,1,3,3,2,0,3,4,3,3,77,0,0,112,654.2,2.00,2,3,1,1,0,0,atcm,14,5,1,0,4,1,0,0.0,0.0
atcm,atcm_13,1592728215,atcm,16,fixed,5,1,0,2,1791.6,2878.1,-1086.5,309.1,133.1,103,181,7.5,0,0,0,2,0,1,0,3,0,1,1,0,81,0,0,112,682.1,2.08,3,2,1,1,0,0,atcm,3,0,0,0,1,0,0,0.0,0.0
atcm,atcm_14,1592738188,atcm,16,fixed,5,1,0,2,-1848.6,-1422.4,-426.1,118.9,309.1,103,119,145.5,145.5,0,0,3,4,3,3,0,4,1,1,0,85,1,0,112,888.0,2.71,3,3,1,1,0,0,atcm,5,6,0,0,2,0,4,0.0,0.0
atcm,atcm_15,1592748161,atcm,16,fixed,5,1,0,2,-1980.1,-1231.4,-748.6,118.9,309.1,103,119,150,139.5,0,0,5,4,2,2,0,1,3,1,1,82,0,0,112,818.0,2.50,3,3,1,1,0,0,atcm,2,5,0,0,2,0,2,0.0,0.0
atcm,atcm_16,1592758134,atcm,16,fixed,5,1,0,1,3191.6,-685.0,3876.6,116.6,310.0,181,54,0,102,0,0,0,0,0,0,0,10,34,33,33,36,0,0,112,656.6,2.01,2,3,1,1,0,1,atcm,0,0,0,0,0,0,0,0.0,0.0
atcm,atcm_17,1592768107,atcm,16,fixed,5,1,0,2,-5695.0,-5675.0,-20.0,0.0,0.0,176,176,336,336,0,0,9,9,1,1,10,10,2,1,0,110,1,0,112,300.0,0.92,2,2,1,1,0,0,atcm,5,5,1,1,2,0,0,0.0,0.0
atcm,atcm_18,1592778080,atcm,16,fixed,5,1,0,2,2820.1,2830.7,-10.6,416.6,146.7,252,181,58.5,0,0,0,0,2,3,1,0,9,1,1,1,59,0,0,112,723.3,2.21,3,2,1,1,0,0,atcm,7,7,0,0,2,0,2,0.0,0.0
atcm,atcm_19,1592788053,atcm,16,fixed,5,1,0,1,3124.5,2921.1,203.5,149.5,141.1,181,278,0,81,0,0,0,1,0,0,10,0,27,26,26,44,0,0,112,520.6,1.59,2,3,1,1,0,0,atcm,0,0,0,0,0,0,0,0.0,0.0
atcm,atcm_20,1592798026,atcm,16,fixed,5,1,0,2,2852.0,2903.6,-51.6,150.0,148.6,182,181,0,0,0,0,2,2,2,0,10,0,2,2,1,2,0,0,112,298.6,0.91,2,2,1,1,0,0,atcm,19,0,0,0,1,0,1,0.0,0.0
atcm,atcm_21,1592807999,atcm,16,fixed,5,1,0,1,-8000.0,-12097.5,4097.5,770.0,150.0,186,276,468,661.5,1,0,0,0,0,0,10,0,6,6,5,91,1,0,112,1160.0,3.54,3,3,2,1,0,0,atcm,0,0,0,0,0,0,0,0.0,0.0
atcm,atcm_22,1592817972,atcm,16,fixed,5,1,0,2,-11298.3,-6507.5,-4790.8,146.7,230.0,278,314,633,472.5,0,0,3,3,0,0,0,10,13,7,6,90,1,0,112,766.7,2.34,3,3,1,1,0,0,atcm,0,0,0,0,0,0,0,0.0,0.0
atcm,atcm_23,1592827945,atcm,16,fixed,5,1,0,1,-1957.5,-3602.5,1645.0,469.5,310.0,133,84,189,226.5,0,0,4,0,1,0,3,10,22,22,21,60,0,0,112,1099.5,3.36,3,3,1,1,0,0,atcm,4,0,0,0,1,0,0,0.0,0.0
atcm,atcm_24,1592837918,atcm,16,fixed,5,1,0,2,-1101.0,440.1,-1541.1,389.5,140.1,113,306,139.5,192,0,0,2,0,1,0,3,0,19,18,17,55,0,0,112,999.6,3.05,3,3,1,1,0,0,atcm,2,0,0,0,1,0,0,0.0,0.0
atcm,atcm_25,1592847891,atcm,16,fixed,5,1,0,2,-21691.4,-9968.0,-11723.4,141.1,840.0,278,224,1051.5,597,0,5,0,0,0,0,0,21,33,17,17,69,1,0,112,1211.1,3.70,3,3,1,11,0,0,atcm,0,0,0,0,0,0,0,0.0,0.0
atcm,atcm_26,1592857864,atcm,16,fixed,5,1,0,2,2850.0,3183.6,-333.6,230.0,148.6,304,179,105,0,0,0,1,2,0,0,10,0,33,32,32,34,0,0,112,528.6,1.61,3,2,1,1,0,0,atcm,0,0,0,0,0,0,0,0.0,0.0
atcm,atcm_27,1592867837,atcm,16,fixed,5,1,0,1,3223.6,229.0,2994.6,148.6,760.0,181,94,0,102,0,0,1,27,0,1,0,17,34,33,33,36,0,0,112,908.6,2.78,2,3,1,2,0,0,atcm,0,0,0,0,0,0,1,0.0,0.0
atcm,atcm_28,1592877810,atcm,16,fixed,5,1,0,1,2893.6,2732.0,161.6,148.6,150.0,181,176,0,0,0,0,0,4,0,3,0,10,1,1,0,7,0,0,112,298.6,0.91,2,2,1,1,0,0,atcm,0,24,0,1,2,0,1,0.0,0.0
atcm,atcm_29,1592887783,atcm,16,fixed,5,1,0,2,-20185.5,-20165.5,-20.0,229.5,229.5,62,62,855,855,0,0,0,0,0,0,0,0,2,1,0,110,3,0,112,459.1,1.40,3,3,2,2,1,1,atcm,0,0,0,0,0,0,0,0.0,0.0
atcm,atcm_30,1592897756,atcm,16,fixed,5,1,0,1,-1431.0,-12978.9,11547.9,141.5,298.1,276,119,256.5,609,0,0,0,8,0,2,0,4,21,20,19,59,0,0,112,909.6,2.78,3,3,1,1,0,0,atcm,0,5,0,0,2,0,0,0.0,0.0
atcm,atcm_31,1592907729,atcm,16,fixed,5,1,0,2,2715.5,2918.1,-202.5,389.5,133.1,148,181,3,0,4,0,1,0,2,0,3,0,5,4,4,14,0,0,112,762.6,2.33,3,2,1,1,0,0,atcm,5,0,0,0,2,0,0,0.0,0.0
atcm,atcm_32,1592917702,atcm,16,fixed,5,1,0,2,2712.2,2740.0,-27.8,115.2,150.0,175,176,0,0,0,0,1,4,3,2,0,10,0,0,0,0,0,0,112,265.2,0.81,2,2,1,1,0,0,atcm,14,10,1,1,4,1,0,0.0,0.0
atcm,atcm_33,1592927675,atcm,16,fixed,5,1,0,2,-2222.1,1022.2,-3244.3,118.9,146.7,119,276,174,142.5,0,0,6,0,2,1,0,0,9,9,8,81,0,0,112,745.6,2.28,3,3,1,1,0,0,atcm,3,1,0,0,2,0,1,0.0,0.0
atcm,atcm_34,1592937648,atcm,16,fixed,5,1,0,1,1610.5,1207.3,403.2,0.0,145.3,176,91,43.5,18,0,0,0,22,4,1,0,0,4,4,3,91,0,0,112,375.3,1.15,2,3,1,1,0,0,atcm,21,4,1,0,3,0,2,0.0,0.0
atcm,atcm_35,1592947621,atcm,16,fixed,5,1,0,2,2847.5,2892.2,-44.7,230.0,115.2,314,167,109.5,0,0,0,2,1,0,4,10,0,30,30,30,31,0,0,112,495.2,1.51,3,2,1,1,0,0,atcm,0,14,0,2,3,1,0,0.0,0.0
atcm,atcm_36,1592957594,atcm,16,fixed,5,1,0,2,2863.3,3058.3,-195.0,145.8,113.3,306,179,100.5,0,0,0,3,0,0,0,0,0,26,26,26,32,0,0,112,499.1,1.52,3,2,1,1,0,0,atcm,0,0,0,0,0,0,0,0.0,0.0
atcm,atcm_37,1592967567,atcm,16,fixed,5,1,0,1,-1614.6,-5745.5,4130.9,383.9,230.0,210,76,211.5,286.5,1,0,12,18,1,1,3,11,1,1,0,102,0,0,112,1013.9,3.10,3,2,1,1,0,0,atcm,1,10,0,0,1,1,0,0.0,0.0
atcm,atcm_38,1592977540,atcm,16,fixed,5,1,0,1,2837.8,2833.0,4.8,136.8,118.0,181,181,0,0,0,0,0,0,1,0,0,0,0,0,0,0,0,0,112,254.8,0.78,2,2,1,1,0,0,atcm,7,0,0,0,1,0,0,0.0,0.0
atcm,atcm_39,1592987513,atcm,16,fixed,5,1,0,1,-3115.0,-7737.4,4622.4,380.0,309.1,58,105,183,391.5,9,0,0,1,0,1,10,3,7,7,6,88,0,0,112,1079.1,3.30,3,3,1,1,1,0,atcm,0,5,0,0,1,0,0,0.0,0.0
atcm,atcm_40,1592997486,atcm,16,fixed,5,1,0,1,3011.0,2896.5,114.5,150.0,141.5,175,276,0,81,0,0,3,0,2,0,10,0,27,26,26,45,0,0,112,531.5,1.62,2,3,1,1,0,0,atcm,12,0,1,0,2,0,0,0.0,0.0
atcm,atcm_41,1593007459,atcm,16,fixed,5,1,0,2,3087.8,3161.2,-73.4,112.8,226.2,181,276,0,72,0,0,0,0,0,0,0,0,24,24,23,51,0,0,112,569.1,1.74,2,3,1,1,0,0,atcm,0,0,0,0,0,0,0,0.0,0.0
atcm,atcm_42,1593017432,atcm,16,fixed,5,1,0,1,2863.6,2849.0,14.6,148.6,134.0,181,181,0,0,0,0,2,0,0,0,0,0,0,0,0,0,0,0,112,282.6,0.86,2,2,1,1,0,0,atcm,0,0,0,0,0,0,0,0.0,0.0
atcm,atcm_43,1593027405,atcm,16,fixed,5,1,0,1,2863.6,2850.5,13.1,148.6,149.5,181,181,0,0,0,0,0,0,0,1,0,0,0,0,0,0,0,0,112,298.1,0.91,2,2,1,1,0,0,atcm,0,7,0,0,1,0,0,0.0,0.0
atcm,atcm_44,1593037378,atcm,16,fixed,5,1,0,1,-1910.0,-8802.9,6892.9,230.0,309.1,314,88,315,426,0,0,9,16,0,4,10,3,36,33,33,37,0,0,112,999.1,3.05,3,3,1,1,0,0,atcm,0,14,0,1,2,0,2,0.0,0.0
atcm,atcm_45,1593047351,atcm,16,fixed,5,1,0,1,3144.5,2891.5,253.0,149.5,141.5,181,276,0,81,0,0,0,0,1,0,0,0,27,26,26,45,0,0,112,521.1,1.59,2,3,1,1,0,0,atcm,5,0,0,0,1,0,0,0.0,0.0
atcm,atcm_46,1593057324,atcm,16,fixed,5,1,0,1,2888.1,2282.5,605.5,133.1,469.5,181,113,0,0,0,0,0,1,0,1,0,3,2,1,1,8,0,0,112,832.6,2.54,2,3,1,1,0,0,atcm,0,4,0,0,1,0,0,0.0,0.0
atcm,atcm_47,1593067297,atcm,16,fixed,5,1,0,2,1777.6,2408.0,-630.4,309.1,150.0,105,176,10.5,18,0,0,3,1,2,2,3,0,3,3,2,76,0,0,112,769.1,2.35,3,2,1,1,0,0,atcm,5,11,0,1,4,0,0,0.0,0.0
atcm,atcm_48,1593077270,atcm,16,fixed,5,1,0,2,1587.5,3143.6,-1556.1,530.0,148.6,205,179,106.5,0,0,0,0,2,0,0,10,0,29,28,28,33,0,0,112,908.6,2.78,3,2,1,1,0,0,atcm,0,0,0,0,0,0,0,0.0,0.0
atcm,atcm_49,1593087243,atcm,16,fixed,5,1,0,2,-24729.5,-5664.5,-19065.0,309.5,760.0,105,69,1080,355.5,0,0,8,19,2,0,3,14,60,33,33,37,0,0,112,1219.5,3.72,3,4,1,2,0,1,atcm,5,0,0,0,1,0,1,0.0,0.0
atcm,atcm_50,1593097216,atcm,16,fixed,5,1,0,1,2982.2,1783.0,1199.2,115.2,310.0,169,219,0,102,0,0,2,26,4,1,0,10,34,33,33,36,0,0,112,665.2,2.03,2,3,1,1,0,0,atcm,14,6,2,0,4,1,0,0.0,0.0
atcm,atcm_51,1593107189,atcm,16,fixed,5,1,0,1,2234.5,1427.5,807.0,150.0,309.5,182,93,25.5,18,0,0,2,0,2,1,10,4,4,4,3,78,0,0,112,689.5,2.11,2,3,1,1,0,0,atcm,19,5,0,0,2,0,1,0.0,0.0
atcm,atcm_52,1593117162,atcm,16,fixed,5,1,0,1,-7680.1,-9001.0,1320.9,118.9,610.0,280,74,489,441,0,0,74,41,5,3,0,26,18,13,12,78,0,0,112,968.9,2.96,3,3,1,2,0,0,atcm,22,14,0,1,8,0,0,0.0,0.0
atcm,atcm_53,1593127135,atcm,16,fixed,5,1,0,1,2904.1,1793.5,1110.5,149.1,309.5,181,95,0,3,0,0,1,0,0,1,0,3,4,4,4,76,0,0,112,608.6,1.86,2,3,1,1,0,0,atcm,0,6,0,0,1,0,0,0.0,0.0
atcm,atcm_54,1593137108,atcm,16,fixed,5,1,0,2,2888.6,2944.2,-55.6,141.1,115.2,308,173,100.5,0,0,0,0,1,0,3,0,0,26,26,26,31,0,0,112,496.2,1.52,3,2,1,1,0,0,atcm,0,13,0,1,2,1,0,0.0,0.0
atcm,atcm_55,1593147081,atcm,16,fixed,5,1,0,1,3163.6,-181.5,3345.1,148.6,680.0,179,69,0,100.5,0,0,2,5,0,0,0,28,33,33,33,37,0,0,112,908.6,2.78,2,3,1,3,0,1,atcm,0,0,0,0,0,0,0,0.0,0.0
atcm,atcm_56,1593157054,atcm,16,fixed,5,1,0,1,-2745.0,-16456.1,13711.1,680.0,144.4,249,115,318,742.5,2,0,0,12,0,2,10,0,31,30,29,42,0,0,112,1054.4,3.22,3,3,2,1,0,0,atcm,0,4,0,0,2,0,0,0.0,0.0
atcm,atcm_57,1593167027,atcm,16,fixed,5,1,0,2,-15030.0,-6300.0,-8730.0,0.0,150.0,180,62,753,336,0,0,5,0,0,0,10,10,70,35,35,41,1,0,112,300.0,0.92,2,3,1,2,0,1,atcm,0,0,0,0,0,0,0,0.0,0.0
atcm,atcm_58,1593177000,atcm,16,fixed,5,1,0,2,2247.6,2908.0,-660.4,389.1,150.0,129,182,10.5,0,0,0,3,2,1,1,1,10,5,4,4,60,0,0,112,769.1,2.35,3,2,1,1,0,0,atcm,3,6,0,0,2,0,0,0.0,0.0
atcm,atcm_59,1593186973,atcm,16,fixed,5,1,0,1,1916.6,610.0,1306.6,309.1,380.0,103,58,4.5,33,0,11,14,0,2,0,1,10,5,5,4,92,0,0,112,1159.1,3.54,3,3,1,1,0,1,atcm,6,0,1,0,1,0,1,0.0,0.0
atcm,atcm_60,1593196946,atcm,16,fixed,5,1,0,2,-430.5,3173.8,-3604.3,230.0,112.8,84,181,106.5,0,0,0,0,4,0,1,11,0,34,33,33,33,0,0,112,572.8,1.75,3,2,1,1,0,0,atcm,0,7,0,0,1,0,0,0.0,0.0
atcm,atcm_61,1593206919,atcm,16,fixed,5,1,0,2,1810.6,2909.8,-1099.3,309.1,136.8,103,181,7.5,0,0,0,2,0,1,1,1,0,5,4,4,73,0,0,112,595.9,1.82,3,2,1,1,0,0,atcm,4,6,0,0,2,0,0,0.0,0.0
atcm,atcm_62,1593216892,atcm,16,fixed,5,1,0,1,2848.1,2779.6,68.4,133.1,0.0,181,181,0,0,0,0,0,0,0,0,0,0,0,0,0,0,0,0,112,262.4,0.80,2,2,1,1,0,0,atcm,0,0,0,0,0,0,0,0.0,0.0
atcm,atcm_63,1593226865,atcm,16,fixed,5,1,0,1,-2590.0,-13179.5,10589.5,310.0,309.5,241,93,297,603,0,0,0,3,0,3,10,4,30,29,28,46,0,0,112,1089.5,3.33,3,3,1,1,0,0,atcm,0,6,0,0,1,0,2,0.0,0.0
atcm,atcm_64,1593236838,atcm,16,fixed,5,1,0,1,-4317.5,-4378.6,61.1,230.0,198.9,84,149,259.5,292.5,4,0,0,18,0,1,10,0,32,26,25,43,0,0,112,888.9,2.72,3,3,1,1,0,0,atcm,0,0,0,0,1,0,0,0.0,0.0
atcm,atcm_65,1593246811,atcm,16,fixed,5,1,0,1,3210.5,2742.2,468.4,389.5,115.2,188,175,3,0,1,0,1,1,2,3,3,0,1,1,0,28,0,0,112,654.7,2.00,3,2,1,1,0,0,atcm,5,14,0,1,4,1,0,0.0,0.0
atcm,atcm_66,1593256784,atcm,16,fixed,5,1,0,2,1731.6,2188.7,-457.2,309.1,146.2,103,276,19.5,109.5,0,0,14,0,2,0,1,0,26,26,26,46,0,0,112,935.3,2.86,3,3,1,1,0,0,atcm,6,0,1,0,1,0,1,0.0,0.0
atcm,atcm_67,1593266757,atcm,16,fixed,5,1,0,1,-950.8,-7589.5,6638.6,219.6,309.5,276,105,231,384,0,0,0,9,0,2,0,3,12,12,11,67,0,0,112,988.2,3.02,3,3,1,1,0,0,atcm,0,5,0,0,1,0,1,0.0,0.0
atcm,atcm_68,1593276730,atcm,16,fixed,5,1,0,2,-7808.5,-490.8,-7317.6,309.5,139.2,95,276,393,228,9,0,2,0,2,0,3,0,34,21,20,57,0,0,112,838.7,2.56,3,3,1,1,0,0,atcm,7,0,0,0,2,0,0,0.0,0.0
atcm,atcm_69,1593286703,atcm,16,fixed,5,1,0,2,2971.6,3244.2,-272.6,116.6,219.2,179,306,0,81,0,0,0,7,0,0,0,0,17,17,17,45,0,0,112,575.8,1.76,2,3,1,1,0,0,atcm,0,0,0,0,0,0,0,0.0,0.0
atcm,atcm_70,1593296676,atcm,16,fixed,5,1,0,1,1738.0,-280.5,2018.5,150.0,760.0,176,94,54,121.5,0,0,4,41,4,3,10,19,33,33,33,37,0,0,112,990.0,3.02,2,3,1,2,0,0,atcm,21,8,1,1,4,0,3,0.0,0.0
atcm,atcm_71,1593306649,atcm,16,fixed,5,1,0,1,2895.7,2049.9,845.8,146.7,118.9,182,121,0,3,0,0,1,1,1,1,9,0,4,4,3,63,0,0,112,495.6,1.51,2,3,1,1,0,0,atcm,7,2,0,0,2,0,0,0.0,0.0
atcm,atcm_72,1593316622,atcm,16,fixed,5,1,0,2,3151.0,3250.6,-99.6,150.0,220.6,179,308,0,93,0,0,0,1,1,0,0,0,31,31,30,36,0,0,112,600.6,1.83,2,3,1,1,0,0,atcm,7,0,0,0,1,0,0,0.0,0.0
atcm,atcm_73,1593326595,atcm,16,fixed,5,1,0,2,-994.5,2092.0,-3086.5,460.0,0.0,74,176,127.5,36,0,0,37,1,3,3,17,0,36,32,32,32,0,0,112,460.0,1.40,3,2,2,1,0,0,atcm,8,19,1,1,4,0,2,0.0,0.0
atcm,atcm_74,1593336568,atcm,16,fixed,5,1,0,2,1762.1,2641.7,-879.6,309.1,114.7,103,169,9,0,0,0,3,5,1,5,1,0,1,1,0,80,0,0,112,663.8,2.03,3,2,1,1,0,0,atcm,2,19,0,2,4,1,1,0.0,0.0
atcm,atcm_75,1593346541,atcm,16,fixed,5,1,0,1,-7727.5,-10015.4,2287.9,230.0,139.6,279,308,493.5,597,0,0,18,28,0,0,10,0,4,4,3,94,1,0,112,839.6,2.56,3,3,1,1,0,0,atcm,0,0,0,0,0,0,0,0.0,0.0
atcm,atcm_76,1593356514,atcm,16,fixed,5,1,0,1,2673.7,2185.1,488.6,114.7,309.1,169,119,0,3,0,0,5,2,6,1,0,1,4,3,3,67,0,0,112,653.8,2.00,2,3,1,1,0,0,atcm,18,3,2,0,4,1,2,0.0,0.0
atcm,atcm_77,1593366487,atcm,16,fixed,5,1,0,2,837.5,1858.0,-1020.5,309.5,0.0,109,185,48,39,0,0,4,1,3,2,4,0,2,2,1,64,0,0,112,539.5,1.65,3,3,1,1,0,0,atcm,5,11,0,1,3,0,2,0.0,0.0
atcm,atcm_78,1593376460,atcm,16,fixed,5,1,0,2,1241.1,1907.3,-666.2,309.1,137.8,119,185,39,43.5,0,0,20,4,2,3,1,0,1,1,0,69,1,0,112,836.8,2.56,3,3,1,1,0,0,atcm,5,14,0,1,4,0,1,0.0,0.0
atcm,atcm_79,1593386433,atcm,16,fixed,5,1,0,2,-13455.0,-8215.8,-5239.2,390.0,146.7,54,278,597,532.5,77,0,0,0,0,0,10,0,28,14,14,72,1,0,112,1016.7,3.11,3,3,1,1,1,0,atcm,0,0,0,0,0,0,0,0.0,0.0
atcm,atcm_80,1593396406,atcm,16,fixed,5,1,0,2,-14568.5,-13648.5,-920.0,230.0,230.0,52,62,625.5,595.5,0,0,0,1,0,0,17,17,2,1,0,110,5,0,112,780.0,2.38,3,3,1,2,1,1,atcm,0,0,0,0,0,0,0,0.0,0.0
atcm,atcm_81,1593406379,atcm,16,fixed,5,1,0,2,-9398.5,-3412.5,-5986.0,260.0,380.0,93,56,448.5,193.5,0,24,9,0,2,0,0,10,5,3,2,98,0,0,112,1100.0,3.36,3,3,1,1,0,1,atcm,3,0,0,0,2,0,0,0.0,0.0
atcm,atcm_82,1593416352,atcm,16,fixed,5,1,0,1,2616.9,1692.5,924.4,118.9,150.0,264,174,78,49.5,0,0,63,2,2,4,0,10,18,18,17,33,0,0,112,588.9,1.80,3,3,1,1,0,0,atcm,1,15,0,2,4,0,2,0.0,0.0
atcm,atcm_83,1593426325,atcm,16,fixed,5,1,0,2,2033.1,2923.6,-890.5,309.1,148.6,119,181,9,0,0,0,3,0,1,0,1,0,4,3,3,63,0,0,112,687.6,2.10,3,2,1,1,0,0,atcm,4,0,0,0,1,0,0,0.0,0.0
atcm,atcm_84,1593436298,atcm,16,fixed,5,1,0,2,-11714.5,-5567.5,-6147.0,229.5,310.0,92,90,537,292.5,0,0,7,18,0,1,3,10,1,1,0,102,0,0,112,929.5,2.84,2,3,1,1,0,0,atcm,0,10,0,0,0,1,0,0.0,0.0
atcm,atcm_85,1593446271,atcm,16,fixed,5,1,0,2,-8529.0,1004.0,-9533.0,309.5,141.5,95,276,415.5,136.5,0,0,7,6,2,0,3,0,1,1,0,97,0,0,112,911.1,2.78,3,3,1,1,0,0,atcm,6,0,0,0,1,0,1,0.0,0.0
atcm,atcm_86,1593456244,atcm,16,fixed,5,1,0,1,-5005.5,-17931.5,12926.0,230.0,309.5,84,95,295.5,792,0,0,0,7,0,2,11,3,29,29,28,46,0,0,112,919.5,2.81,3,3,1,1,0,0,atcm,0,6,0,0,2,0,0,0.0,0.0
atcm,atcm_87,1593466217,atcm,16,fixed,5,1,0,1,-3560.0,-17562.4,14002.4,230.0,309.1,199,105,306,784.5,0,0,0,9,0,2,10,3,28,28,27,48,0,0,112,999.1,3.05,3,3,1,1,0,0,atcm,0,5,0,0,2,0,0,0.0,0.0
atcm,atcm_88,1593476190,atcm,16,fixed,5,1,0,1,2898.0,1793.1,1104.9,150.0,309.1,180,93,0,3,0,0,8,2,1,1,10,1,5,5,5,75,0,0,112,689.1,2.10,2,3,1,1,0,0,atcm,6,4,0,0,2,0,0,0.0,0.0
atcm,atcm_89,1593486163,atcm,16,fixed,5,1,0,2,2370.5,2928.1,-557.5,389.5,133.1,133,181,9,0,0,0,2,0,1,0,3,0,6,6,5,69,0,0,112,742.6,2.27,3,2,1,1,0,0,atcm,5,0,0,0,1,0,0,0.0,0.0
atcm,atcm_90,1593496136,atcm,16,fixed,5,1,0,2,-5668.2,-5648.2,-20.0,0.0,0.0,176,176,336,336,0,0,9,9,1,1,1,1,2,1,0,110,1,0,112,299.1,0.91,2,2,1,1,0,0,atcm,5,5,1,1,2,0,0,0.0,0.0
atcm,atcm_91,1593506109,atcm,16,fixed,5,1,0,1,2898.0,2251.6,646.4,150.0,458.6,182,119,0,6,0,0,1,3,1,1,10,3,4,3,3,66,0,0,112,838.6,2.56,2,3,1,1,0,0,atcm,6,4,0,0,2,0,0,0.0,0.0
atcm,atcm_92,1593516082,atcm,16,fixed,5,1,0,2,2319.0,2433.0,-114.0,0.0,150.0,176,176,15,15,0,0,0,3,2,5,0,10,2,1,0,8,0,0,112,310.0,0.95,2,2,1,1,0,0,atcm,8,21,1,1,3,1,3,0.0,0.0
atcm,atcm_93,1593526055,atcm,16,fixed,5,1,0,2,2763.7,2829.4,-65.6,226.2,136.4,276,169,82.5,0,0,0,0,1,0,5,0,0,18,17,17,44,0,0,112,602.6,1.84,3,2,1,1,0,0,atcm,0,21,0,2,3,1,1,0.0,0.0
atcm,atcm_94,1593536028,atcm,16,fixed,5,1,0,1,-4531.0,-16506.9,11975.9,1360.0,309.1,67,119,309,753,0,0,14,13,1,1,21,4,34,33,33,37,0,0,112,1909.1,5.83,4,3,2,1,1,0,atcm,4,2,1,0,2,0,0,0.0,0.0
atcm,atcm_95,1593546001,atcm,16,fixed,5,1,0,1,2502.5,1843.0,659.5,230.0,150.0,294,178,112.5,51,0,0,1,4,0,4,10,10,31,31,30,40,0,0,112,610.0,1.86,3,2,1,1,0,0,atcm,0,16,0,0,2,0,2,0.0,0.0
atcm,atcm_96,1593555974,atcm,16,fixed,5,1,0,2,-3938.9,-2000.0,-1938.9,469.1,310.0,139,263,276,282,0,0,6,0,2,0,1,10,33,28,27,48,0,0,112,1249.1,3.81,3,3,1,1,0,0,atcm,5,0,0,0,2,0,0,0.0,0.0
atcm,atcm_97,1593565947,atcm,16,fixed,5,1,0,2,2839.8,2889.8,-50.1,137.8,136.8,174,181,0,0,0,0,2,0,2,1,0,0,3,2,2,2,0,0,112,434.6,1.33,2,2,1,1,0,0,atcm,14,6,1,0,3,0,0,0.0,0.0
atcm,atcm_98,1593575920,atcm,16,fixed,5,1,0,2,1130.0,3178.1,-2048.1,230.0,133.1,184,179,105,0,0,0,0,0,0,0,10,0,34,34,33,34,0,0,112,593.1,1.81,3,2,1,1,0,0,atcm,0,0,0,0,0,0,0,0.0,0.0
atcm,atcm_99,1593585893,atcm,16,fixed,5,1,0,1,1699.5,627.0,1072.5,230.0,0.0,304,183,154.5,96,0,0,1,1,0,2,11,0,32,31,31,31,0,0,112,540.0,1.65,3,3,1,1,0,0,atcm,0,14,0,1,2,0,0,0.0,0.0
atcm,atcm_100,1593595866,atcm,16,fixed,5,1,0,2,-5695.0,-5675.0,-20.0,0.0,0.0,176,176,336,336,0,0,9,9,1,1,10,10,2,1,0,110,1,0,112,300.0,0.92,2,2,1,1,0,0,atcm,5,5,1,1,2,0,0,0.0,0.0
atcm,atcm_101,1593605839,atcm,16,fixed,5,1,0,1,-1722.9,-13726.4,12003.6,139.6,309.1,278,103,268.5,628.5,0,0,17,19,0,3,0,1,19,19,18,60,0,0,112,918.7,2.81,3,3,1,1,0,0,atcm,0,5,0,0,1,0,2,0.0,0.0
atcm,atcm_102,1593615812,atcm,16,fixed,5,1,0,1,-5136.0,-14110.4,8974.4,610.0,309.1,94,113,318,652.5,4,0,41,13,2,1,18,3,30,29,28,42,0,0,112,1229.1,3.75,3,3,2,1,0,0,atcm,6,4,0,0,3,0,0,0.0,0.0
atcm,atcm_103,1593625785,atcm,16,fixed,5,1,0,1,-5527.0,-5890.5,363.5,229.5,230.0,92,76,289.5,292.5,0,0,11,19,0,1,3,10,1,1,0,102,0,0,112,779.5,2.38,2,2,1,1,0,0,atcm,0,9,0,0,0,1,0,0.0,0.0
atcm,atcm_104,1593635758,atcm,16,fixed,5,1,0,2,-1424.4,301.7,-1726.1,469.1,139.2,129,296,166.5,199.5,0,0,15,20,2,0,1,0,28,25,24,49,0,0,112,998.2,3.05,3,3,1,1,0,0,atcm,4,0,0,0,2,0,0,0.0,0.0
atcm,atcm_105,1593645731,atcm,16,fixed,5,1,0,1,2258.2,-432.5,2690.7,146.7,760.0,176,89,31.5,124.5,0,0,1,54,3,5,9,17,33,33,33,37,0,0,112,906.7,2.77,2,3,1,2,0,0,atcm,22,12,1,0,6,0,2,0.0,0.0
atcm,atcm_106,1593655704,atcm,16,fixed,5,1,0,2,-17509.9,-1923.0,-15586.9,309.1,230.0,105,289,792,312,0,0,8,1,2,0,3,11,52,29,28,46,0,0,112,919.1,2.81,3,3,1,1,0,0,atcm,5,0,0,0,1,0,1,0.0,0.0
atcm,atcm_107,1593665677,atcm,16,fixed,5,1,0,1,-5527.4,-5890.5,363.1,229.1,230.0,92,76,289.5,292.5,0,0,9,19,0,1,3,10,1,1,0,102,0,0,112,779.1,2.38,2,2,1,1,0,0,atcm,0,9,0,0,0,1,0,0.0,0.0
atcm,atcm_108,1593675650,atcm,16,fixed,5,1,0,2,1997.1,2844.1,-847.0,389.1,299.1,103,169,3,0,0,0,3,0,1,3,3,0,4,4,4,76,0,0,112,838.1,2.56,3,2,1,1,0,0,atcm,4,15,0,2,3,1,0,0.0,0.0
atcm,atcm_109,1593685623,atcm,16,fixed,5,1,0,2,2074.6,2908.1,-833.5,389.1,133.1,129,181,13.5,0,0,0,2,0,1,0,1,0,4,3,3,62,0,0,112,592.1,1.81,3,2,1,1,0,0,atcm,2,0,0,0,1,0,0,0.0,0.0
atcm,atcm_110,1593695596,atcm,16,fixed,5,1,0,2,-54.5,3187.4,-3241.9,610.0,112.4,94,181,106.5,0,0,0,35,0,3,0,18,0,34,33,33,33,0,0,112,722.4,2.21,3,2,2,1,0,0,atcm,9,0,1,0,2,0,1,0.0,0.0
atcm,atcm_111,1593705569,atcm,16,fixed,5,1,0,2,2710.0,2857.4,-147.4,0.0,112.4,176,181,0,0,0,0,5,0,3,0,0,0,3,3,3,3,0,0,112,192.4,0.59,2,2,1,1,0,0,atcm,15,0,1,0,2,0,1,0.0,0.0
atcm,atcm_112,1593715542,atcm,16,fixed,5,1,0,2,-14146.4,-2745.0,-11401.4,309.1,230.0,119,199,664.5,288,0,9,9,0,2,0,1,10,48,29,28,46,0,0,112,929.1,2.84,3,3,1,1,0,0,atcm,5,0,0,0,2,0,0,0.0,0.0
atcm,atcm_113,1593725515,atcm,16,fixed,5,1,0,2,2848.1,2852.5,-4.5,133.1,149.5,181,181,0,0,0,0,0,0,0,1,0,0,0,0,0,0,0,0,112,282.6,0.86,2,2,1,1,0,0,atcm,0,6,0,0,1,0,0,0.0,0.0
atcm,atcm_114,1593735488,atcm,16,fixed,5,1,0,2,1663.5,2697.0,-1033.5,309.5,0.0,95,176,9,0,0,0,1,1,1,3,3,10,5,5,5,70,0,0,112,609.5,1.86,3,2,1,1,0,0,atcm,6,19,0,1,3,1,0,0.0,0.0
atcm,atcm_115,1593745461,atcm,16,fixed,5,1,0,2,-363.0,3203.6,-3566.6,680.0,148.6,67,181,105,0,0,0,31,0,2,0,17,0,32,32,31,34,0,0,112,828.6,2.53,4,2,2,1,1,0,atcm,6,0,0,0,2,0,0,0.0,0.0
atcm,atcm_116,1593755434,atcm,16,fixed,5,1,0,1,3042.2,-52.5,3094.7,115.2,390.0,175,88,0,100.5,0,0,1,0,3,0,0,10,33,33,33,37,0,0,112,745.2,2.28,2,3,1,1,0,0,atcm,14,0,1,0,2,1,0,0.0,0.0
atcm,atcm_117,1593765407,atcm,16,fixed,5,1,0,2,-9066.4,-7552.5,-1513.9,221.1,310.0,308,203,562.5,442.5,0,3,2,0,0,0,0,10,3,2,1,100,1,0,112,991.1,3.03,3,3,1,1,0,0,atcm,0,0,0,0,0,0,0,0.0,0.0
atcm,atcm_118,1593775380,atcm,16,fixed,5,1,0,2,2783.9,3070.7,-286.8,118.9,146.7,264,181,75,0,0,0,96,1,1,1,0,9,23,23,22,41,0,0,112,505.6,1.54,3,2,1,1,0,0,atcm,0,7,0,0,2,0,0,0.0,0.0
atcm,atcm_119,1593785353,atcm,16,fixed,5,1,0,2,1789.6,2762.0,-972.4,309.1,150.0,103,176,7.5,0,0,0,3,3,2,2,3,10,1,1,0,81,0,0,112,699.1,2.14,3,2,1,1,0,0,atcm,4,14,0,1,4,0,0,0.0,0.0
atcm,atcm_120,1593795326,atcm,16,fixed,5,1,0,2,-5668.5,-5649.2,-19.3,0.0,0.0,176,176,336,336,0,0,9,9,1,1,1,1,2,1,0,110,1,0,112,296.7,0.91,2,2,1,1,0,0,atcm,5,5,1,1,2,0,0,0.0,0.0
atcm,atcm_121,1593805299,atcm,16,fixed,5,1,0,1,2892.5,1793.5,1099.0,149.5,309.5,181,95,0,3,0,0,0,1,1,1,0,3,4,4,4,76,0,0,112,609.1,1.86,2,3,1,1,0,0,atcm,6,6,0,0,2,0,0,0.0,0.0
atcm,atcm_122,1593815272,atcm,16,fixed,5,1,0,1,2863.0,1904.1,958.9,118.0,309.1,181,103,0,3,0,0,0,2,0,1,0,3,1,1,0,84,0,0,112,667.1,2.04,2,3,1,1,0,0,atcm,0,3,0,0,1,0,0,0.0,0.0
atcm,atcm_123,1593825245,atcm,16,fixed,5,1,0,1,2137.7,1742.0,395.7,146.7,230.0,172,229,36,105,0,0,1,0,3,0,9,11,31,31,30,42,0,0,112,686.7,2.10,3,3,1,1,0,0,atcm,16,0,2,0,2,0,1,0.0,0.0
atcm,atcm_124,1593835218,atcm,16,fixed,5,1,0,2,2831.6,2863.6,-32.0,116.6,148.6,181,181,0,0,0,0,0,1,0,0,0,0,0,0,0,0,0,0,112,265.2,0.81,2,2,1,1,0,0,atcm,0,0,0,0,0,0,0,0.0,0.0
atcm,atcm_125,1593845191,atcm,16,fixed,5,1,0,2,-13004.3,-9053.5,-3950.8,146.7,990.0,276,94,699,463.5,0,0,36,26,3,1,0,18,8,5,4,94,1,0,112,1376.7,4.20,3,3,1,2,0,0,atcm,3,1,0,0,4,0,0,0.0,0.0
atcm,atcm_126,1593855164,atcm,16,fixed,5,1,0,2,2831.5,2871.6,-40.1,149.5,116.6,176,181,0,0,0,0,0,0,2,0,0,0,2,1,1,2,0,0,112,346.1,1.06,2,2,1,1,0,0,atcm,9,0,1,0,2,0,0,0.0,0.0
atcm,atcm_127,1593865137,atcm,16,fixed,5,1,0,2,2352.5,3194.1,-841.6,230.0,149.1,264,181,103.5,0,0,0,0,1,0,0,10,0,33,33,33,35,0,0,112,619.1,1.89,3,2,1,1,0,0,atcm,0,0,0,0,0,0,0,0.0,0.0
atcm,atcm_128,1593875110,atcm,16,fixed,5,1,0,1,-9338.0,-10231.0,893.0,230.0,141.5,159,296,486,598.5,0,0,4,7,0,0,11,0,4,4,3,94,0,0,112,851.5,2.60,3,3,1,1,0,0,atcm,0,0,0,0,0,0,0,0.0,0.0
atcm,atcm_129,1593885083,atcm,16,fixed,5,1,0,2,1896.6,2692.2,-795.6,309.1,115.2,119,169,13.5,0,0,0,3,1,2,4,1,0,5,4,4,60,0,0,112,574.2,1.75,3,2,1,1,0,0,atcm,6,14,0,2,4,1,1,0.0,0.0
atcm,atcm_130,1593895056,atcm,16,fixed,5,1,0,1,-132.5,-7502.4,7369.9,390.0,309.1,239,105,172.5,382.5,0,0,0,9,0,2,10,3,6,6,5,92,0,0,112,1159.1,3.54,3,3,1,1,0,0,atcm,0,5,0,0,2,0,0,0.0,0.0
atcm,atcm_131,1593905029,atcm,16,fixed,5,1,0,2,-725.0,3036.0,-3761.0,230.0,0.0,84,174,120,0,0,0,0,1,0,2,10,0,37,32,32,32,0,0,112,540.0,1.65,3,2,1,1,0,0,atcm,0,12,0,1,2,0,0,0.0,0.0
atcm,atcm_132,1593915002,atcm,16,fixed,5,1,0,1,2441.5,1586.0,855.5,149.5,309.5,182,95,18,10.5,0,0,0,2,2,1,0,3,3,3,2,79,0,0,112,609.1,1.86,2,3,1,1,0,0,atcm,19,6,0,0,2,1,0,0.0,0.0
atcm,atcm_133,1593924975,atcm,16,fixed,5,1,0,1,3181.6,345.0,2836.6,116.6,1060.0,181,73,0,99,0,0,0,0,0,0,0,10,33,33,32,37,0,0,112,1246.6,3.81,2,4,1,2,0,1,atcm,0,0,0,0,0,0,0,0.0,0.0
atcm,atcm_134,1593934948,atcm,16,fixed,5,1,0,2,2837.8,2838.0,-0.2,136.8,150.0,181,182,0,0,0,0,0,2,1,1,0,10,0,0,0,0,0,0,112,286.8,0.88,2,2,1,1,0,0,atcm,7,6,0,0,2,0,0,0.0,0.0
atcm,atcm_135,1593944921,atcm,16,fixed,5,1,0,1,3161.6,-197.5,3359.1,116.6,310.0,181,84,0,100.5,0,0,0,0,0,0,0,10,33,33,33,37,0,0,112,656.6,2.01,2,3,1,1,0,0,atcm,0,0,0,0,0,0,0,0.0,0.0
atcm,atcm_136,1593954894,atcm,16,fixed,5,1,0,1,1982.0,1360.5,621.5,230.0,0.0,269,172,117,61.5,0,0,1,1,0,2,11,0,28,28,27,39,0,0,112,540.0,1.65,3,2,1,1,0,0,atcm,0,11,0,1,2,0,0,0.0,0.0
atcm,atcm_137,1593964867,atcm,16,fixed,5,1,0,1,3168.0,960.0,2208.0,150.0,230.0,182,179,0,108,0,0,2,0,1,0,10,10,33,33,33,37,0,0,112,610.0,1.86,2,3,1,1,0,0,atcm,6,0,0,0,1,0,0,0.0,0.0
atcm,atcm_138,1593974840,atcm,16,fixed,5,1,0,1,2850.5,2827.4,23.2,149.5,112.4,181,181,0,0,0,0,0,0,1,0,0,0,0,0,0,0,0,0,112,261.9,0.80,2,2,1,1,0,0,atcm,7,0,0,0,1,0,0,0.0,0.0
atcm,atcm_139,1593984813,atcm,16,fixed,5,1,0,1,2909.8,2037.1,872.8,136.8,389.1,181,103,0,3,0,0,0,4,1,1,0,3,5,4,4,75,0,0,112,755.9,2.31,2,3,1,1,0,0,atcm,6,4,0,0,2,0,0,0.0,0.0
atcm,atcm_140,1593994786,atcm,16,fixed,5,1,0,1,-7001.0,-24190.0,17189.0,150.0,0.0,62,180,336,1107,0,0,5,4,0,0,17,10,37,37,37,37,1,0,112,300.0,0.92,3,2,2,1,1,0,atcm,0,0,0,0,0,0,0,0.0,0.0
atcm,atcm_141,1594004759,atcm,16,fixed,5,1,0,1,2882.5,2800.0,82.5,149.5,150.0,181,176,0,0,0,0,0,3,1,2,0,10,1,1,0,9,0,0,112,379.5,1.16,2,2,1,1,0,0,atcm,6,10,0,1,3,0,0,0.0,0.0
atcm,atcm_142,1594014732,atcm,16,fixed,5,1,0,2,2757.0,2923.6,-166.6,0.0,148.6,176,181,0,0,0,0,7,0,2,0,0,0,4,3,3,3,0,0,112,298.6,0.91,2,2,1,1,0,0,atcm,9,0,1,0,2,0,0,0.0,0.0
atcm,atcm_143,1594024705,atcm,16,fixed,5,1,0,2,2262.5,3133.0,-870.5,310.0,118.0,253,179,103.5,0,0,0,0,0,0,0,10,0,33,33,33,35,0,0,112,658.0,2.01,3,2,1,1,0,0,atcm,0,0,0,0,0,0,0,0.0,0.0
atcm,atcm_144,1594034678,atcm,16,fixed,5,1,0,1,2755.0,1791.5,963.5,0.0,309.5,181,95,0,3,0,0,0,1,0,2,0,3,4,4,4,76,0,0,112,459.5,1.40,2,3,1,1,0,0,atcm,0,7,0,0,2,0,0,0.0,0.0
atcm,atcm_145,1594044651,atcm,16,fixed,5,1,0,1,-2292.5,-18061.5,15769.0,230.0,309.5,269,95,298.5,798,0,0,1,8,0,2,10,3,30,29,28,46,0,0,112,919.5,2.81,3,3,1,1,0,0,atcm,0,6,0,0,2,0,0,0.0,0.0
atcm,atcm_146,1594054624,atcm,16,fixed,5,1,0,2,-5665.0,-5645.0,-20.0,0.0,0.0,176,176,336,336,0,0,9,9,1,1,0,0,2,1,0,110,1,0,112,300.0,0.92,2,2,1,1,0,0,atcm,5,5,1,1,2,0,0,0.0,0.0
atcm,atcm_147,1594064597,atcm,16,fixed,5,1,0,1,2029.8,1197.1,832.7,137.8,309.1,185,105,39,33,0,0,2,2,3,1,0,3,2,2,1,81,1,0,112,836.8,2.56,3,3,1,1,0,0,atcm,14,4,1,0,3,0,1,0.0,0.0
atcm,atcm_148,1594074570,atcm,16,fixed,5,1,0,1,-9840.5,-13998.0,4157.5,610.0,141.5,94,276,478.5,736.5,0,0,37,38,2,3,20,0,6,6,5,90,0,0,112,981.5,3.00,3,3,2,1,0,0,atcm,4,6,0,0,5,0,0,0.0,0.0
atcm,atcm_149,1594084543,atcm,16,fixed,5,1,0,1,-1821.9,-15634.9,13813.0,140.6,309.1,306,105,295.5,705,0,0,27,13,0,2,0,3,25,25,24,49,0,0,112,829.6,2.53,3,3,1,1,0,0,atcm,0,5,0,0,1,0,1,0.0,0.0
atcm,atcm_150,1594094516,atcm,16,fixed,5,1,0,2,-20197.9,-10684.5,-9513.4,139.6,680.0,276,194,991.5,601.5,0,2,4,8,0,0,0,19,33,17,16,70,0,0,112,1059.6,3.24,3,3,1,8,0,0,atcm,0,0,0,0,0,0,0,0.0,0.0
atcm,atcm_151,1594104489,atcm,16,fixed,5,1,0,1,119.2,-1779.5,1898.7,146.7,469.5,278,168,190.5,204,0,0,0,2,0,2,0,3,22,20,19,47,0,0,112,1086.2,3.32,3,3,1,1,0,0,atcm,0,5,0,0,2,0,0,0.0,0.0
atcm,atcm_152,1594114462,atcm,16,fixed,5,1,0,2,2622.2,2833.0,-210.8,115.2,118.0,169,181,0,0,0,0,2,0,4,0,0,0,0,0,0,0,0,0,112,233.2,0.71,2,2,1,1,0,0,atcm,14,0,2,0,3,1,0,0.0,0.0
atcm,atcm_153,1594124435,atcm,16,fixed,5,1,0,2,2705.0,2725.0,-20.0,0.0,0.0,176,176,0,0,0,0,9,9,1,1,10,10,2,1,0,110,1,0,112,300.0,0.92,2,2,1,1,0,0,atcm,5,5,1,1,2,0,0,0.0,0.0
atcm,atcm_154,1594134408,atcm,16,fixed,5,1,0,2,-10576.8,-5313.0,-5263.8,227.2,310.0,106,90,501,285,0,0,8,19,0,1,3,10,4,4,3,96,0,0,112,937.2,2.86,2,3,1,1,0,0,atcm,0,9,0,0,0,1,0,0.0,0.0
atcm,atcm_155,1594144381,atcm,16,fixed,5,1,0,2,2812.5,2912.2,-99.7,230.0,115.2,304,167,106.5,0,0,0,0,2,0,4,10,0,32,32,32,33,0,0,112,495.2,1.51,3,2,1,1,0,0,atcm,0,14,0,2,3,1,0,0.0,0.0
atcm,atcm_156,1594154354,atcm,16,fixed,5,1,0,1,2852.5,2622.2,230.4,149.5,115.2,181,169,0,0,0,0,0,2,1,4,0,0,0,0,0,0,0,0,112,264.7,0.81,2,2,1,1,0,0,atcm,6,14,0,2,4,1,0,0.0,0.0
atcm,atcm_157,1594164327,atcm,16,fixed,5,1,0,1,2571.7,1981.5,590.2,146.7,0.0,276,180,93,40.5,0,0,9,1,0,2,0,0,25,24,23,46,0,0,112,466.7,1.43,3,3,1,1,0,0,atcm,0,13,0,1,1,1,0,0.0,0.0
atcm,atcm_158,1594174300,atcm,16,fixed,5,1,0,2,2357.5,3035.0,-677.5,380.0,150.0,260,173,103.5,0,0,0,0,3,0,2,10,10,32,31,31,34,0,0,112,680.0,2.08,3,2,1,1,0,0,atcm,0,10,0,1,2,0,0,0.0,0.0
atcm,atcm_159,1594184273,atcm,16,fixed,5,1,0,2,-5728.0,-5725.0,-3.0,0.0,0.0,176,176,336,336,0,0,9,9,1,1,11,10,0,0,0,0,1,0,112,300.0,0.92,2,2,1,1,0,0,atcm,5,5,1,1,2,0,0,0.0,0.0
atcm,atcm_160,1594194246,atcm,16,fixed,5,1,0,1,2240.7,1814.6,426.1,146.7,309.1,176,105,21,7.5,0,0,2,3,3,1,9,3,3,3,2,79,0,0,112,605.8,1.85,2,3,1,1,0,0,atcm,22,4,1,0,3,0,1,0.0,0.0
atcm,atcm_161,1594204219,atcm,16,fixed,5,1,0,1,2883.0,1973.5,909.5,118.0,389.5,181,103,0,3,0,0,0,1,0,1,0,3,5,5,5,74,0,0,112,577.5,1.76,2,3,1,1,0,0,atcm,0,6,0,0,1,0,0,0.0,0.0
atcm,atcm_162,1594214192,atcm,16,fixed,5,1,0,2,-310.0,3040.2,-3350.2,680.0,115.2,67,175,105,0,0,0,16,2,0,3,10,0,33,33,33,34,0,0,112,795.2,2.43,4,2,2,1,1,0,atcm,0,15,0,1,2,1,0,0.0,0.0
atcm,atcm_163,1594224165,atcm,16,fixed,5,1,0,1,2849.5,2827.4,22.1,134.5,112.4,181,181,0,0,0,0,0,0,0,0,0,0,0,0,0,0,0,0,112,246.8,0.75,2,2,1,1,0,0,atcm,0,0,0,0,0,0,0,0.0,0.0
atcm,atcm_164,1594234138,atcm,16,fixed,5,1,0,2,2849.6,3130.5,-280.9,139.6,149.5,276,181,81,0,0,0,0,0,0,1,0,0,26,26,25,45,0,0,112,439.2,1.34,3,2,1,1,0,0,atcm,0,7,0,0,1,0,0,0.0,0.0
atcm,atcm_165,1594244111,atcm,16,fixed,5,1,0,1,3193.6,777.5,2416.1,148.6,230.0,181,154,0,100.5,0,0,2,0,0,0,0,10,33,33,33,37,0,0,112,618.6,1.89,2,3,1,1,0,0,atcm,0,0,0,0,0,0,0,0.0,0.0
atcm,atcm_166,1594254084,atcm,16,fixed,5,1,0,1,2903.6,1793.5,1110.1,148.6,309.5,181,95,0,3,0,0,0,0,0,1,0,3,4,4,4,76,0,0,112,608.1,1.86,2,3,1,1,0,0,atcm,0,6,0,0,1,0,0,0.0,0.0
atcm,atcm_167,1594264057,atcm,16,fixed,5,1,0,2,2705.0,2725.0,-20.0,0.0,0.0,176,176,0,0,0,0,9,9,1,1,10,10,2,1,0,110,1,0,112,300.0,0.92,2,2,1,1,0,0,atcm,5,5,1,1,2,0,0,0.0,0.0
atcm,atcm_168,1594274030,atcm,16,fixed,5,1,0,2,-16398.0,-16378.4,-19.5,229.5,229.1,62,62,703.5,703.5,0,0,0,0,0,0,0,0,2,1,0,110,3,0,112,458.6,1.40,3,3,2,2,1,1,atcm,0,0,0,0,0,0,0,0.0,0.0
atcm,atcm_169,1594284003,atcm,16,fixed,5,1,0,1,2931.0,2796.5,134.5,150.0,141.5,169,276,0,87,0,0,3,1,1,0,10,0,28,27,26,45,0,0,112,531.5,1.62,2,3,1,1,0,0,atcm,7,0,0,0,1,0,0,0.0,0.0
atcm,atcm_170,1594293976,atcm,16,fixed,5,1,0,1,-2326.4,-13567.4,11241.0,141.1,309.1,278,103,298.5,622.5,0,0,6,6,0,1,0,1,24,24,23,50,0,0,112,920.1,2.81,3,3,1,1,0,0,atcm,0,3,0,0,1,0,0,0.0,0.0
atcm,atcm_171,1594303949,atcm,16,fixed,5,1,0,2,-1308.0,635.5,-1943.5,760.0,0.0,94,185,165,103.5,0,0,22,1,2,2,17,0,38,32,32,32,0,0,112,840.0,2.57,3,3,2,1,0,0,atcm,6,11,0,1,3,0,1,0.0,0.0
atcm,atcm_172,1594313922,atcm,16,fixed,5,1,0,1,2222.7,1802.5,420.2,146.7,230.0,172,239,33,109.5,0,0,1,0,3,0,9,10,32,32,31,40,0,0,112,686.7,2.10,3,3,1,1,0,0,atcm,16,0,2,0,2,0,1,0.0,0.0
atcm,atcm_173,1594323895,atcm,16,fixed,5,1,0,1,-5875.6,-6237.3,361.7,118.9,146.2,286,276,415.5,427.5,0,0,104,40,11,3,0,0,3,2,1,95,1,0,112,735.2,2.25,3,3,1,1,0,0,atcm,36,3,1,0,11,0,3,0.0,0.0
atcm,atcm_174,1594333868,atcm,16,fixed,5,1,0,2,2914.2,3496.7,-582.5,115.2,226.7,175,276,0,54,0,0,1,0,3,0,0,0,18,18,17,63,0,0,112,581.9,1.78,2,3,1,1,0,0,atcm,13,0,1,0,2,1,0,0.0,0.0
atcm,atcm_175,1594343841,atcm,16,fixed,5,1,0,1,-2587.0,-5204.5,2617.5,610.0,389.5,154,188,249,354,2,1,23,2,0,2,14,3,38,33,33,37,0,0,112,1149.5,3.51,3,3,2,1,0,0,atcm,0,5,0,0,2,0,0,0.0,0.0
atcm,atcm_176,1594353814,atcm,16,fixed,5,1,0,2,2836.7,3128.1,-291.4,146.7,133.1,278,181,84,0,0,0,4,0,0,0,0,0,26,25,25,42,0,0,112,519.8,1.59,3,2,1,1,0,0,atcm,0,0,0,0,0,0,0,0.0,0.0
atcm,atcm_177,1594363787,atcm,16,fixed,5,1,0,2,-385.5,2837.7,-3223.2,530.0,114.7,62,161,100.5,0,22,0,46,4,0,5,16,0,33,32,32,33,0,0,112,794.7,2.43,4,2,2,1,1,0,atcm,0,21,0,3,3,0,2,0.0,0.0
atcm,atcm_178,1594373760,atcm,16,fixed,5,1,0,2,-5677.5,-5654.5,-23.1,0.0,0.0,176,176,336,336,0,0,9,9,1,1,3,3,2,1,0,110,1,0,112,292.0,0.89,2,2,1,1,0,0,atcm,5,5,1,1,2,0,0,0.0,0.0
atcm,atcm_179,1594383733,atcm,16,fixed,5,1,0,2,2705.0,2725.0,-20.0,0.0,0.0,176,176,0,0,0,0,9,9,1,1,10,10,2,1,0,110,1,0,112,300.0,0.92,2,2,1,1,0,0,atcm,5,5,1,1,2,0,0,0.0,0.0
atcm,atcm_180,1594393706,atcm,16,fixed,5,1,0,2,1854.6,2908.1,-1053.5,309.1,133.1,105,181,7.5,0,0,0,3,0,1,0,3,0,4,3,3,74,0,0,112,672.1,2.05,3,2,1,1,0,0,atcm,4,0,0,0,1,0,0,0.0,0.0
atcm,atcm_181,1594403679,atcm,16,fixed,5,1,0,2,-5672.2,-5654.5,-17.6,0.0,0.0,176,176,336,336,0,0,9,9,1,1,2,2,2,1,0,110,1,0,112,290.6,0.89,2,2,1,1,0,0,atcm,5,5,1,1,2,0,0,0.0,0.0
atcm,atcm_182,1594413652,atcm,16,fixed,5,1,0,1,2903.6,1793.5,1110.1,148.6,309.5,181,95,0,3,0,0,0,0,0,1,0,3,4,4,4,76,0,0,112,608.1,1.86,2,3,1,1,0,0,atcm,0,6,0,0,1,0,0,0.0,0.0
atcm,atcm_183,1594423625,atcm,16,fixed,5,1,0,2,-18984.9,-4083.0,-14901.9,309.1,230.0,103,174,852,339,0,0,7,6,1,0,1,11,60,33,32,38,0,0,112,1009.1,3.08,3,3,1,1,0,0,atcm,3,0,0,0,1,0,0,0.0,0.0
atcm,atcm_184,1594433598,atcm,16,fixed,5,1,0,1,-5178.5,-14215.6,9037.1,610.0,118.9,99,121,319.5,655.5,0,0,42,4,6,3,24,0,31,30,29,36,0,0,112,968.9,2.96,3,3,2,1,0,0,atcm,17,6,1,0,5,0,4,0.0,0.0
atcm,atcm_185,1594443571,atcm,16,fixed,5,1,0,1,2864.1,2622.2,241.9,149.1,115.2,181,169,0,0,0,0,0,2,0,4,0,0,0,0,0,0,0,0,112,264.2,0.81,2,2,1,1,0,0,atcm,0,14,0,2,3,1,0,0.0,0.0
atcm,atcm_186,1594453544,atcm,16,fixed,5,1,0,2,1909.6,2284.5,-374.9,619.1,0.0,123,176,28.5,16.5,0,0,1,1,1,3,3,10,3,3,2,69,0,0,112,999.1,3.05,3,2,1,1,0,0,atcm,4,19,0,1,3,0,1,0.0,0.0
atcm,atcm_187,1594463517,atcm,16,fixed,5,1,0,2,1817.0,2918.1,-1101.0,309.5,133.1,109,181,10.5,0,0,0,2,0,1,0,4,0,5,4,4,60,0,0,112,592.6,1.81,3,2,1,1,0,0,atcm,4,0,0,0,1,0,0,0.0,0.0
atcm,atcm_188,1594473490,atcm,16,fixed,5,1,0,2,-5674.5,-5654.2,-20.2,0.0,0.0,176,176,336,336,0,0,9,9,1,1,3,3,2,1,0,110,1,0,112,298.6,0.91,2,2,1,1,0,0,atcm,5,5,1,1,2,0,0,0.0,0.0
atcm,atcm_189,1594483463,atcm,16,fixed,5,1,0,2,2705.0,2725.0,-20.0,0.0,0.0,176,176,0,0,0,0,9,9,1,1,10,10,2,1,0,110,1,0,112,300.0,0.92,2,2,1,1,0,0,atcm,5,5,1,1,2,0,0,0.0,0.0
atcm,atcm_190,1594493436,atcm,16,fixed,5,1,0,2,320.0,3109.0,-2789.0,910.0,134.0,73,179,87,0,0,0,0,0,0,0,10,0,27,26,26,43,0,0,112,1044.0,3.19,4,2,2,1,1,0,atcm,0,0,0,0,0,0,0,0.0,0.0
atcm,atcm_191,1594503409,atcm,16,fixed,5,1,0,1,-7640.0,-15416.3,7776.3,760.0,226.7,94,276,423,799.5,0,0,59,2,2,0,25,0,31,31,30,33,0,0,112,1215.8,3.71,3,3,2,1,0,0,atcm,10,0,1,0,2,0,0,0.0,0.0
atcm,atcm_192,1594513382,atcm,16,fixed,5,1,0,2,-16880.4,-5500.0,-11380.4,458.6,230.0,105,84,774,333,0,12,8,0,2,0,3,10,53,30,30,43,0,0,112,1148.6,3.51,3,3,1,1,0,0,atcm,5,0,0,0,2,0,0,0.0,0.0
atcm,atcm_193,1594523355,atcm,16,fixed,5,1,0,1,3106.0,-328.0,3434.0,150.0,830.0,178,67,0,111,0,0,2,16,1,0,10,16,33,33,33,37,0,0,112,980.0,2.99,2,4,1,2,0,1,atcm,7,0,0,0,1,0,0,0.0,0.0
atcm,atcm_194,1594533328,atcm,16,fixed,5,1,0,2,-427.5,3188.8,-3616.3,230.0,113.8,84,181,106.5,0,0,0,0,2,0,0,10,0,34,33,33,33,0,0,112,573.8,1.75,3,2,1,1,0,0,atcm,0,0,0,0,0,0,0,0.0,0.0
atcm,atcm_195,1594543301,atcm,16,fixed,5,1,0,2,-17753.9,-1450.0,-16303.9,309.1,380.0,119,265,810,282,0,0,12,0,2,0,1,10,48,28,27,47,0,0,112,1149.1,3.51,3,3,1,1,0,0,atcm,5,0,0,0,2,0,0,0.0,0.0
atcm,atcm_196,1594553274,atcm,16,fixed,5,1,0,1,1542.6,789.1,753.5,458.6,132.1,119,91,33,33,0,0,4,21,3,5,3,0,1,1,0,97,0,0,112,1050.7,3.21,3,3,1,1,0,0,atcm,6,9,0,1,2,0,6,0.0,0.0
atcm,atcm_197,1594563247,atcm,16,fixed,5,1,0,1,2903.6,2352.6,551.0,148.6,458.6,181,119,0,3,0,0,1,2,0,1,0,1,4,4,4,65,0,0,112,837.2,2.56,2,3,1,1,0,0,atcm,0,4,0,0,1,0,0,0.0,0.0
atcm,atcm_198,1594573220,atcm,16,fixed,5,1,0,1,-5527.0,-5893.5,366.5,229.5,230.0,92,76,289.5,292.5,0,0,11,20,0,1,3,11,1,1,0,102,0,0,112,779.5,2.38,2,2,1,1,0,0,atcm,0,9,0,0,0,1,0,0.0,0.0
atcm,atcm_199,1594583193,atcm,16,fixed,5,1,0,2,1681.0,2894.5,-1213.5,309.5,149.5,95,181,7.5,0,0,0,0,0,1,1,3,0,4,4,4,73,0,0,112,609.1,1.86,3,2,1,1,0,0,atcm,6,5,0,0,2,0,0,0.0,0.0
itu,itu_0,1592598566,itu,12,fixed,5,1,0,2,-9777.5,-1843.0,-7934.5,309.5,310.0,45,153,442,222,0,0,2,0,0,0,4,11,42,24,23,28,0,0,84,929.5,2.84,2,3,1,1,0,0,itu,0,0,0,0,0,0,0,0.0,0.0
itu,itu_1,1592608539,itu,12,fixed,5,1,0,1,2299.0,549.0,1750.0,134.0,690.0,127,44,0,50,0,33,0,0,0,0,0,17,24,23,23,28,0,0,84,904.0,2.76,2,3,1,2,0,0,itu,0,0,0,0,0,0,0,0.0,0.0
itu,itu_2,1592618512,itu,12,fixed,5,1,0,1,2231.5,2183.0,48.5,221.5,118.0,171,127,38,0,0,0,0,0,0,0,0,0,16,16,16,34,0,0,84,489.5,1.50,3,2,1,1,0,0,itu,0,0,0,0,0,0,0,0.0,0.0
itu,itu_3,1592628485,itu,12,fixed,5,1,0,1,2306.2,2203.6,102.6,226.2,148.6,171,127,36,0,0,0,0,2,0,0,0,0,15,15,15,35,0,0,84,604.8,1.85,3,2,1,1,0,0,itu,0,0,0,0,0,0,0,0.0,0.0
itu,itu_4,1592638458,itu,12,fixed,5,1,0,1,2083.6,1125.5,958.1,148.6,389.5,127,55,0,4,0,0,2,0,0,0,0,3,1,1,0,55,0,0,84,538.1,1.64,2,2,1,1,0,0,itu,0,0,0,0,0,0,0,0.0,0.0
itu,itu_5,1592648431,itu,12,fixed,5,1,0,2,191.8,300.0,-108.2,326.8,110.0,61,155,48,102,0,0,0,0,0,0,0,0,15,15,15,34,0,0,84,666.8,2.04,2,3,1,1,0,0,itu,0,0,0,0,0,0,0,0.0,0.0
itu,itu_6,1592658404,itu,12,fixed,5,1,0,1,-2395.0,-4955.9,2560.9,380.0,309.1,43,45,144,242,0,0,0,0,0,0,10,0,6,6,5,62,0,0,84,929.1,2.84,3,2,1,1,0,0,itu,0,0,0,0,0,0,0,0.0,0.0
itu,itu_7,1592668377,itu,12,fixed,5,1,0,1,2053.6,2020.2,33.4,148.6,115.2,127,127,0,0,0,0,2,1,0,0,0,0,0,0,0,0,0,0,84,263.8,0.81,2,2,1,1,0,0,itu,0,0,0,0,0,0,0,0.0,0.0
itu,itu_8,1592678350,itu,12,fixed,5,1,0,2,2225.0,2249.6,-24.6,150.0,219.6,127,171,0,38,0,0,2,0,0,0,10,0,18,17,17,35,0,0,84,519.6,1.59,2,3,1,1,0,0,itu,0,0,0,0,0,0,0,0.0,0.0
itu,itu_9,1592688323,itu,12,fixed,5,1,0,2,865.5,2053.0,-1187.5,309.5,150.0,47,127,8,0,0,0,0,1,0,1,3,10,1,1,0,53,0,0,84,539.5,1.65,2,2,1,1,0,0,itu,0,1,0,0,0,0,1,0.0,0.0
itu,itu_10,1592698296,itu,12,fixed,5,1,0,2,2210.2,2346.0,-135.8,115.2,226.2,127,171,0,36,0,0,1,0,0,0,0,0,17,17,16,37,0,0,84,570.9,1.74,2,3,1,1,0,0,itu,0,0,0,0,0,0,0,0.0,0.0
itu,itu_11,1592708269,itu,12,fixed,5,1,0,2,2000.8,2020.8,-20.0,0.0,0.0,127,127,0,0,0,0,4,4,0,0,3,3,2,1,0,82,1,0,84,299.1,0.91,2,2,1,1,0,0,itu,0,0,0,0,0,0,0,0.0,0.0
itu,itu_12,1592718242,itu,12,fixed,5,1,0,1,2050.2,965.1,1085.1,115.2,309.1,127,47,0,4,0,0,1,1,0,0,0,3,1,1,0,55,0,0,84,504.2,1.54,2,2,1,1,0,0,itu,0,0,0,0,0,0,0,0.0,0.0
itu,itu_13,1592728215,itu,12,fixed,5,1,0,2,785.1,2068.1,-1283.0,309.1,133.1,45,127,10,0,0,0,0,0,0,0,3,0,1,1,0,53,0,0,84,522.1,1.59,2,2,1,1,0,0,itu,0,0,0,0,0,0,0,0.0,0.0
itu,itu_14,1592738188,itu,12,fixed,5,1,0,2,-1596.1,-1067.9,-528.1,118.9,309.1,45,61,98,94,0,0,0,0,0,0,0,4,1,1,0,57,0,0,84,588.0,1.80,2,2,1,1,0,0,itu,0,0,0,0,0,0,0,0.0,0.0
itu,itu_15,1592748161,itu,12,fixed,5,1,0,2,-1596.1,-1055.9,-540.1,118.9,309.1,45,61,98,94,0,0,0,0,0,0,0,0,1,1,0,56,0,0,84,588.0,1.80,2,2,1,1,0,0,itu,0,0,0,0,0,0,0,0.0,0.0
itu,itu_16,1592758134,itu,12,fixed,5,1,0,1,2171.6,-65.0,2236.6,116.6,310.0,127,39,0,50,0,42,0,0,0,0,0,10,13,12,12,15,0,0,84,586.6,1.79,2,3,1,1,0,0,itu,0,0,0,0,0,0,0,0.0,0.0
itu,itu_17,1592768107,itu,12,fixed,5,1,0,2,-3570.0,-3550.0,-20.0,0.0,0.0,127,127,222,222,0,0,4,4,0,0,10,10,2,1,0,82,1,0,84,300.0,0.92,2,2,1,1,0,0,itu,0,0,0,0,0,0,0,0.0,0.0
itu,itu_18,1592778080,itu,12,fixed,5,1,0,1,2381.6,2034.7,346.9,416.6,146.7,147,127,12,0,0,0,0,2,0,0,0,9,1,1,1,60,0,0,84,643.3,1.96,3,2,1,1,0,0,itu,0,0,0,0,0,0,0,0.0,0.0
itu,itu_19,1592788053,itu,12,fixed,5,1,0,2,2194.5,2331.1,-136.5,149.5,221.1,127,173,0,36,0,0,0,0,0,0,10,0,17,17,17,35,0,0,84,520.6,1.59,2,3,1,1,0,0,itu,0,0,0,0,0,0,0,0.0,0.0
itu,itu_20,1592798026,itu,12,fixed,5,1,0,2,2025.0,2053.6,-28.6,150.0,148.6,127,127,0,0,0,0,2,2,0,0,10,0,0,0,0,0,0,0,84,298.6,0.91,2,2,1,1,0,0,itu,0,0,0,0,0,0,0,0.0,0.0
itu,itu_21,1592807999,itu,12,fixed,5,1,0,1,-4125.0,-7485.0,3360.0,770.0,150.0,141,171,286,414,1,0,0,0,0,0,10,0,6,6,5,63,1,0,84,1160.0,3.54,3,3,2,1,0,0,itu,0,0,0,0,0,0,0,0.0,0.0
itu,itu_22,1592817972,itu,12,fixed,5,1,0,2,-7648.3,-3770.0,-3878.3,146.7,230.0,173,209,424,300,0,0,10,10,0,0,0,10,13,7,6,62,1,0,84,766.7,2.34,3,3,1,1,0,0,itu,0,0,0,0,0,0,0,0.0,0.0
itu,itu_23,1592827945,itu,12,fixed,5,1,0,1,-1619.5,-2265.0,645.5,469.5,310.0,73,39,136,142,0,0,3,0,0,0,3,10,17,17,16,42,0,0,84,1009.5,3.08,3,3,1,1,0,0,itu,0,0,0,0,0,0,0,0.0,0.0
itu,itu_24,1592837918,itu,12,fixed,5,1,0,2,-104.5,655.1,-759.6,389.5,140.1,55,201,58,116,0,0,1,0,0,0,3,0,14,14,14,34,0,0,84,769.6,2.35,2,3,1,1,0,0,itu,0,0,0,0,0,0,0,0.0,0.0
itu,itu_25,1592847891,itu,12,fixed,5,1,0,2,-8098.9,-3375.0,-4723.9,141.1,620.0,173,189,442,286,0,5,11,0,0,0,0,10,15,8,8,59,1,0,84,991.1,3.03,3,3,1,4,0,0,itu,0,0,0,0,0,0,0,0.0,0.0
itu,itu_26,1592857864,itu,12,fixed,5,1,0,2,1195.0,2273.6,-1078.6,380.0,148.6,109,125,50,0,2,0,0,2,0,0,10,0,23,23,22,27,0,0,84,528.6,1.61,3,2,4,1,0,0,itu,0,0,0,0,0,0,0,0.0,0.0
itu,itu_27,1592867837,itu,12,fixed,5,1,0,1,2223.6,592.0,1631.6,148.6,840.0,127,49,0,50,0,0,1,0,0,0,0,11,15,15,14,46,0,0,84,988.6,3.02,2,3,1,2,0,0,itu,0,0,0,0,0,0,0,0.0,0.0
itu,itu_28,1592877810,itu,12,fixed,5,1,0,1,2053.6,2025.0,28.6,148.6,150.0,127,127,0,0,0,0,0,4,0,0,0,10,0,0,0,0,0,0,84,298.6,0.91,2,2,1,1,0,0,itu,0,0,0,0,0,0,0,0.0,0.0
itu,itu_29,1592887783,itu,12,fixed,5,1,0,2,-9310.5,-9290.5,-20.0,229.5,229.5,32,32,402,402,0,0,0,0,0,0,0,0,2,1,0,82,3,0,84,459.1,1.40,3,3,1,1,0,0,itu,0,0,0,0,0,0,0,0.0,0.0
itu,itu_30,1592897756,itu,12,fixed,5,1,0,1,-1263.5,-8738.9,7475.4,141.5,298.1,171,61,182,400,0,0,0,0,0,0,0,4,16,15,15,39,0,0,84,759.6,2.32,3,2,1,1,0,0,itu,0,0,0,0,0,0,0,0.0,0.0
itu,itu_31,1592907729,itu,12,fixed,5,1,0,2,1365.5,2038.1,-672.5,389.5,133.1,63,127,0,0,0,0,0,0,0,0,3,0,0,0,0,0,0,0,84,602.6,1.84,3,2,1,1,0,0,itu,0,0,0,0,0,0,0,0.0,0.0
itu,itu_32,1592917702,itu,12,fixed,5,1,0,2,2020.2,2025.0,-4.8,115.2,150.0,127,127,0,0,0,0,1,4,0,0,0,10,0,0,0,0,0,0,84,265.2,0.81,2,2,1,1,0,0,itu,0,0,0,0,0,0,0,0.0,0.0
itu,itu_33,1592927675,itu,12,fixed,5,1,0,2,-2156.1,531.7,-2687.8,118.9,146.7,61,171,132,96,0,0,0,0,0,0,0,0,5,5,4,61,0,0,84,585.6,1.79,2,3,1,1,0,0,itu,0,0,0,0,0,0,0,0.0,0.0
itu,itu_34,1592937648,itu,12,fixed,5,1,0,1,1935.0,600.3,1334.7,0.0,145.3,127,33,0,4,0,0,0,16,0,0,0,0,1,1,0,69,0,0,84,225.3,0.69,2,2,1,1,0,0,itu,0,0,0,0,0,0,0,0.0,0.0
itu,itu_35,1592947621,itu,12,fixed,5,1,0,2,1370.0,2250.2,-880.2,380.0,115.2,124,125,52,0,2,0,0,1,0,0,10,0,24,23,23,26,0,0,84,495.2,1.51,3,2,3,1,0,0,itu,0,0,0,0,0,0,0,0.0,0.0
itu,itu_36,1592957594,itu,12,fixed,5,1,0,1,2560.8,2138.3,422.5,225.8,113.3,201,125,44,0,0,0,0,0,0,0,0,0,15,15,15,21,0,0,84,579.1,1.77,3,2,1,1,0,0,itu,0,0,0,0,0,0,0,0.0,0.0
itu,itu_37,1592967567,itu,12,fixed,5,1,0,1,-915.6,-1732.0,816.4,533.4,460.0,105,79,130,144,0,8,3,1,0,1,3,11,14,13,13,48,0,0,84,1143.4,3.49,3,3,1,2,0,0,itu,0,2,0,0,1,0,0,0.0,0.0
itu,itu_38,1592977540,itu,12,fixed,5,1,0,1,2041.8,2023.0,18.8,136.8,118.0,127,127,0,0,0,0,0,0,0,0,0,0,0,0,0,0,0,0,84,254.8,0.78,2,2,1,1,0,0,itu,0,0,0,0,0,0,0,0.0,0.0
itu,itu_39,1592987513,itu,12,fixed,5,1,0,1,-2175.0,-4884.9,2709.9,380.0,309.1,43,47,134,240,0,0,0,0,0,0,10,3,5,5,4,64,0,0,84,929.1,2.84,3,2,1,1,0,0,itu,0,0,0,0,0,0,0,0.0,0.0
itu,itu_40,1592997486,itu,12,fixed,5,1,0,2,2195.0,2341.5,-146.5,150.0,221.5,127,171,0,36,0,0,2,0,0,0,10,0,17,17,17,36,0,0,84,601.5,1.84,2,3,1,1,0,0,itu,0,0,0,0,0,0,0,0.0,0.0
itu,itu_41,1593007459,itu,12,fixed,5,1,0,2,2187.8,2346.2,-158.4,112.8,226.2,127,171,0,32,0,0,0,0,0,0,0,0,15,14,14,41,0,0,84,489.1,1.49,2,3,1,1,0,0,itu,0,0,0,0,0,0,0,0.0,0.0
itu,itu_42,1593017432,itu,12,fixed,5,1,0,1,2053.6,2039.0,14.6,148.6,134.0,127,127,0,0,0,0,2,0,0,0,0,0,0,0,0,0,0,0,84,282.6,0.86,2,2,1,1,0,0,itu,0,0,0,0,0,0,0,0.0,0.0
itu,itu_43,1593027405,itu,12,fixed,5,1,0,2,2053.6,2054.5,-0.9,148.6,149.5,127,127,0,0,0,0,0,0,0,0,0,0,0,0,0,0,0,0,84,298.1,0.91,2,2,1,1,0,0,itu,0,0,0,0,0,0,0,0.0,0.0
itu,itu_44,1593037378,itu,12,fixed,5,1,0,1,-1580.0,-5532.9,3952.9,230.0,309.1,199,45,222,268,0,0,0,11,0,1,10,3,27,24,23,28,0,0,84,849.1,2.59,3,2,1,1,0,0,itu,0,4,0,1,1,0,0,0.0,0.0
itu,itu_45,1593047351,itu,12,fixed,5,1,0,2,2224.5,2341.5,-117.0,149.5,221.5,127,171,0,36,0,0,0,0,0,0,0,0,17,17,17,36,0,0,84,601.1,1.84,2,3,1,1,0,0,itu,0,0,0,0,0,0,0,0.0,0.0
itu,itu_46,1593057324,itu,12,fixed,5,1,0,1,2038.1,1135.5,902.5,133.1,469.5,127,45,0,0,0,0,0,0,0,0,0,3,0,0,0,0,0,0,84,602.6,1.84,2,2,1,1,0,0,itu,0,0,0,0,0,0,0,0.0,0.0
itu,itu_47,1593067297,itu,12,fixed,5,1,0,2,865.1,2085.0,-1219.9,309.1,150.0,47,127,8,0,0,0,1,0,0,0,3,0,1,1,0,53,0,0,84,539.1,1.65,2,2,1,1,0,0,itu,0,0,0,0,0,0,0,0.0,0.0
itu,itu_48,1593077270,itu,12,fixed,5,1,0,2,1175.0,2233.6,-1058.6,760.0,148.6,85,125,50,0,13,0,0,2,0,0,10,0,21,21,21,26,0,0,84,908.6,2.78,3,2,5,1,0,0,itu,0,0,0,0,0,0,0,0.0,0.0
itu,itu_49,1593087243,itu,12,fixed,5,1,0,2,-13244.5,-3020.0,-10224.5,309.5,680.0,47,54,582,220,0,0,1,3,0,0,3,10,42,24,23,28,0,0,84,1069.5,3.27,2,4,1,2,0,0,itu,0,0,0,0,0,0,0,0.0,0.0
itu,itu_50,1593097216,itu,12,fixed,5,1,0,1,2280.2,1135.0,1145.2,115.2,620.0,127,89,0,50,0,5,1,0,0,0,0,10,24,23,23,26,0,0,84,735.2,2.25,2,3,1,6,0,0,itu,0,0,0,0,0,0,0,0.0,0.0
itu,itu_51,1593107189,itu,12,fixed,5,1,0,1,2055.0,932.5,1122.5,150.0,309.5,127,45,0,4,0,0,2,0,0,0,10,4,1,1,0,56,0,0,84,539.5,1.65,2,2,1,1,0,0,itu,0,0,0,0,0,0,0,0.0,0.0
itu,itu_52,1593117162,itu,12,fixed,5,1,0,2,-5236.1,-4536.0,-700.1,118.9,610.0,175,44,330,246,0,0,37,20,1,1,0,12,17,13,12,50,0,0,84,968.9,2.96,3,3,1,2,0,0,itu,0,0,0,0,2,0,0,0.0,0.0
itu,itu_53,1593127135,itu,12,fixed,5,1,0,1,2084.1,965.5,1118.5,149.1,309.5,127,47,0,4,0,0,1,0,0,0,0,3,1,1,0,55,0,0,84,538.6,1.64,2,2,1,1,0,0,itu,0,0,0,0,0,0,0,0.0,0.0
itu,itu_54,1593137108,itu,12,fixed,5,1,0,1,2581.1,2140.2,440.9,221.1,115.2,203,125,44,0,0,0,0,1,0,0,0,0,15,15,15,20,0,0,84,566.2,1.73,3,2,1,1,0,0,itu,0,0,0,0,0,0,0,0.0,0.0
itu,itu_55,1593147081,itu,12,fixed,5,1,0,1,2283.6,756.0,1527.6,148.6,760.0,125,54,0,50,0,2,2,0,0,0,0,28,24,24,23,28,0,0,84,988.6,3.02,2,3,1,3,0,0,itu,0,0,0,0,0,0,0,0.0,0.0
itu,itu_56,1593157054,itu,12,fixed,5,1,0,1,-1645.0,-12102.6,10457.6,530.0,144.4,99,57,170,530,1,0,0,0,0,1,10,0,23,22,22,26,0,0,84,834.4,2.55,3,2,7,1,0,0,itu,0,1,0,0,1,0,0,0.0,0.0
itu,itu_57,1593167027,itu,12,fixed,5,1,0,2,-7300.0,-4150.0,-3150.0,0.0,150.0,125,32,400,222,0,0,4,0,0,0,10,10,52,26,25,32,1,0,84,300.0,0.92,2,3,1,1,0,0,itu,0,0,0,0,0,0,0,0.0,0.0
itu,itu_58,1593177000,itu,12,fixed,5,1,0,2,1034.1,2055.0,-1020.9,309.1,150.0,61,127,10,0,0,0,0,2,0,0,0,10,1,1,0,42,0,0,84,539.1,1.65,2,2,1,1,0,0,itu,0,0,0,0,0,0,0,0.0,0.0
itu,itu_59,1593186973,itu,12,fixed,5,1,0,1,1086.1,635.0,451.1,309.1,380.0,45,43,0,20,0,0,10,0,1,0,0,10,5,5,4,64,0,0,84,849.1,2.59,2,3,1,1,0,0,itu,4,0,1,0,0,0,1,0.0,0.0
itu,itu_60,1593196946,itu,12,fixed,5,1,0,2,-163.0,2167.8,-2330.8,230.0,112.8,39,127,52,0,54,0,0,2,0,0,11,0,13,12,12,13,0,0,84,572.8,1.75,3,2,1,1,0,0,itu,0,0,0,0,0,0,0,0.0,0.0
itu,itu_61,1593206919,itu,12,fixed,5,1,0,2,794.1,2071.8,-1277.8,309.1,136.8,45,127,10,0,0,0,0,0,0,0,0,0,1,1,0,53,0,0,84,525.9,1.61,2,2,1,1,0,0,itu,0,0,0,0,0,0,0,0.0,0.0
itu,itu_62,1593216892,itu,12,fixed,5,1,0,1,2038.1,1969.6,68.4,133.1,0.0,127,127,0,0,0,0,0,0,0,0,0,0,0,0,0,0,0,0,84,262.4,0.80,2,2,1,1,0,0,itu,0,0,0,0,0,0,0,0.0,0.0
itu,itu_63,1593226865,itu,12,fixed,5,1,0,1,-1915.0,-8357.5,6442.5,310.0,309.5,171,45,222,378,0,0,0,1,0,0,10,4,25,24,24,27,0,0,84,939.5,2.87,3,2,1,1,0,0,itu,0,0,0,0,0,0,0,0.0,0.0
itu,itu_64,1593236838,itu,12,fixed,5,1,0,2,-325.0,791.9,-1116.9,230.0,118.9,39,127,60,56,56,0,0,0,0,1,10,0,14,13,12,48,0,0,84,588.9,1.80,3,2,1,1,0,0,itu,0,1,0,0,1,0,0,0.0,0.0
itu,itu_65,1593246811,itu,12,fixed,5,1,0,2,1410.5,2050.2,-639.6,389.5,115.2,73,127,4,0,0,0,0,1,0,0,3,0,1,0,0,0,0,0,84,574.7,1.76,3,2,1,1,0,0,itu,0,0,0,0,0,0,0,0.0,0.0
itu,itu_66,1593256784,itu,12,fixed,5,1,0,2,1206.1,2346.2,-1140.2,309.1,226.2,45,171,0,36,0,0,10,0,1,0,0,0,17,17,16,37,0,0,84,845.3,2.58,2,3,1,1,0,0,itu,4,0,1,0,0,0,1,0.0,0.0
itu,itu_67,1593266757,itu,12,fixed,5,1,0,1,-535.4,-5974.5,5439.1,219.6,309.5,171,47,144,282,0,0,0,1,0,0,0,3,7,7,6,57,0,0,84,769.2,2.35,3,2,1,1,0,0,itu,0,0,0,0,0,0,0,0.0,0.0
itu,itu_68,1593276730,itu,12,fixed,5,1,0,2,-8120.5,-1035.8,-7084.6,309.5,139.2,47,171,372,180,0,0,0,0,1,0,3,0,26,14,14,42,0,0,84,768.7,2.35,2,3,1,1,0,0,itu,3,0,0,0,1,0,0,0.0,0.0
itu,itu_69,1593286703,itu,12,fixed,5,1,0,2,2061.6,2524.2,-462.6,116.6,379.2,125,201,0,42,0,0,0,0,0,0,0,0,5,5,4,42,0,0,84,655.8,2.00,2,3,1,1,0,0,itu,0,0,0,0,0,0,0,0.0,0.0
itu,itu_70,1593296676,itu,12,fixed,5,1,0,1,2285.0,760.0,1525.0,150.0,840.0,127,49,0,50,0,0,3,0,0,0,10,15,24,24,23,28,0,0,84,990.0,3.02,2,3,1,2,0,0,itu,0,0,0,0,0,0,0,0.0,0.0
itu,itu_71,1593306649,itu,12,fixed,5,1,0,1,2054.7,1023.9,1030.8,146.7,118.9,127,63,0,4,0,0,1,0,0,0,9,0,1,1,0,41,0,0,84,345.6,1.06,2,2,1,1,0,0,itu,0,0,0,0,0,0,0,0.0,0.0
itu,itu_72,1593316622,itu,12,fixed,5,1,0,2,2265.0,2775.6,-510.6,150.0,290.6,125,203,0,44,0,0,0,1,0,0,0,0,22,21,21,26,0,0,84,680.6,2.08,2,3,1,1,0,0,itu,0,0,0,0,0,0,0,0.0,0.0
itu,itu_73,1593326595,itu,12,fixed,5,1,0,2,258.0,2055.0,-1797.0,680.0,0.0,44,127,52,0,0,0,0,0,0,0,14,0,13,13,12,46,0,0,84,680.0,2.08,3,2,2,1,0,0,itu,0,0,0,0,0,0,0,0.0,0.0
itu,itu_74,1593336568,itu,12,fixed,5,1,0,2,794.1,2047.7,-1253.6,309.1,114.7,45,127,10,0,0,0,0,4,0,1,0,0,1,1,0,53,0,0,84,503.8,1.54,2,2,1,1,0,0,itu,0,1,0,0,0,0,1,0.0,0.0
itu,itu_75,1593346541,itu,12,fixed,5,1,0,1,-4290.0,-6065.4,1775.4,230.0,139.6,199,203,308,376,0,0,19,24,1,0,10,0,4,4,3,66,1,0,84,839.6,2.56,3,3,1,1,0,0,itu,0,0,0,0,1,0,0,0.0,0.0
itu,itu_76,1593356514,itu,12,fixed,5,1,0,1,2045.7,1184.1,861.6,114.7,309.1,127,61,0,4,0,0,2,0,2,0,0,0,1,1,0,45,0,0,84,503.8,1.54,2,2,1,1,0,0,itu,2,0,0,0,0,0,2,0.0,0.0
itu,itu_77,1593366487,itu,12,fixed,5,1,0,2,922.5,1935.0,-1012.5,309.5,0.0,61,127,14,0,0,0,0,1,0,0,4,0,1,1,0,40,0,0,84,389.5,1.19,2,2,1,1,0,0,itu,0,0,0,0,0,0,0,0.0,0.0
itu,itu_78,1593376460,itu,12,fixed,5,1,0,2,1034.1,2072.8,-1038.7,309.1,137.8,61,127,10,0,0,0,9,3,0,0,0,0,1,1,0,42,0,0,84,526.8,1.61,2,2,1,1,0,0,itu,0,0,0,0,0,0,0,0.0,0.0
itu,itu_79,1593386433,itu,12,fixed,5,1,0,2,-4310.0,-4308.3,-1.7,390.0,146.7,39,173,218,294,50,0,6,7,0,0,10,0,8,5,4,65,1,0,84,1006.7,3.07,3,3,1,1,0,0,itu,0,0,0,0,0,0,0,0.0,0.0
itu,itu_80,1593396406,itu,12,fixed,5,1,0,1,-7340.0,-7470.0,130.0,460.0,310.0,32,32,334,334,0,0,2,0,0,0,0,0,2,1,0,82,5,0,84,930.0,2.84,3,3,1,1,0,0,itu,0,0,0,0,0,0,0,0.0,0.0
itu,itu_81,1593406379,itu,12,fixed,5,1,0,2,-4675.0,-1150.0,-3525.0,260.0,380.0,35,41,222,94,0,15,0,10,0,0,0,10,5,3,2,70,0,0,84,950.0,2.90,2,3,1,1,0,0,itu,0,0,0,0,0,0,0,0.0,0.0
itu,itu_82,1593416352,itu,12,fixed,5,1,0,1,2181.9,2135.0,46.9,198.9,150.0,159,127,28,0,0,0,21,1,1,0,0,10,11,11,11,20,0,0,84,508.9,1.55,3,2,1,1,0,0,itu,1,0,0,0,1,0,0,0.0,0.0
itu,itu_83,1593426325,itu,12,fixed,5,1,0,2,1034.1,2083.6,-1049.5,309.1,148.6,61,127,10,0,0,0,0,0,0,0,0,0,1,1,0,42,0,0,84,537.6,1.64,2,2,1,1,0,0,itu,0,0,0,0,0,0,0,0.0,0.0
itu,itu_84,1593436298,itu,12,fixed,5,1,0,2,-12904.5,-4289.0,-8615.5,309.5,310.0,47,45,564,238,0,10,0,3,0,1,3,10,24,13,12,50,0,0,84,939.5,2.87,2,3,1,1,0,0,itu,0,2,0,0,1,0,0,0.0,0.0
itu,itu_85,1593446271,itu,12,fixed,5,1,0,2,-4874.5,-108.5,-4766.0,309.5,141.5,47,171,238,118,0,0,0,0,0,0,3,0,1,1,0,69,0,0,84,761.1,2.32,2,3,1,1,0,0,itu,0,0,0,0,0,0,0,0.0,0.0
itu,itu_86,1593456244,itu,12,fixed,5,1,0,1,-3943.0,-10494.5,6551.5,230.0,309.5,39,47,220,464,0,0,6,0,0,0,11,3,24,24,24,27,0,0,84,849.5,2.59,3,2,1,1,0,0,itu,0,0,0,0,0,0,0,0.0,0.0
itu,itu_87,1593466217,itu,12,fixed,5,1,0,1,-2580.0,-10654.9,8074.9,230.0,309.1,129,47,220,472,0,0,7,1,0,0,10,3,25,24,23,28,0,0,84,849.1,2.59,3,2,1,1,0,0,itu,0,0,0,0,0,0,0,0.0,0.0
itu,itu_88,1593476190,itu,12,fixed,5,1,0,1,2055.0,944.1,1110.9,150.0,309.1,127,45,0,4,0,0,1,1,0,0,10,0,1,1,0,56,0,0,84,539.1,1.65,2,2,1,1,0,0,itu,0,0,0,0,0,0,0,0.0,0.0
itu,itu_89,1593486163,itu,12,fixed,5,1,0,2,1280.5,2068.1,-787.5,389.5,133.1,73,127,10,0,0,0,0,0,0,0,3,0,1,1,0,52,0,0,84,592.6,1.81,3,2,1,1,0,0,itu,0,0,0,0,0,0,0,0.0,0.0
itu,itu_90,1593496136,itu,12,fixed,5,1,0,2,-3543.2,-3520.2,-23.0,0.0,0.0,127,127,222,222,0,0,4,4,0,0,1,0,2,1,0,82,1,0,84,299.1,0.91,2,2,1,1,0,0,itu,0,0,0,0,0,0,0,0.0,0.0
itu,itu_91,1593506109,itu,12,fixed,5,1,0,1,2055.0,1324.6,730.4,150.0,458.6,127,61,0,4,0,0,1,0,0,0,10,3,1,1,0,44,0,0,84,688.6,2.10,2,2,1,1,0,0,itu,0,0,0,0,0,0,0,0.0,0.0
itu,itu_92,1593516082,itu,12,fixed,5,1,0,2,1905.0,2023.0,-118.0,0.0,150.0,127,127,0,0,0,0,0,1,0,1,0,10,0,0,0,0,0,0,84,150.0,0.46,2,2,1,1,0,0,itu,0,1,0,0,0,0,1,0.0,0.0
itu,itu_93,1593526055,itu,12,fixed,5,1,0,1,2291.2,2169.4,121.9,226.2,136.4,171,127,32,0,0,0,0,1,0,1,0,0,11,11,10,49,0,0,84,522.6,1.60,3,2,1,1,0,0,itu,0,1,0,0,0,0,1,0.0,0.0
itu,itu_94,1593536028,itu,12,fixed,5,1,0,1,-2835.0,-9077.9,6242.9,830.0,309.1,49,61,200,418,0,0,4,0,0,0,10,4,25,24,24,27,0,0,84,1219.1,3.72,3,2,2,1,0,0,itu,0,0,0,0,0,0,0,0.0,0.0
itu,itu_95,1593546001,itu,12,fixed,5,1,0,2,1195.0,2225.0,-1030.0,380.0,150.0,109,125,50,0,2,0,0,2,0,0,10,10,23,23,23,26,0,0,84,530.0,1.62,3,2,5,1,0,0,itu,0,0,0,0,0,0,0,0.0,0.0
itu,itu_96,1593555974,itu,12,fixed,5,1,0,2,-1759.9,840.0,-2599.9,469.1,310.0,61,203,136,126,0,3,0,0,1,0,0,10,27,23,23,27,0,0,84,1009.1,3.08,2,3,1,1,0,0,itu,2,0,0,0,1,0,0,0.0,0.0
itu,itu_97,1593565947,itu,12,fixed,5,1,0,1,2042.8,2041.8,0.9,137.8,136.8,127,127,0,0,0,0,1,0,0,0,0,0,0,0,0,0,0,0,84,274.6,0.84,2,2,1,1,0,0,itu,0,0,0,0,0,0,0,0.0,0.0
itu,itu_98,1593575920,itu,12,fixed,5,1,0,2,945.0,2268.1,-1323.1,610.0,133.1,79,125,52,0,3,0,0,0,0,0,10,0,24,24,23,24,0,0,84,743.1,2.27,3,2,3,1,0,0,itu,0,0,0,0,0,0,0,0.0,0.0
itu,itu_99,1593585893,itu,12,fixed,5,1,0,2,1362.0,2125.0,-763.0,760.0,0.0,99,125,54,0,3,0,0,1,0,0,11,0,23,23,22,23,0,0,84,840.0,2.57,3,2,5,1,0,0,itu,0,0,0,0,0,0,0,0.0,0.0
itu,itu_100,1593595866,itu,12,fixed,5,1,0,2,-3570.0,-3550.0,-20.0,0.0,0.0,127,127,222,222,0,0,4,4,0,0,10,10,2,1,0,82,1,0,84,300.0,0.92,2,2,1,1,0,0,itu,0,0,0,0,0,0,0,0.0,0.0
itu,itu_101,1593605839,itu,12,fixed,5,1,0,1,-1585.4,-9265.9,7680.6,139.6,309.1,173,45,194,412,0,0,3,2,0,0,0,0,14,14,14,41,0,0,84,768.7,2.35,3,2,1,1,0,0,itu,0,0,0,0,0,0,0,0.0,0.0
itu,itu_102,1593615812,itu,12,fixed,5,1,0,1,-2077.0,-5264.9,3187.9,610.0,389.1,49,55,148,262,2,0,3,0,0,0,14,3,12,11,11,16,0,0,84,1079.1,3.30,3,2,2,1,0,0,itu,0,0,0,0,0,0,0,0.0,0.0
itu,itu_103,1593625785,itu,12,fixed,5,1,0,2,-10184.5,-4629.0,-5555.5,309.5,230.0,47,39,454,244,0,7,0,4,0,1,3,10,23,12,12,51,0,0,84,859.5,2.63,2,3,1,1,0,0,itu,0,2,0,0,1,0,0,0.0,0.0
itu,itu_104,1593635758,itu,12,fixed,5,1,0,2,-1115.9,634.2,-1750.1,469.1,139.2,61,191,108,118,0,0,1,0,0,0,0,0,22,20,20,30,0,0,84,848.2,2.59,2,3,1,1,0,0,itu,0,0,0,0,0,0,0,0.0,0.0
itu,itu_105,1593645731,itu,12,fixed,5,1,0,1,2284.7,679.0,1605.7,146.7,840.0,127,44,0,50,0,0,1,0,0,0,9,17,24,24,23,28,0,0,84,986.7,3.01,2,3,1,2,0,0,itu,0,0,0,0,0,0,0,0.0,0.0
itu,itu_106,1593655704,itu,12,fixed,5,1,0,2,-10314.9,-1223.0,-9091.9,309.1,230.0,47,199,464,220,0,0,1,6,0,0,3,11,42,24,24,27,0,0,84,769.1,2.35,2,3,1,1,0,0,itu,0,0,0,0,0,0,0,0.0,0.0
itu,itu_107,1593665677,itu,12,fixed,5,1,0,2,-10184.9,-4629.0,-5555.9,309.1,230.0,47,39,454,244,0,7,0,6,0,1,3,10,23,12,12,51,0,0,84,859.1,2.62,2,3,1,1,0,0,itu,0,2,0,0,1,0,0,0.0,0.0
itu,itu_108,1593675650,itu,12,fixed,5,1,0,2,1125.1,2234.1,-1109.0,389.1,299.1,55,127,4,0,0,0,1,0,0,0,3,0,1,1,0,55,0,0,84,688.1,2.10,2,2,1,1,0,0,itu,0,0,0,0,0,0,0,0.0,0.0
itu,itu_109,1593685623,itu,12,fixed,5,1,0,2,1074.1,2068.1,-994.0,389.1,133.1,61,127,10,0,0,0,0,0,0,0,0,0,1,1,0,42,0,0,84,522.1,1.59,2,2,1,1,0,0,itu,0,0,0,0,0,0,0,0.0,0.0
itu,itu_110,1593695596,itu,12,fixed,5,1,0,2,363.0,2177.4,-1814.4,690.0,112.4,49,127,52,0,0,0,0,0,0,0,14,0,14,14,13,46,0,0,84,802.4,2.45,3,2,2,1,0,0,itu,0,0,0,0,0,0,0,0.0,0.0
itu,itu_111,1593705569,itu,12,fixed,5,1,0,2,1905.0,2017.4,-112.4,0.0,112.4,127,127,0,0,0,0,0,0,0,0,0,0,0,0,0,0,0,0,84,112.4,0.34,2,2,1,1,0,0,itu,0,0,0,0,0,0,0,0.0,0.0
itu,itu_112,1593715542,itu,12,fixed,5,1,0,2,-8345.9,-1700.0,-6645.9,309.1,230.0,61,139,394,200,0,0,0,0,0,0,0,10,38,24,24,27,0,0,84,849.1,2.59,2,3,1,1,0,0,itu,0,0,0,0,0,0,0,0.0,0.0
itu,itu_113,1593725515,itu,12,fixed,5,1,0,2,2038.1,2054.5,-16.5,133.1,149.5,127,127,0,0,0,0,0,0,0,0,0,0,0,0,0,0,0,0,84,282.6,0.86,2,2,1,1,0,0,itu,0,0,0,0,0,0,0,0.0,0.0
itu,itu_114,1593735488,itu,12,fixed,5,1,0,2,815.5,1980.0,-1164.5,309.5,0.0,47,127,10,0,0,0,0,0,0,0,3,10,1,1,0,52,0,0,84,539.5,1.65,2,2,1,1,0,0,itu,0,0,0,0,0,0,0,0.0,0.0
itu,itu_115,1593745461,itu,12,fixed,5,1,0,2,399.0,2213.6,-1814.6,760.0,148.6,44,127,50,0,0,0,0,0,0,0,17,0,14,14,13,47,0,0,84,908.6,2.78,3,2,2,1,0,0,itu,0,0,0,0,0,0,0,0.0,0.0
itu,itu_116,1593755434,itu,12,fixed,5,1,0,1,2170.2,135.0,2035.2,115.2,390.0,127,43,0,50,0,56,1,0,0,0,0,10,13,13,12,48,0,0,84,745.2,2.28,2,3,1,1,0,0,itu,0,0,0,0,0,0,0,0.0,0.0
itu,itu_117,1593765407,itu,12,fixed,5,1,0,2,-5153.9,-4790.0,-363.9,141.1,310.0,203,123,340,284,0,2,11,0,0,0,0,10,3,2,1,72,1,0,84,921.1,2.81,3,3,1,1,0,0,itu,0,0,0,0,0,0,0,0.0,0.0
itu,itu_118,1593775380,itu,12,fixed,5,1,0,2,2163.9,2194.7,-30.8,198.9,146.7,159,127,32,0,0,0,41,1,0,0,0,9,15,15,14,33,0,0,84,505.6,1.54,3,2,1,1,0,0,itu,0,0,0,0,0,0,0,0.0,0.0
itu,itu_119,1593785353,itu,12,fixed,5,1,0,2,835.1,2055.0,-1219.9,309.1,150.0,45,127,8,0,0,0,1,3,0,0,3,10,1,1,0,54,0,0,84,539.1,1.65,2,2,1,1,0,0,itu,0,0,0,0,0,0,0,0.0,0.0
itu,itu_120,1593795326,itu,12,fixed,5,1,0,2,-3540.5,-3521.2,-19.3,0.0,0.0,127,127,222,222,0,0,4,4,0,0,0,0,2,1,0,82,1,0,84,296.7,0.91,2,2,1,1,0,0,itu,0,0,0,0,0,0,0,0.0,0.0
itu,itu_121,1593805299,itu,12,fixed,5,1,0,1,2084.5,965.5,1119.0,149.5,309.5,127,47,0,4,0,0,0,0,0,0,0,3,1,1,0,55,0,0,84,539.1,1.65,2,2,1,1,0,0,itu,0,0,0,0,0,0,0,0.0,0.0
itu,itu_122,1593815272,itu,12,fixed,5,1,0,1,2053.0,935.1,1117.9,118.0,309.1,127,45,0,4,0,0,0,1,0,0,0,3,1,1,0,56,0,0,84,507.1,1.55,2,2,1,1,0,0,itu,0,0,0,0,0,0,0,0.0,0.0
itu,itu_123,1593825245,itu,12,fixed,5,1,0,1,2254.7,1442.0,812.7,146.7,610.0,125,109,0,50,0,2,1,0,0,0,9,11,24,24,23,28,0,0,84,756.7,2.31,2,3,1,5,0,0,itu,0,0,0,0,0,0,0,0.0,0.0
itu,itu_124,1593835218,itu,12,fixed,5,1,0,2,2021.6,2053.6,-32.0,116.6,148.6,127,127,0,0,0,0,0,1,0,0,0,0,0,0,0,0,0,0,84,265.2,0.81,2,2,1,1,0,0,itu,0,0,0,0,0,0,0,0.0,0.0
itu,itu_125,1593845191,itu,12,fixed,5,1,0,2,-7898.3,-5115.0,-2783.3,146.7,990.0,171,49,432,280,0,0,6,4,0,0,0,10,8,5,4,66,1,0,84,1376.7,4.20,3,3,1,2,0,0,itu,0,0,0,0,0,0,0,0.0,0.0
itu,itu_126,1593855164,itu,12,fixed,5,1,0,1,2054.5,2021.6,32.9,149.5,116.6,127,127,0,0,0,0,0,0,0,0,0,0,0,0,0,0,0,0,84,266.1,0.81,2,2,1,1,0,0,itu,0,0,0,0,0,0,0,0.0,0.0
itu,itu_127,1593865137,itu,12,fixed,5,1,0,2,1170.0,2284.1,-1114.1,770.0,149.1,79,127,50,0,30,0,0,1,0,0,10,0,23,23,23,26,0,0,84,989.1,3.02,3,2,4,1,0,0,itu,0,0,0,0,0,0,0,0.0,0.0
itu,itu_128,1593875110,itu,12,fixed,5,1,0,1,-6038.0,-6293.5,255.5,230.0,141.5,69,191,300,378,0,0,8,8,0,0,11,0,4,4,3,66,0,0,84,851.5,2.60,3,3,1,1,0,0,itu,0,0,0,0,0,0,0,0.0,0.0
itu,itu_129,1593885083,itu,12,fixed,5,1,0,2,984.1,2050.2,-1066.1,309.1,115.2,61,127,12,0,0,0,0,1,0,0,0,0,1,1,0,41,0,0,84,504.2,1.54,2,2,1,1,0,0,itu,0,0,0,0,0,0,0,0.0,0.0
itu,itu_130,1593895056,itu,12,fixed,5,1,0,1,-470.0,-4424.9,3954.9,390.0,309.1,159,47,138,222,0,0,3,1,0,0,10,3,6,6,5,64,0,0,84,1009.1,3.08,3,2,1,1,0,0,itu,0,0,0,0,0,0,0,0.0,0.0
itu,itu_131,1593905029,itu,12,fixed,5,1,0,2,-160.0,2045.0,-2205.0,230.0,0.0,39,127,52,0,56,0,0,1,0,0,10,0,12,12,11,48,0,0,84,460.0,1.40,3,2,1,1,0,0,itu,0,0,0,0,0,0,0,0.0,0.0
itu,itu_132,1593915002,itu,12,fixed,5,1,0,1,2084.5,965.5,1119.0,149.5,309.5,127,47,0,4,0,0,0,0,0,0,0,3,1,1,0,55,0,0,84,539.1,1.65,2,2,1,1,0,0,itu,0,0,0,0,0,0,0,0.0,0.0
itu,itu_133,1593924975,itu,12,fixed,5,1,0,1,2161.6,540.0,1621.6,116.6,620.0,127,58,0,48,0,0,0,0,0,0,0,10,14,14,14,46,0,0,84,736.6,2.25,2,4,1,2,0,0,itu,0,0,0,0,0,0,0,0.0,0.0
itu,itu_134,1593934948,itu,12,fixed,5,1,0,1,2041.8,2025.0,16.8,136.8,150.0,127,127,0,0,0,0,0,2,0,0,0,10,0,0,0,0,0,0,84,286.8,0.88,2,2,1,1,0,0,itu,0,0,0,0,0,0,0,0.0,0.0
itu,itu_135,1593944921,itu,12,fixed,5,1,0,1,2181.6,10.0,2171.6,116.6,310.0,127,39,0,50,0,52,0,0,0,0,0,10,14,14,13,48,0,0,84,656.6,2.01,2,3,1,1,0,0,itu,0,0,0,0,0,0,0,0.0,0.0
itu,itu_136,1593954894,itu,12,fixed,5,1,0,2,1382.0,2105.0,-723.0,620.0,0.0,109,125,52,0,5,0,0,1,0,0,11,0,23,23,23,25,0,0,84,620.0,1.89,3,2,4,1,0,0,itu,0,0,0,0,0,0,0,0.0,0.0
itu,itu_137,1593964867,itu,12,fixed,5,1,0,1,2285.0,625.0,1660.0,150.0,540.0,127,59,0,50,0,5,2,0,0,0,10,10,24,24,23,28,0,0,84,690.0,2.11,2,3,1,3,0,0,itu,0,0,0,0,0,0,0,0.0,0.0
itu,itu_138,1593974840,itu,12,fixed,5,1,0,1,2054.5,2017.4,37.2,149.5,112.4,127,127,0,0,0,0,0,0,0,0,0,0,0,0,0,0,0,0,84,261.9,0.80,2,2,1,1,0,0,itu,0,0,0,0,0,0,0,0.0,0.0
itu,itu_139,1593984813,itu,12,fixed,5,1,0,1,2071.8,1125.1,946.8,136.8,389.1,127,55,0,4,0,0,0,2,0,0,0,3,1,1,0,55,0,0,84,525.9,1.61,2,2,1,1,0,0,itu,0,0,0,0,0,0,0,0.0,0.0
itu,itu_140,1593994786,itu,12,fixed,5,1,0,1,-4623.0,-11470.0,6847.0,150.0,0.0,32,125,222,558,0,0,4,4,0,0,1,10,28,28,27,28,1,0,84,300.0,0.92,3,2,1,1,0,0,itu,0,0,0,0,0,0,0,0.0,0.0
itu,itu_141,1594004759,itu,12,fixed,5,1,0,1,2054.5,2025.0,29.5,149.5,150.0,127,127,0,0,0,0,0,2,0,0,0,10,0,0,0,0,0,0,84,299.5,0.91,2,2,1,1,0,0,itu,0,0,0,0,0,0,0,0.0,0.0
itu,itu_142,1594014732,itu,12,fixed,5,1,0,2,1905.0,2053.6,-148.6,0.0,148.6,127,127,0,0,0,0,0,0,0,0,0,0,0,0,0,0,0,0,84,148.6,0.45,2,2,1,1,0,0,itu,0,0,0,0,0,0,0,0.0,0.0
itu,itu_143,1594024705,itu,12,fixed,5,1,0,2,1405.0,2223.0,-818.0,680.0,118.0,103,125,50,0,4,0,0,0,0,0,10,0,23,23,23,26,0,0,84,798.0,2.44,3,2,4,1,0,0,itu,0,0,0,0,0,0,0,0.0,0.0
itu,itu_144,1594034678,itu,12,fixed,5,1,0,1,1935.0,965.5,969.5,0.0,309.5,127,47,0,4,0,0,0,0,0,0,0,3,1,1,0,55,0,0,84,389.5,1.19,2,2,1,1,0,0,itu,0,0,0,0,0,0,0,0.0,0.0
itu,itu_145,1594044651,itu,12,fixed,5,1,0,1,-1680.0,-10554.5,8874.5,230.0,309.5,189,47,220,468,0,0,9,0,0,0,10,3,25,24,23,28,0,0,84,849.5,2.59,3,2,1,1,0,0,itu,0,0,0,0,0,0,0,0.0,0.0
itu,itu_146,1594054624,itu,12,fixed,5,1,0,2,-3540.0,-3520.0,-20.0,0.0,0.0,127,127,222,222,0,0,4,4,0,0,0,0,2,1,0,82,1,0,84,300.0,0.92,2,2,1,1,0,0,itu,0,0,0,0,0,0,0,0.0,0.0
itu,itu_147,1594064597,itu,12,fixed,5,1,0,1,2072.8,965.1,1107.7,137.8,309.1,127,47,0,4,0,0,1,1,0,0,0,3,1,1,0,55,0,0,84,526.8,1.61,2,2,1,1,0,0,itu,0,0,0,0,0,0,0,0.0,0.0
itu,itu_148,1594074570,itu,12,fixed,5,1,0,1,-6218.0,-8848.5,2630.5,610.0,141.5,49,171,308,468,0,0,10,0,0,0,11,0,6,6,5,62,0,0,84,981.5,3.00,3,3,2,1,0,0,itu,0,0,0,0,0,0,0,0.0,0.0
itu,itu_149,1594084543,itu,12,fixed,5,1,0,1,-1429.4,-9974.9,8545.5,140.6,309.1,201,47,212,442,0,0,9,0,0,0,0,3,21,20,20,29,0,0,84,759.6,2.32,3,2,1,1,0,0,itu,0,0,0,0,0,0,0,0.0,0.0
itu,itu_150,1594094516,itu,12,fixed,5,1,0,2,-8085.4,-4465.0,-3620.4,139.6,680.0,171,149,440,306,0,2,5,7,0,0,0,10,13,6,6,62,0,0,84,1059.6,3.24,3,3,1,3,0,0,itu,0,0,0,0,0,0,0,0.0,0.0
itu,itu_151,1594104489,itu,12,fixed,5,1,0,2,1566.7,1765.5,-198.8,226.7,469.5,173,73,66,0,0,0,0,1,0,0,0,3,15,14,14,31,0,0,84,1006.2,3.07,3,3,1,1,0,0,itu,0,0,0,0,0,0,0,0.0,0.0
itu,itu_152,1594114462,itu,12,fixed,5,1,0,2,2020.2,2023.0,-2.8,115.2,118.0,127,127,0,0,0,0,1,0,0,0,0,0,0,0,0,0,0,0,84,233.2,0.71,2,2,1,1,0,0,itu,0,0,0,0,0,0,0,0.0,0.0
itu,itu_153,1594124435,itu,12,fixed,5,1,0,2,1980.0,2000.0,-20.0,0.0,0.0,127,127,0,0,0,0,4,4,0,0,10,10,2,1,0,82,1,0,84,300.0,0.92,2,2,1,1,0,0,itu,0,0,0,0,0,0,0,0.0,0.0
itu,itu_154,1594134408,itu,12,fixed,5,1,0,2,-10556.8,-4129.0,-6427.8,387.2,310.0,61,45,482,234,0,9,0,1,0,1,3,10,27,16,16,43,0,0,84,1017.2,3.11,2,3,1,1,0,0,itu,0,2,0,0,1,0,0,0.0,0.0
itu,itu_155,1594144381,itu,12,fixed,5,1,0,2,845.0,2220.2,-1375.2,380.0,115.2,89,125,52,0,2,0,0,1,0,0,10,0,23,23,23,25,0,0,84,495.2,1.51,3,2,4,1,0,0,itu,0,0,0,0,0,0,0,0.0,0.0
itu,itu_156,1594154354,itu,12,fixed,5,1,0,1,2054.5,2020.2,34.4,149.5,115.2,127,127,0,0,0,0,0,1,0,0,0,0,0,0,0,0,0,0,84,264.7,0.81,2,2,1,1,0,0,itu,0,0,0,0,0,0,0,0.0,0.0
itu,itu_157,1594164327,itu,12,fixed,5,1,0,1,2261.7,2055.0,206.7,226.7,0.0,171,127,38,0,0,0,0,1,0,0,0,0,15,15,15,32,0,0,84,466.7,1.43,3,2,1,1,0,0,itu,0,0,0,0,0,0,0,0.0,0.0
itu,itu_158,1594174300,itu,12,fixed,5,1,0,2,1090.0,2245.0,-1155.0,610.0,150.0,88,125,50,0,2,0,0,3,0,0,10,10,23,22,22,25,0,0,84,760.0,2.32,4,2,4,1,0,0,itu,0,0,0,0,0,0,0,0.0,0.0
itu,itu_159,1594184273,itu,12,fixed,5,1,0,2,-3603.0,-3600.0,-3.0,0.0,0.0,127,127,222,222,0,0,4,4,0,0,11,10,0,0,0,0,1,0,84,300.0,0.92,2,2,1,1,0,0,itu,0,0,0,0,0,0,0,0.0,0.0
itu,itu_160,1594194246,itu,12,fixed,5,1,0,1,2054.7,965.1,1089.6,146.7,309.1,127,47,0,4,0,0,2,0,0,0,9,3,1,1,0,55,0,0,84,535.8,1.64,2,2,1,1,0,0,itu,0,0,0,0,0,0,0,0.0,0.0
itu,itu_161,1594204219,itu,12,fixed,5,1,0,1,2053.0,1125.5,927.5,118.0,389.5,127,55,0,4,0,0,0,0,0,0,0,3,1,1,0,55,0,0,84,507.5,1.55,2,2,1,1,0,0,itu,0,0,0,0,0,0,0,0.0,0.0
itu,itu_162,1594214192,itu,12,fixed,5,1,0,2,445.0,2180.2,-1735.2,760.0,115.2,49,127,52,0,0,0,0,2,0,0,10,0,14,14,13,46,0,0,84,875.2,2.67,3,2,2,1,0,0,itu,0,0,0,0,0,0,0,0.0,0.0
itu,itu_163,1594224165,itu,12,fixed,5,1,0,1,2039.5,2017.4,22.1,134.5,112.4,127,127,0,0,0,0,0,0,0,0,0,0,0,0,0,0,0,0,84,246.8,0.75,2,2,1,1,0,0,itu,0,0,0,0,0,0,0,0.0,0.0
itu,itu_164,1594234138,itu,12,fixed,5,1,0,2,2234.6,2244.5,-9.9,209.6,149.5,171,127,36,0,0,0,0,0,0,0,0,0,17,16,16,35,0,0,84,439.2,1.34,3,2,1,1,0,0,itu,0,0,0,0,0,0,0,0.0,0.0
itu,itu_165,1594244111,itu,12,fixed,5,1,0,1,2313.6,615.0,1698.6,148.6,680.0,127,49,0,50,0,2,2,0,0,0,0,10,24,24,23,28,0,0,84,828.6,2.53,2,3,1,2,0,0,itu,0,0,0,0,0,0,0,0.0,0.0
itu,itu_166,1594254084,itu,12,fixed,5,1,0,1,2083.6,965.5,1118.1,148.6,309.5,127,47,0,4,0,0,0,0,0,0,0,3,1,1,0,55,0,0,84,538.1,1.64,2,2,1,1,0,0,itu,0,0,0,0,0,0,0,0.0,0.0
itu,itu_167,1594264057,itu,12,fixed,5,1,0,2,1980.0,2000.0,-20.0,0.0,0.0,127,127,0,0,0,0,4,4,0,0,10,10,2,1,0,82,1,0,84,300.0,0.92,2,2,1,1,0,0,itu,0,0,0,0,0,0,0,0.0,0.0
itu,itu_168,1594274030,itu,12,fixed,5,1,0,2,-7660.5,-7640.9,-19.5,229.5,229.1,32,32,336,336,0,0,0,0,0,0,0,0,2,1,0,82,3,0,84,458.6,1.40,3,3,1,1,0,0,itu,0,0,0,0,0,0,0,0.0,0.0
itu,itu_169,1594284003,itu,12,fixed,5,1,0,2,2225.0,2256.5,-31.5,150.0,221.5,127,171,0,38,0,0,3,0,0,0,10,0,18,17,17,35,0,0,84,531.5,1.62,2,3,1,1,0,0,itu,0,0,0,0,0,0,0,0.0,0.0
itu,itu_170,1594293976,itu,12,fixed,5,1,0,1,-1558.9,-8665.9,7107.0,141.1,309.1,173,45,194,388,0,0,4,0,0,0,0,0,15,14,14,40,0,0,84,760.1,2.32,3,2,1,1,0,0,itu,0,0,0,0,0,0,0,0.0,0.0
itu,itu_171,1594303949,itu,12,fixed,5,1,0,2,505.0,2055.0,-1550.0,840.0,0.0,49,127,52,0,0,0,0,1,0,0,10,0,13,13,12,46,0,0,84,840.0,2.57,3,2,2,1,0,0,itu,0,0,0,0,0,0,0,0.0,0.0
itu,itu_172,1594313922,itu,12,fixed,5,1,0,1,2234.7,1215.0,1019.7,146.7,530.0,125,99,0,50,0,4,1,0,0,0,9,10,24,24,24,27,0,0,84,676.7,2.07,2,3,1,5,0,0,itu,0,0,0,0,0,0,0,0.0,0.0
itu,itu_173,1594323895,itu,12,fixed,5,1,0,1,-2267.1,-3168.8,901.7,118.9,146.2,201,171,222,242,0,0,49,7,5,0,0,0,3,2,1,67,1,0,84,735.2,2.25,3,3,1,1,0,0,itu,13,0,0,0,4,0,1,0.0,0.0
itu,itu_174,1594333868,itu,12,fixed,5,1,0,2,2100.2,2531.7,-431.5,115.2,226.7,127,171,0,20,0,0,1,0,0,0,0,0,6,6,5,59,0,0,84,581.9,1.78,2,3,1,1,0,0,itu,0,0,0,0,0,0,0,0.0,0.0
itu,itu_175,1594343841,itu,12,fixed,5,1,0,2,-115.0,230.5,-345.5,540.0,389.5,89,83,98,70,4,0,0,0,0,0,10,3,25,24,23,28,0,0,84,1079.5,3.30,3,3,6,1,0,0,itu,0,0,0,0,0,0,0,0.0,0.0
itu,itu_176,1594353814,itu,12,fixed,5,1,0,1,2206.2,2168.1,38.2,226.7,133.1,173,127,38,0,0,0,0,0,0,0,0,0,11,11,10,48,0,0,84,588.8,1.80,3,2,1,1,0,0,itu,0,0,0,0,0,0,0,0.0,0.0
itu,itu_177,1594363787,itu,12,fixed,5,1,0,2,225.0,2137.7,-1912.7,610.0,114.7,44,125,52,0,0,0,0,3,0,1,15,0,15,15,15,42,0,0,84,724.7,2.21,3,2,2,1,0,0,itu,0,1,0,0,0,0,1,0.0,0.0
itu,itu_178,1594373760,itu,12,fixed,5,1,0,2,-3552.5,-3529.5,-23.1,0.0,0.0,127,127,222,222,0,0,4,4,0,0,3,3,2,1,0,82,1,0,84,292.0,0.89,2,2,1,1,0,0,itu,0,0,0,0,0,0,0,0.0,0.0
itu,itu_179,1594383733,itu,12,fixed,5,1,0,2,1980.0,2000.0,-20.0,0.0,0.0,127,127,0,0,0,0,4,4,0,0,10,10,2,1,0,82,1,0,84,300.0,0.92,2,2,1,1,0,0,itu,0,0,0,0,0,0,0,0.0,0.0
itu,itu_180,1594393706,itu,12,fixed,5,1,0,2,815.1,2068.1,-1253.0,309.1,133.1,47,127,10,0,0,0,1,0,0,0,3,0,1,1,0,52,0,0,84,522.1,1.59,2,2,1,1,0,0,itu,0,0,0,0,0,0,0,0.0,0.0
itu,itu_181,1594403679,itu,12,fixed,5,1,0,2,-3547.2,-3529.5,-17.6,0.0,0.0,127,127,222,222,0,0,4,4,0,0,2,2,2,1,0,82,1,0,84,290.6,0.89,2,2,1,1,0,0,itu,0,0,0,0,0,0,0,0.0,0.0
itu,itu_182,1594413652,itu,12,fixed,5,1,0,1,2083.6,965.5,1118.1,148.6,309.5,127,47,0,4,0,0,0,0,0,0,0,3,1,1,0,55,0,0,84,538.1,1.64,2,2,1,1,0,0,itu,0,0,0,0,0,0,0,0.0,0.0
itu,itu_183,1594423625,itu,12,fixed,5,1,0,2,-10535.9,-2733.0,-7802.9,309.1,230.0,45,99,472,222,0,0,3,8,0,0,0,11,42,24,24,27,0,0,84,849.1,2.59,2,3,1,1,0,0,itu,0,0,0,0,0,0,0,0.0,0.0
itu,itu_184,1594433598,itu,12,fixed,5,1,0,1,-2872.0,-8326.1,5454.1,610.0,118.9,54,63,194,382,0,0,12,0,0,0,14,0,24,23,23,25,0,0,84,808.9,2.47,3,2,3,1,0,0,itu,0,0,0,0,0,0,0,0.0,0.0
itu,itu_185,1594443571,itu,12,fixed,5,1,0,1,2054.1,2020.2,33.9,149.1,115.2,127,127,0,0,0,0,0,1,0,0,0,0,0,0,0,0,0,0,84,264.2,0.81,2,2,1,1,0,0,itu,0,0,0,0,0,0,0,0.0,0.0
itu,itu_186,1594453544,itu,12,fixed,5,1,0,2,1005.1,1980.0,-974.9,619.1,0.0,55,127,18,0,0,0,0,0,0,0,3,10,1,1,0,48,0,0,84,769.1,2.35,2,2,1,1,0,0,itu,0,0,0,0,0,0,0,0.0,0.0
itu,itu_187,1594463517,itu,12,fixed,5,1,0,2,1022.5,2068.1,-1045.5,309.5,133.1,61,127,10,0,0,0,0,0,0,0,4,0,1,1,0,42,0,0,84,522.6,1.60,2,2,1,1,0,0,itu,0,0,0,0,0,0,0,0.0,0.0
itu,itu_188,1594473490,itu,12,fixed,5,1,0,2,-3549.5,-3529.2,-20.2,0.0,0.0,127,127,222,222,0,0,4,4,0,0,3,3,2,1,0,82,1,0,84,298.6,0.91,2,2,1,1,0,0,itu,0,0,0,0,0,0,0,0.0,0.0
itu,itu_189,1594483463,itu,12,fixed,5,1,0,2,1980.0,2000.0,-20.0,0.0,0.0,127,127,0,0,0,0,4,4,0,0,10,10,2,1,0,82,1,0,84,300.0,0.92,2,2,1,1,0,0,itu,0,0,0,0,0,0,0,0.0,0.0
itu,itu_190,1594493436,itu,12,fixed,5,1,0,2,700.0,2139.0,-1439.0,690.0,134.0,58,125,42,0,0,0,0,0,0,0,10,0,11,11,10,51,0,0,84,824.0,2.52,4,2,2,1,0,0,itu,0,0,0,0,0,0,0,0.0,0.0
itu,itu_191,1594503409,itu,12,fixed,5,1,0,1,-4325.0,-7248.3,2923.3,840.0,226.7,49,171,258,408,0,0,17,0,0,0,10,0,22,22,22,25,0,0,84,1226.7,3.75,3,3,2,1,0,0,itu,0,0,0,0,0,0,0,0.0,0.0
itu,itu_192,1594513382,itu,12,fixed,5,1,0,2,-10165.4,-3610.0,-6555.4,458.6,230.0,47,39,464,220,0,0,0,7,0,0,3,10,41,24,24,27,0,0,84,998.6,3.05,2,3,1,1,0,0,itu,0,0,0,0,0,0,0,0.0,0.0
itu,itu_193,1594523355,itu,12,fixed,5,1,0,1,2255.0,745.0,1510.0,150.0,830.0,127,49,0,50,0,0,2,0,0,0,10,10,23,23,23,29,0,0,84,980.0,2.99,2,3,1,2,0,0,itu,0,0,0,0,0,0,0,0.0,0.0
itu,itu_194,1594533328,itu,12,fixed,5,1,0,2,-160.0,2168.8,-2328.8,230.0,113.8,39,127,52,0,54,0,0,0,0,0,10,0,13,12,12,12,0,0,84,573.8,1.75,3,2,1,1,0,0,itu,0,0,0,0,0,0,0,0.0,0.0
itu,itu_195,1594543301,itu,12,fixed,5,1,0,2,-11225.9,-630.0,-10595.9,309.1,380.0,61,195,510,196,0,0,0,0,0,0,0,10,38,23,23,27,0,0,84,999.1,3.05,2,3,1,1,0,0,itu,0,0,0,0,0,0,0,0.0,0.0
itu,itu_196,1594553274,itu,12,fixed,5,1,0,1,1434.6,579.1,855.5,458.6,132.1,61,33,0,4,0,0,0,16,0,4,3,0,1,1,0,69,0,0,84,750.7,2.29,2,2,1,1,0,0,itu,0,4,0,1,0,0,4,0.0,0.0
itu,itu_197,1594563247,itu,12,fixed,5,1,0,1,2083.6,1333.6,750.0,148.6,458.6,127,61,0,4,0,0,1,0,0,0,0,0,1,1,0,44,0,0,84,687.2,2.10,2,2,1,1,0,0,itu,0,0,0,0,0,0,0,0.0,0.0
itu,itu_198,1594573220,itu,12,fixed,5,1,0,2,-11094.5,-3922.0,-7172.5,309.5,460.0,47,69,490,236,0,10,1,3,0,1,3,11,21,11,11,53,0,0,84,849.5,2.59,2,3,1,2,0,0,itu,0,2,0,0,1,0,0,0.0,0.0
itu,itu_199,1594583193,itu,12,fixed,5,1,0,2,865.5,2084.5,-1219.0,309.5,149.5,47,127,8,0,0,0,0,0,0,0,3,0,1,1,0,53,0,0,84,539.1,1.65,2,2,1,1,0,0,itu,0,0,0,0,0,0,0,0.0,0.0
strategic_res,strategic_res_0,1592598566,strategic_reserve,20,fixed,5,1,0,2,-3110.8,1300.8,-4411.5,232.1,232.5,183,283,264,185,0,1,15,31,1,1,4,11,51,28,27,76,0,0,140,1089.5,3.33,3,3,1,1,0,0,strategic_reserve,6,0,0,0,1,0,1,77.4,77.5
strategic_res,strategic_res_1,1592608539,strategic_reserve,20,fixed,5,1,0,1,4125.8,2052.3,2073.5,100.5,517.5,237,67,0,25,0,117,0,0,0,0,0,18,42,42,42,47,0,0,140,1044.0,3.19,2,4,1,2,0,1,strategic_reserve,0,0,0,0,0,0,0,33.5,172.5
strategic_res,strategic_res_2,1592618512,strategic_reserve,20,fixed,5,1,0,1,5594.2,3797.8,1796.5,166.1,88.5,366,237,19,0,0,0,1,0,0,0,0,0,11,11,11,29,0,0,140,559.5,1.71,3,2,1,1,0,0,strategic_reserve,0,0,0,0,0,0,0,55.4,29.5
strategic_res,strategic_res_3,1592628485,strategic_reserve,20,fixed,5,1,0,1,5609.5,3822.2,1787.4,169.7,111.4,366,237,18,0,0,0,0,2,0,0,0,0,10,10,10,30,0,0,140,604.8,1.85,3,2,1,1,0,0,strategic_reserve,0,0,0,0,0,0,0,56.6,37.1
strategic_res,strategic_res_4,1592638458,strategic_reserve,20,fixed,5,1,0,1,3862.2,3711.2,150.9,111.4,292.1,237,203,0,2,0,0,2,3,0,1,0,3,12,11,11,89,0,0,140,688.1,2.10,2,3,1,1,0,0,strategic_reserve,0,4,0,0,1,0,0,37.1,97.4
strategic_res,strategic_res_5,1592648431,strategic_reserve,20,fixed,5,1,0,2,1671.7,2888.8,-1217.1,245.1,82.5,209,340,86,114,0,0,27,9,2,1,0,0,20,19,18,83,0,0,140,896.8,2.74,3,3,1,1,0,0,strategic_reserve,3,5,0,0,2,0,1,81.7,27.5
strategic_res,strategic_res_6,1592658404,strategic_reserve,20,fixed,5,1,0,2,-2627.5,-1383.3,-1244.2,285.0,231.8,58,193,168,192,0,0,19,4,1,2,10,1,8,8,7,114,0,0,140,1149.1,3.51,3,3,1,1,1,0,strategic_reserve,0,4,0,0,2,0,1,95.0,77.3
strategic_res,strategic_res_7,1592668377,strategic_reserve,20,fixed,5,1,0,1,3630.2,3350.6,279.6,111.4,86.4,229,217,0,2,0,0,3,3,3,6,0,0,1,1,0,17,0,0,140,423.8,1.29,2,2,1,1,0,0,strategic_reserve,21,22,2,4,5,2,2,37.1,28.8
strategic_res,strategic_res_8,1592678350,strategic_reserve,20,fixed,5,1,0,2,4054.8,5642.1,-1587.4,112.5,164.7,238,356,0,44,0,0,2,0,1,0,10,0,48,36,36,54,0,0,140,519.6,1.59,2,3,1,1,0,0,strategic_reserve,7,0,0,0,1,0,0,37.5,54.9
strategic_res,strategic_res_9,1592688323,strategic_reserve,20,fixed,5,1,0,1,2266.2,1410.8,855.5,232.1,112.5,185,239,39,95,0,0,20,19,1,3,3,10,3,3,2,103,0,0,140,689.5,2.11,3,3,1,1,0,0,strategic_reserve,4,14,0,1,3,0,1,77.4,37.5
strategic_res,strategic_res_10,1592698296,strategic_reserve,20,fixed,5,1,0,2,3002.6,5514.3,-2511.7,86.4,169.7,226,366,33,37,0,0,1,7,5,0,0,0,29,29,28,69,0,0,140,650.9,1.99,3,3,1,1,0,0,strategic_reserve,21,0,4,0,3,1,1,28.8,56.6
strategic_res,strategic_res_11,1592708269,strategic_reserve,20,fixed,5,1,0,2,3805.8,3825.8,-20.0,0.0,0.0,248,248,0,0,0,0,21,21,1,1,3,3,2,1,0,138,1,0,140,299.1,0.91,2,2,1,1,0,0,strategic_reserve,5,5,1,1,2,0,0,0.0,0.0
strategic_res,strategic_res_12,1592718242,strategic_reserve,20,fixed,5,1,0,2,2274.6,2883.7,-609.1,86.4,231.8,217,195,48,25,0,0,2,4,4,2,0,3,7,7,6,99,0,0,140,734.2,2.24,2,3,1,1,0,0,strategic_reserve,20,5,3,0,4,1,1,28.8,77.3
strategic_res,strategic_res_13,1592728215,strategic_reserve,20,fixed,5,1,0,2,3213.7,3734.7,-521.0,231.8,99.8,193,237,6,0,0,0,3,0,3,0,3,0,1,1,0,108,0,0,140,682.1,2.08,3,2,1,1,0,0,strategic_reserve,5,0,0,0,3,0,0,77.3,33.3
strategic_res,strategic_res_14,1592738188,strategic_reserve,20,fixed,5,1,0,2,-1021.2,-571.3,-449.9,89.2,231.8,193,209,167,167,0,0,18,18,3,3,0,4,1,1,0,113,1,0,140,888.0,2.71,3,3,1,1,0,0,strategic_reserve,5,6,0,0,2,0,4,29.7,77.3
strategic_res,strategic_res_15,1592748161,strategic_reserve,20,fixed,5,1,0,2,-2490.2,637.7,-3127.9,89.2,231.8,163,209,212,139,0,0,8,3,2,3,0,1,21,11,10,92,0,0,140,888.0,2.71,3,3,1,1,0,0,strategic_reserve,2,6,0,0,2,0,3,29.7,77.3
strategic_res,strategic_res_16,1592758134,strategic_reserve,20,fixed,5,1,0,1,3876.2,963.8,2912.4,87.4,232.5,237,54,0,25,0,92,0,0,0,0,0,10,17,17,16,47,0,0,140,666.6,2.04,2,3,1,1,0,1,strategic_reserve,0,0,0,0,0,0,0,29.1,77.5
strategic_res,strategic_res_17,1592768107,strategic_reserve,20,fixed,5,1,0,2,-390.0,-370.0,-20.0,0.0,0.0,248,248,167,167,0,0,21,21,1,1,10,10,2,1,0,138,1,0,140,300.0,0.92,2,2,1,1,0,0,strategic_reserve,5,5,1,1,2,0,0,0.0,0.0
strategic_res,strategic_res_18,1592778080,strategic_reserve,20,fixed,5,1,0,1,4396.9,3994.0,402.9,259.9,110.0,262,254,6,0,0,0,1,2,2,1,0,9,6,6,6,71,0,0,140,723.3,2.21,3,2,1,1,0,0,strategic_reserve,4,7,0,0,3,0,0,86.6,36.7
strategic_res,strategic_res_19,1592788053,strategic_reserve,20,fixed,5,1,0,2,4283.2,6153.7,-1870.5,112.1,165.8,251,368,0,18,0,0,0,0,0,0,10,0,36,36,35,54,0,0,140,600.6,1.83,2,3,1,1,0,0,strategic_reserve,0,0,0,0,0,0,0,37.4,55.3
strategic_res,strategic_res_20,1592798026,strategic_reserve,20,fixed,5,1,0,1,3895.8,3742.2,153.6,112.5,111.4,245,237,0,0,0,0,3,2,2,0,10,0,2,2,2,2,0,0,140,458.6,1.40,3,2,1,1,0,0,strategic_reserve,19,0,0,0,1,0,1,37.5,37.1
strategic_res,strategic_res_21,1592807999,strategic_reserve,20,fixed,5,1,0,1,-781.8,-1766.3,984.5,577.5,112.5,246,346,219,291,1,0,33,39,1,1,11,0,6,6,5,118,1,0,140,1160.0,3.54,3,3,2,1,0,0,strategic_reserve,0,0,0,0,2,0,0,192.5,37.5
strategic_res,strategic_res_22,1592817972,strategic_reserve,20,fixed,5,1,0,2,-1105.0,908.8,-2013.7,110.0,172.5,348,394,268,225,0,0,41,35,2,1,0,10,13,7,6,118,1,0,140,766.7,2.34,3,3,1,1,0,0,strategic_reserve,0,0,0,0,3,0,0,36.7,57.5
strategic_res,strategic_res_23,1592827945,strategic_reserve,20,fixed,5,1,0,1,1491.2,-1966.3,3457.5,352.1,232.5,213,54,101,142,0,15,5,0,1,0,3,10,17,17,16,98,0,0,140,1249.5,3.82,3,3,1,1,0,1,strategic_reserve,4,0,0,0,1,0,0,117.4,77.5
strategic_res,strategic_res_24,1592837918,strategic_reserve,20,fixed,5,1,0,2,1780.2,3639.6,-1859.4,292.1,105.1,203,386,84,112,0,0,3,19,1,3,3,0,22,21,20,77,0,0,140,1009.6,3.08,3,3,1,1,0,0,strategic_reserve,2,9,0,0,2,0,2,97.4,35.0
strategic_res,strategic_res_25,1592847891,strategic_reserve,20,fixed,5,1,0,2,-8771.3,975.6,-9746.9,105.8,621.1,348,279,583,213,0,18,40,0,2,0,0,52,53,27,26,78,1,0,140,1279.2,3.91,3,3,1,12,0,0,strategic_reserve,0,0,0,0,1,0,1,35.3,207.0
strategic_res,strategic_res_26,1592857864,strategic_reserve,20,fixed,5,1,0,2,2092.5,4112.2,-2019.7,285.0,111.4,104,235,26,0,28,0,0,2,0,0,40,0,42,42,42,43,0,0,140,598.6,1.83,3,2,4,1,1,0,strategic_reserve,0,0,0,0,0,0,0,95.0,37.1
strategic_res,strategic_res_27,1592867837,strategic_reserve,20,fixed,5,1,0,1,3992.2,2144.0,1848.2,111.4,630.0,237,82,0,25,0,52,1,0,0,0,0,17,25,25,24,82,0,0,140,1278.6,3.91,2,4,1,2,0,1,strategic_reserve,0,0,0,0,0,0,0,37.1,210.0
strategic_res,strategic_res_28,1592877810,strategic_reserve,20,fixed,5,1,0,1,3752.2,3684.8,67.4,111.4,112.5,237,236,0,0,0,0,0,5,0,4,0,10,1,1,0,35,0,0,140,378.6,1.16,2,2,1,1,0,0,strategic_reserve,0,27,0,1,3,0,1,37.1,37.5
strategic_res,strategic_res_29,1592887783,strategic_reserve,20,fixed,5,1,0,2,-4081.8,-4061.8,-20.0,172.1,172.1,137,137,257,257,0,0,37,38,2,2,0,0,2,1,0,138,3,0,140,459.1,1.40,3,3,1,1,0,0,strategic_reserve,0,0,0,0,3,0,1,57.4,57.4
strategic_res,strategic_res_30,1592897756,strategic_reserve,20,fixed,5,1,0,1,949.2,-3388.6,4337.8,106.1,223.6,356,199,210,275,0,0,48,15,2,3,0,4,21,20,19,87,0,0,140,919.6,2.81,3,3,1,1,0,0,strategic_reserve,0,6,0,0,2,0,3,35.4,74.5
strategic_res,strategic_res_31,1592907729,strategic_reserve,20,fixed,5,1,0,1,4224.2,3774.7,449.5,292.1,99.8,238,237,1,0,4,0,5,0,2,0,3,0,7,7,7,17,0,0,140,762.6,2.33,3,2,1,1,0,0,strategic_reserve,5,0,0,0,2,0,0,97.4,33.3
strategic_res,strategic_res_32,1592917702,strategic_reserve,20,fixed,5,1,0,2,3524.6,3908.8,-384.2,86.4,112.5,217,248,0,0,0,0,3,4,4,2,0,10,5,5,4,12,0,0,140,425.2,1.30,2,2,1,1,0,0,strategic_reserve,20,10,3,1,4,1,1,28.8,37.5
strategic_res,strategic_res_33,1592927675,strategic_reserve,20,fixed,5,1,0,2,1045.8,4083.0,-3037.2,89.2,110.0,199,356,93,70,0,0,14,19,3,2,0,0,11,10,9,107,0,0,140,745.6,2.28,3,3,1,1,0,0,strategic_reserve,4,1,0,0,3,0,2,29.7,36.7
strategic_res,strategic_res_34,1592937648,strategic_reserve,20,fixed,5,1,0,1,1881.0,1611.5,269.5,0.0,109.0,239,161,71,44,0,0,12,19,7,2,0,0,4,4,3,119,0,0,140,445.3,1.36,3,3,1,1,0,0,strategic_reserve,32,11,1,0,7,0,2,0.0,36.3
strategic_res,strategic_res_35,1592947621,strategic_reserve,20,fixed,5,1,0,2,2647.5,3572.6,-925.1,345.0,86.4,209,224,68,17,12,0,10,1,2,5,50,0,44,36,36,37,0,0,140,725.2,2.21,3,3,5,1,0,0,strategic_reserve,0,21,0,4,5,1,1,115.0,28.8
strategic_res,strategic_res_36,1592957594,strategic_reserve,20,fixed,5,1,0,1,5944.0,3722.5,2221.5,229.3,85.0,396,235,24,0,0,0,0,0,0,0,0,0,7,7,7,13,0,0,140,659.1,2.01,3,2,1,1,0,0,strategic_reserve,0,0,0,0,0,0,0,76.4,28.3
strategic_res,strategic_res_37,1592967567,strategic_reserve,20,fixed,5,1,0,1,759.1,677.5,81.6,400.1,345.0,290,184,182,135,1,16,20,32,2,3,3,11,34,27,26,78,0,0,140,1313.4,4.01,3,3,1,2,0,0,strategic_reserve,1,11,0,0,3,0,2,133.4,115.0
strategic_res,strategic_res_38,1592977540,strategic_reserve,20,fixed,5,1,0,2,3644.9,3687.8,-42.8,102.6,88.5,231,237,0,0,0,0,0,0,1,0,0,0,0,0,0,0,0,0,140,334.8,1.02,2,2,1,1,0,0,strategic_reserve,7,0,0,0,1,0,0,34.2,29.5
strategic_res,strategic_res_39,1592987513,strategic_reserve,20,fixed,5,1,0,2,-2467.5,-975.3,-1492.2,285.0,231.8,58,195,159,177,5,0,0,15,0,2,10,3,7,7,6,110,0,0,140,1089.1,3.33,3,3,1,1,1,0,strategic_reserve,0,2,0,0,2,0,0,95.0,77.3
strategic_res,strategic_res_40,1592997486,strategic_reserve,20,fixed,5,1,0,2,1029.8,4764.2,-3734.5,112.5,166.1,221,356,112,82,0,0,18,0,5,0,10,0,49,36,35,55,0,0,140,681.5,2.08,2,3,1,1,0,0,strategic_reserve,22,0,1,0,2,0,3,37.5,55.4
strategic_res,strategic_res_41,1593007459,strategic_reserve,20,fixed,5,1,0,2,4011.9,6113.5,-2101.6,84.6,169.7,237,366,0,16,0,0,0,0,0,3,0,0,33,33,33,60,0,0,140,569.1,1.74,2,3,1,1,0,0,strategic_reserve,0,3,0,0,2,0,1,28.2,56.6
strategic_res,strategic_res_42,1593017432,strategic_reserve,20,fixed,5,1,0,1,3722.2,3705.8,16.4,111.4,100.5,237,237,0,0,0,0,2,0,0,0,0,0,0,0,0,0,0,0,140,282.6,0.86,2,2,1,1,0,0,strategic_reserve,0,0,0,0,0,0,0,37.1,33.5
strategic_res,strategic_res_43,1593027405,strategic_reserve,20,fixed,5,1,0,1,3722.2,3709.2,12.9,111.4,112.1,237,237,0,0,0,0,0,0,0,1,0,0,0,0,0,0,0,0,140,298.1,0.91,2,2,1,1,0,0,strategic_reserve,0,7,0,0,1,0,0,37.1,37.4
strategic_res,strategic_res_44,1593037378,strategic_reserve,20,fixed,5,1,0,1,1166.8,-1942.3,3109.1,172.5,231.8,384,148,229,190,0,0,48,22,2,3,10,3,31,28,27,76,0,0,140,999.1,3.05,3,3,1,1,0,0,strategic_reserve,1,13,0,1,5,0,0,57.5,77.3
strategic_res,strategic_res_45,1593047351,strategic_reserve,20,fixed,5,1,0,2,4088.2,5925.2,-1837.0,112.1,166.1,236,366,0,33,0,0,0,8,1,2,0,0,42,35,35,56,0,0,140,681.1,2.08,2,3,1,1,0,0,strategic_reserve,5,7,0,0,2,0,1,37.4,55.4
strategic_res,strategic_res_46,1593057324,strategic_reserve,20,fixed,5,1,0,2,3834.7,3891.2,-56.5,99.8,352.1,237,203,0,0,0,0,0,2,0,1,0,3,11,11,10,18,0,0,140,832.6,2.54,2,3,1,1,0,0,strategic_reserve,0,4,0,0,1,0,0,33.3,117.4
strategic_res,strategic_res_47,1593067297,strategic_reserve,20,fixed,5,1,0,1,2205.7,2173.8,31.9,231.8,112.5,185,239,43,67,0,0,4,5,1,3,3,0,3,3,2,103,0,0,140,839.1,2.56,3,3,1,1,0,0,strategic_reserve,4,15,0,1,4,0,0,77.3,37.5
strategic_res,strategic_res_48,1593077270,strategic_reserve,20,fixed,5,1,0,2,2473.0,4022.2,-1549.2,570.0,111.4,108,235,28,0,64,0,0,2,0,0,39,0,33,33,33,38,0,0,140,1218.6,3.72,4,2,4,1,1,0,strategic_reserve,0,0,0,0,0,0,0,190.0,37.1
strategic_res,strategic_res_49,1593087243,strategic_reserve,20,fixed,5,1,0,2,-4957.8,-2670.0,-2287.8,232.1,510.0,195,69,347,238,0,51,13,46,3,2,3,10,60,33,32,66,0,0,140,1299.5,3.97,3,4,1,2,0,1,strategic_reserve,6,0,0,0,1,0,4,77.4,170.0
strategic_res,strategic_res_50,1593097216,strategic_reserve,20,fixed,5,1,0,1,3602.6,3479.5,123.1,86.4,465.0,217,194,8,33,0,14,2,2,5,2,0,61,42,42,42,45,0,0,140,895.2,2.73,2,3,1,6,0,0,strategic_reserve,21,0,4,0,4,1,2,28.8,155.0
strategic_res,strategic_res_51,1593107189,strategic_reserve,20,fixed,5,1,0,2,2964.8,3196.2,-231.5,112.5,232.1,242,183,32,2,0,0,2,3,16,1,10,4,3,3,2,108,0,0,140,769.5,2.35,2,3,1,1,0,0,strategic_reserve,47,5,0,0,2,0,15,37.5,77.4
strategic_res,strategic_res_52,1593117162,strategic_reserve,20,fixed,5,1,0,1,242.8,-1913.8,2156.6,89.2,457.5,360,134,221,198,0,0,63,47,9,2,0,12,18,13,12,106,0,0,140,968.9,2.96,3,3,1,2,0,0,strategic_reserve,18,17,0,0,5,0,6,29.7,152.5
strategic_res,strategic_res_53,1593127135,strategic_reserve,20,fixed,5,1,0,1,3882.7,3387.2,495.5,111.8,232.1,237,185,0,2,0,0,1,1,0,1,0,3,14,13,13,85,0,0,140,608.6,1.86,2,3,1,1,0,0,strategic_reserve,0,6,0,0,1,0,0,37.3,77.4
strategic_res,strategic_res_54,1593137108,strategic_reserve,20,fixed,5,1,0,1,5308.7,2619.6,2689.1,165.8,86.4,398,228,47,42,0,0,0,2,0,5,0,0,7,7,6,31,0,0,140,726.2,2.22,3,3,1,1,0,0,strategic_reserve,0,20,0,3,3,1,1,55.3,28.8
strategic_res,strategic_res_55,1593147081,strategic_reserve,20,fixed,5,1,0,1,4142.2,2136.0,2006.2,111.4,570.0,235,69,0,25,0,72,2,0,0,0,0,28,43,42,42,46,0,0,140,1138.6,3.48,2,3,1,3,0,1,strategic_reserve,0,0,0,0,0,0,0,37.1,190.0
strategic_res,strategic_res_56,1593157054,strategic_reserve,20,fixed,5,1,0,1,-3392.8,-5171.6,1778.9,397.5,168.3,104,205,261,348,1,0,12,21,0,3,28,0,39,37,37,39,0,0,140,984.4,3.01,3,3,6,1,1,0,strategic_reserve,0,12,0,1,3,0,0,132.5,56.1
strategic_res,strategic_res_57,1593167027,strategic_reserve,20,fixed,5,1,0,2,-2750.0,-1756.3,-993.8,0.0,112.5,252,62,317,167,0,0,17,12,0,0,10,10,90,44,44,50,1,0,140,300.0,0.92,2,3,1,2,0,1,strategic_reserve,0,0,0,0,0,0,0,0.0,37.5
strategic_res,strategic_res_58,1593177000,strategic_reserve,20,fixed,5,1,0,2,3908.7,4096.8,-188.1,291.8,112.5,219,254,8,0,0,0,3,2,1,1,1,10,14,14,13,69,0,0,140,769.1,2.35,3,2,1,1,0,0,strategic_reserve,3,6,0,0,2,0,0,97.3,37.5
strategic_res,strategic_res_59,1593186973,strategic_reserve,20,fixed,5,1,0,1,3297.7,932.5,2365.2,231.8,285.0,193,58,6,22,0,25,16,0,2,0,1,10,6,6,5,118,0,0,140,1159.1,3.54,3,3,1,1,0,1,strategic_reserve,6,0,1,0,1,0,1,77.3,95.0
strategic_res,strategic_res_60,1593196946,strategic_reserve,20,fixed,5,1,0,2,880.8,3887.9,-3007.2,172.5,84.6,54,237,27,0,91,0,0,4,0,1,11,0,20,20,19,44,0,0,140,582.8,1.78,3,2,1,1,1,0,strategic_reserve,0,7,0,0,1,0,0,57.5,28.2
strategic_res,strategic_res_61,1593206919,strategic_reserve,20,fixed,5,1,0,2,3334.7,3766.9,-432.2,231.8,102.6,193,233,6,0,0,0,3,0,2,1,1,0,7,7,6,96,0,0,140,755.9,2.31,3,2,1,1,0,0,strategic_reserve,5,6,0,0,3,0,0,77.3,34.2
strategic_res,strategic_res_62,1593216892,strategic_reserve,20,fixed,5,1,0,1,3704.7,3619.6,85.0,99.8,0.0,237,237,0,0,0,0,0,0,0,0,0,0,0,0,0,0,0,0,140,262.4,0.80,2,2,1,1,0,0,strategic_reserve,0,0,0,0,0,0,0,33.3,0.0
strategic_res,strategic_res_63,1593226865,strategic_reserve,20,fixed,5,1,0,1,346.0,-3856.8,4202.8,570.0,232.1,301,153,237,265,2,0,39,10,1,4,13,4,34,33,32,66,0,0,140,1299.5,3.97,3,3,2,1,0,0,strategic_reserve,0,39,0,1,1,0,4,190.0,77.4
strategic_res,strategic_res_64,1593236838,strategic_reserve,20,fixed,5,1,0,2,718.8,3350.8,-2632.1,172.5,89.2,54,239,30,30,121,0,0,9,0,4,10,0,20,19,18,87,0,0,140,748.9,2.29,3,2,1,1,1,0,strategic_reserve,0,4,0,0,1,0,3,57.5,29.7
strategic_res,strategic_res_65,1593246811,strategic_reserve,20,fixed,5,1,0,1,4234.2,2704.6,1529.6,292.1,86.4,278,217,18,30,1,0,4,2,2,4,3,0,1,1,0,56,0,0,140,814.7,2.49,3,2,1,1,0,0,strategic_reserve,5,20,0,3,4,1,1,97.4,28.8
strategic_res,strategic_res_66,1593256784,strategic_reserve,20,fixed,5,1,0,2,1400.7,4359.5,-2958.8,231.8,169.7,183,366,87,100,0,0,22,0,3,0,1,0,46,35,35,55,0,0,140,1005.3,3.07,3,3,1,1,0,0,strategic_reserve,7,0,1,0,1,0,2,77.3,56.6
strategic_res,strategic_res_67,1593266757,strategic_reserve,20,fixed,5,1,0,1,2036.6,-1730.8,3767.4,164.7,232.1,356,180,163,196,0,0,23,5,0,4,0,3,14,14,13,96,0,0,140,998.2,3.05,3,3,1,1,0,0,strategic_reserve,0,10,0,1,1,1,2,54.9,77.4
strategic_res,strategic_res_68,1593276730,strategic_reserve,20,fixed,5,1,0,2,-2581.8,3270.6,-5852.4,232.1,104.4,155,356,222,122,6,0,3,5,5,8,3,0,31,19,18,89,0,0,140,928.7,2.84,3,3,1,1,0,0,strategic_reserve,13,18,1,0,4,0,9,77.4,34.8
strategic_res,strategic_res_69,1593286703,strategic_reserve,20,fixed,5,1,0,2,3846.2,6262.3,-2416.1,87.4,621.5,235,369,0,21,0,0,0,0,0,0,0,0,17,16,16,74,0,0,140,945.3,2.89,2,4,1,2,0,0,strategic_reserve,0,0,0,0,0,0,0,29.1,207.2
strategic_res,strategic_res_70,1593296676,strategic_reserve,20,fixed,5,1,0,1,1465.8,836.0,629.8,112.5,630.0,236,82,107,88,0,80,4,0,3,0,10,18,43,42,42,46,0,0,140,1220.0,3.73,2,4,1,2,0,1,strategic_reserve,14,0,1,0,2,0,1,37.5,210.0
strategic_res,strategic_res_71,1593306649,strategic_reserve,20,fixed,5,1,0,1,3994.0,3437.8,556.2,110.0,89.2,254,211,0,2,0,0,1,3,1,2,9,0,4,4,3,91,0,0,140,495.6,1.51,2,3,1,1,0,0,strategic_reserve,7,3,0,0,3,0,0,36.7,29.7
strategic_res,strategic_res_72,1593316622,strategic_reserve,20,fixed,5,1,0,2,4094.8,6501.9,-2407.2,112.5,217.9,236,398,0,37,0,0,0,1,1,0,0,0,47,40,40,45,0,0,140,680.6,2.08,2,3,1,1,0,0,strategic_reserve,7,0,0,0,1,0,0,37.5,72.6
strategic_res,strategic_res_73,1593326595,strategic_reserve,20,fixed,5,1,0,2,422.0,2076.0,-1654.0,510.0,0.0,67,239,74,79,0,0,0,1,0,3,16,0,30,21,20,70,0,0,140,920.0,2.81,4,3,2,1,1,0,strategic_reserve,0,12,0,1,2,0,1,170.0,0.0
strategic_res,strategic_res_74,1593336568,strategic_reserve,20,fixed,5,1,0,1,2548.7,2232.0,316.6,231.8,86.0,193,225,33,52,0,0,3,5,2,5,1,0,1,1,0,107,0,0,140,743.8,2.27,3,3,1,1,0,0,strategic_reserve,3,21,0,3,5,1,1,77.3,28.7
strategic_res,strategic_res_75,1593346541,strategic_reserve,20,fixed,5,1,0,2,-236.3,27.1,-263.4,172.5,104.7,339,388,231,244,9,0,35,42,1,2,10,0,4,4,3,120,1,0,140,839.6,2.56,3,3,1,1,0,0,strategic_reserve,0,0,0,0,2,0,1,57.5,34.9
strategic_res,strategic_res_76,1593356514,strategic_reserve,20,fixed,5,1,0,2,2549.0,3151.7,-602.6,86.0,231.8,226,209,42,23,0,0,6,3,7,2,0,1,7,7,6,89,0,0,140,733.8,2.24,3,3,1,1,0,0,strategic_reserve,25,4,4,0,5,1,3,28.7,77.3
strategic_res,strategic_res_77,1593366487,strategic_reserve,20,fixed,5,1,0,2,193.2,2293.0,-2099.8,232.1,0.0,169,245,111,59,8,0,21,1,3,2,4,0,2,2,1,90,1,0,140,609.5,1.86,3,3,1,1,0,0,strategic_reserve,9,11,1,1,5,0,0,77.4,0.0
strategic_res,strategic_res_78,1593376460,strategic_reserve,20,fixed,5,1,0,1,1358.7,342.0,1016.7,231.8,103.3,209,245,102,149,0,0,23,7,1,2,1,0,15,11,10,75,1,0,140,906.8,2.77,3,3,1,1,0,0,strategic_reserve,3,14,0,1,3,0,0,77.3,34.4
strategic_res,strategic_res_79,1593386433,strategic_reserve,20,fixed,5,1,0,2,-1236.3,2279.0,-3515.3,292.5,110.0,54,358,109,154,105,34,18,11,1,4,10,0,23,13,13,75,1,0,140,1016.7,3.11,3,3,1,1,1,0,strategic_reserve,0,33,0,0,2,0,3,97.5,36.7
strategic_res,strategic_res_80,1593396406,strategic_reserve,20,fixed,5,1,0,1,-2959.5,-3106.3,146.8,345.0,232.5,137,137,224,224,39,39,28,29,2,1,0,0,2,1,0,138,5,0,140,930.0,2.84,3,3,1,1,0,0,strategic_reserve,1,0,0,0,2,0,1,115.0,77.5
strategic_res,strategic_res_81,1593406379,strategic_reserve,20,fixed,5,1,0,1,409.5,297.5,112.0,195.0,285.0,183,56,111,47,0,41,10,33,3,1,0,10,5,3,2,126,0,0,140,1100.0,3.36,3,3,1,1,0,1,strategic_reserve,9,0,0,0,3,0,1,65.0,95.0
strategic_res,strategic_res_82,1593416352,strategic_reserve,20,fixed,5,1,0,1,4371.8,1668.8,2703.1,149.2,112.5,344,221,52,77,0,0,38,3,1,3,0,10,8,8,7,51,0,0,140,748.9,2.29,3,2,1,1,0,0,strategic_reserve,1,15,0,2,3,0,1,49.7,37.5
strategic_res,strategic_res_83,1593426325,strategic_reserve,20,fixed,5,1,0,2,3666.7,3882.2,-215.5,231.8,111.4,209,237,8,0,0,0,4,0,1,0,1,0,14,14,13,69,0,0,140,687.6,2.10,3,2,1,1,0,0,strategic_reserve,4,0,0,0,1,0,0,77.3,37.1
strategic_res,strategic_res_84,1593436298,strategic_reserve,20,fixed,5,1,0,2,-4145.8,-1010.3,-3135.5,232.1,232.5,155,60,282,119,4,48,2,20,3,1,3,10,26,15,14,102,0,0,140,1019.5,3.11,3,3,1,1,0,1,strategic_reserve,5,2,1,0,3,0,1,77.4,77.5
strategic_res,strategic_res_85,1593446271,strategic_reserve,20,fixed,5,1,0,2,-1602.8,1959.2,-3562.0,232.1,106.1,185,356,194,147,0,0,4,39,2,2,3,0,1,1,0,125,0,0,140,911.1,2.78,3,3,1,1,0,0,strategic_reserve,6,0,0,0,3,0,1,77.4,35.4
strategic_res,strategic_res_86,1593456244,strategic_reserve,20,fixed,5,1,0,1,-2424.3,-3936.8,1512.5,172.5,232.1,144,185,227,288,0,0,39,21,16,18,11,3,30,29,28,74,0,0,140,999.5,3.05,3,3,1,1,0,0,strategic_reserve,30,38,0,0,4,0,30,57.5,77.4
strategic_res,strategic_res_87,1593466217,strategic_reserve,20,fixed,5,1,0,1,-593.3,-4068.3,3475.1,172.5,231.8,269,185,228,292,0,0,41,12,16,16,10,3,28,28,27,76,0,0,140,1009.1,3.08,3,3,1,1,0,0,strategic_reserve,31,36,0,0,4,0,28,57.5,77.3
strategic_res,strategic_res_88,1593476190,strategic_reserve,20,fixed,5,1,0,1,3926.8,3366.7,560.1,112.5,231.8,240,183,0,2,0,0,14,5,2,1,10,1,14,13,13,86,0,0,140,689.1,2.10,2,3,1,1,0,0,strategic_reserve,6,4,0,0,2,0,1,37.5,77.3
strategic_res,strategic_res_89,1593486163,strategic_reserve,20,fixed,5,1,0,1,3934.2,3834.7,99.5,292.1,99.8,223,237,8,0,0,0,2,0,1,0,3,0,13,13,13,74,0,0,140,742.6,2.27,3,2,1,1,0,0,strategic_reserve,5,0,0,0,1,0,0,97.4,33.3
strategic_res,strategic_res_90,1593496136,strategic_reserve,20,fixed,5,1,0,2,-363.2,-343.2,-20.0,0.0,0.0,248,248,167,167,0,0,21,21,1,1,1,1,2,1,0,138,1,0,140,299.1,0.91,2,2,1,1,0,0,strategic_reserve,5,5,1,1,2,0,0,0.0,0.0
strategic_res,strategic_res_91,1593506109,strategic_reserve,20,fixed,5,1,0,1,4096.8,3958.9,137.8,112.5,343.9,254,209,0,2,0,0,1,3,1,1,10,3,14,13,13,74,0,0,140,838.6,2.56,2,3,1,1,0,0,strategic_reserve,6,4,0,0,2,0,0,37.5,114.6
strategic_res,strategic_res_92,1593516082,strategic_reserve,20,fixed,5,1,0,1,2724.0,2621.8,102.3,0.0,112.5,239,239,38,46,0,0,14,17,2,5,0,10,2,1,0,36,0,0,140,380.0,1.16,3,3,1,1,0,0,strategic_reserve,8,21,1,1,3,1,3,0.0,37.5
strategic_res,strategic_res_93,1593526055,strategic_reserve,20,fixed,5,1,0,1,5114.5,2651.4,2463.1,169.7,102.3,366,222,36,36,0,0,0,1,0,6,0,0,7,7,6,49,0,0,140,682.6,2.08,3,3,1,1,0,0,strategic_reserve,0,26,0,4,3,2,1,56.6,34.1
strategic_res,strategic_res_94,1593536028,strategic_reserve,20,fixed,5,1,0,1,-2784.3,-3086.3,302.1,622.5,231.8,67,209,220,269,91,0,30,22,4,5,10,4,27,27,26,73,0,0,140,1529.1,4.67,4,3,2,1,1,0,strategic_reserve,4,21,1,0,4,0,5,207.5,77.3
strategic_res,strategic_res_95,1593546001,strategic_reserve,20,fixed,5,1,0,2,1552.5,3182.8,-1630.3,285.0,112.5,204,238,111,48,30,0,0,2,0,2,40,10,52,40,39,41,0,0,140,690.0,2.11,3,3,4,1,0,0,strategic_reserve,0,13,0,1,1,0,1,95.0,37.5
strategic_res,strategic_res_96,1593555974,strategic_reserve,20,fixed,5,1,0,2,-2043.3,493.5,-2536.8,351.8,405.0,214,313,252,242,0,15,4,2,5,0,1,23,58,40,40,47,0,0,140,1249.1,3.81,3,3,1,5,0,0,strategic_reserve,14,0,1,0,3,0,2,117.3,135.0
strategic_res,strategic_res_97,1593565947,strategic_reserve,20,fixed,5,1,0,1,3767.0,3696.9,70.1,103.3,102.6,234,233,0,0,0,0,4,0,10,1,0,0,4,4,3,23,0,0,140,434.6,1.33,2,2,1,1,0,0,strategic_reserve,29,6,1,0,4,0,7,34.4,34.2
strategic_res,strategic_res_98,1593575920,strategic_reserve,20,fixed,5,1,0,2,3262.3,4104.7,-842.4,517.5,99.8,154,235,27,0,12,0,2,0,0,0,28,0,41,41,40,41,0,0,140,1053.1,3.22,3,2,3,1,1,0,strategic_reserve,0,0,0,0,0,0,0,172.5,33.3
strategic_res,strategic_res_99,1593585893,strategic_reserve,20,fixed,5,1,0,2,-270.5,2842.0,-3112.5,465.0,0.0,194,243,183,59,5,0,0,1,0,2,41,0,48,33,33,34,0,0,140,780.0,2.38,3,3,4,1,0,0,strategic_reserve,0,14,0,1,2,0,0,155.0,0.0
strategic_res,strategic_res_100,1593595866,strategic_reserve,20,fixed,5,1,0,2,-390.0,-370.0,-20.0,0.0,0.0,248,248,167,167,0,0,21,21,1,1,10,10,2,1,0,138,1,0,140,300.0,0.92,2,2,1,1,0,0,strategic_reserve,5,5,1,1,2,0,0,0.0,0.0
strategic_res,strategic_res_101,1593605839,strategic_reserve,20,fixed,5,1,0,1,769.1,-3869.3,4638.4,104.7,231.8,358,183,216,282,0,0,49,20,9,10,0,1,19,19,18,88,0,0,140,918.7,2.81,3,3,1,1,0,0,strategic_reserve,19,27,0,0,4,0,15,34.9,77.3
strategic_res,strategic_res_102,1593615812,strategic_reserve,20,fixed,5,1,0,2,-2515.8,-718.3,-1797.4,457.5,291.8,67,203,182,176,30,0,3,20,0,3,14,3,13,12,11,60,0,0,140,1389.1,4.24,4,3,2,1,1,0,strategic_reserve,0,6,0,0,1,0,2,152.5,97.3
strategic_res,strategic_res_103,1593625785,strategic_reserve,20,fixed,5,1,0,2,-3920.8,-2650.3,-1270.5,232.1,172.5,185,144,292,239,0,7,13,27,1,2,3,10,33,17,16,98,0,0,140,929.5,2.84,3,3,1,1,0,0,strategic_reserve,0,2,0,0,2,0,1,77.4,57.5
strategic_res,strategic_res_104,1593635758,strategic_reserve,20,fixed,5,1,0,2,1563.7,3844.6,-2280.9,351.8,104.4,209,376,99,106,0,0,7,7,1,1,1,0,28,25,24,77,0,0,140,1078.2,3.29,3,3,1,1,0,0,strategic_reserve,3,6,0,0,2,0,0,117.3,34.8
strategic_res,strategic_res_105,1593645731,strategic_reserve,20,fixed,5,1,0,1,2661.0,1274.0,1387.0,110.0,630.0,239,67,56,53,0,36,1,0,3,0,9,17,31,31,30,70,0,0,140,1226.7,3.75,3,4,1,2,0,1,strategic_reserve,16,0,1,0,2,0,1,36.7,210.0
strategic_res,strategic_res_106,1593655704,strategic_reserve,20,fixed,5,1,0,2,-3779.3,984.8,-4764.1,231.8,172.5,185,349,288,229,0,0,10,37,16,2,3,11,51,29,28,74,0,0,140,839.1,2.56,3,3,1,1,0,0,strategic_reserve,39,33,0,0,4,0,14,77.3,57.5
strategic_res,strategic_res_107,1593665677,strategic_reserve,20,fixed,5,1,0,2,-3916.3,-2650.3,-1266.1,231.8,172.5,185,144,292,239,0,7,15,28,1,2,3,10,33,17,16,98,0,0,140,939.1,2.87,3,3,1,1,0,0,strategic_reserve,0,2,0,0,2,0,1,77.3,57.5
strategic_res,strategic_res_108,1593675650,strategic_reserve,20,fixed,5,1,0,2,3600.7,4037.4,-436.8,291.8,224.3,193,237,2,0,0,0,3,0,1,1,3,0,14,13,13,85,0,0,140,838.1,2.56,3,2,1,1,0,0,strategic_reserve,4,7,0,0,2,0,0,97.3,74.8
strategic_res,strategic_res_109,1593685623,strategic_reserve,20,fixed,5,1,0,2,3790.7,3844.7,-54.0,291.8,99.8,219,237,8,0,0,0,3,0,1,0,1,0,12,12,11,70,0,0,140,592.1,1.81,3,2,1,1,0,0,strategic_reserve,2,0,0,0,1,0,0,97.3,33.3
strategic_res,strategic_res_110,1593695596,strategic_reserve,20,fixed,5,1,0,2,2002.8,3931.4,-1928.6,742.5,84.3,67,237,27,0,65,0,0,0,0,0,17,0,23,23,22,80,0,0,140,1402.4,4.28,4,2,2,1,1,0,strategic_reserve,0,0,0,0,0,0,0,247.5,28.1
strategic_res,strategic_res_111,1593705569,strategic_reserve,20,fixed,5,1,0,1,3760.0,3751.4,8.6,0.0,84.3,239,237,0,0,0,0,13,0,5,0,0,0,7,7,7,14,0,0,140,262.4,0.80,3,2,1,1,0,0,strategic_reserve,20,0,1,0,4,0,1,0.0,28.1
strategic_res,strategic_res_112,1593715542,strategic_reserve,20,fixed,5,1,0,2,-3175.3,84.0,-3259.3,231.8,510.0,209,239,284,221,0,2,2,37,1,4,1,11,54,32,31,68,1,0,140,1219.1,3.72,3,3,1,2,0,0,strategic_reserve,5,4,0,1,3,0,2,77.3,170.0
strategic_res,strategic_res_113,1593725515,strategic_reserve,20,fixed,5,1,0,2,3704.7,3711.2,-6.5,99.8,112.1,237,237,0,0,0,0,0,0,0,1,0,0,0,0,0,0,0,0,140,282.6,0.86,2,2,1,1,0,0,strategic_reserve,0,6,0,0,1,0,0,33.3,37.4
strategic_res,strategic_res_114,1593735488,strategic_reserve,20,fixed,5,1,0,2,3203.2,3965.0,-761.8,232.1,0.0,185,254,10,0,0,30,1,0,2,2,3,10,15,14,14,75,0,0,140,609.5,1.86,3,2,1,1,0,0,strategic_reserve,8,30,0,0,4,0,0,77.4,0.0
strategic_res,strategic_res_115,1593745461,strategic_reserve,20,fixed,5,1,0,2,1704.0,3982.2,-2278.2,570.0,111.4,67,237,28,0,37,0,0,0,0,0,17,0,26,26,26,66,0,0,140,1058.6,3.23,4,2,2,1,1,0,strategic_reserve,0,0,0,0,0,0,0,190.0,37.1
strategic_res,strategic_res_116,1593755434,strategic_reserve,20,fixed,5,1,0,1,3236.6,398.8,2837.8,86.4,292.5,230,58,23,60,0,100,2,0,11,0,0,10,25,25,24,80,0,0,140,825.2,2.52,2,3,1,1,0,1,strategic_reserve,39,0,2,0,2,1,8,28.8,97.5
strategic_res,strategic_res_117,1593765407,strategic_reserve,20,fixed,5,1,0,1,488.7,-901.3,1389.9,105.8,232.5,388,268,226,217,0,2,56,33,3,1,0,10,3,2,1,128,1,0,140,921.1,2.81,3,3,1,1,0,0,strategic_reserve,0,0,0,0,2,0,2,35.3,77.5
strategic_res,strategic_res_118,1593775380,strategic_reserve,20,fixed,5,1,0,1,5444.8,3989.0,1455.8,149.2,110.0,354,251,16,0,0,0,43,1,2,1,0,9,10,10,10,28,0,0,140,575.6,1.76,3,2,1,1,0,0,strategic_reserve,2,7,0,0,3,0,0,49.7,36.7
strategic_res,strategic_res_119,1593785353,strategic_reserve,20,fixed,5,1,0,2,3217.7,3860.8,-643.1,231.8,112.5,193,248,6,0,0,0,4,3,1,2,3,10,1,1,0,108,0,0,140,699.1,2.14,3,2,1,1,0,0,strategic_reserve,3,14,0,1,3,0,0,77.3,37.5
strategic_res,strategic_res_120,1593795326,strategic_reserve,20,fixed,5,1,0,2,-363.5,-344.2,-19.3,0.0,0.0,248,248,167,167,0,0,21,21,1,1,1,1,2,1,0,138,1,0,140,296.7,0.91,2,2,1,1,0,0,strategic_reserve,5,5,1,1,2,0,0,0.0,0.0
strategic_res,strategic_res_121,1593805299,strategic_reserve,20,fixed,5,1,0,1,3871.2,3387.2,484.0,112.1,232.1,237,185,0,2,0,0,0,1,1,1,0,3,14,13,13,85,0,0,140,609.1,1.86,2,3,1,1,0,0,strategic_reserve,6,6,0,0,2,0,0,37.4,77.4
strategic_res,strategic_res_122,1593815272,strategic_reserve,20,fixed,5,1,0,1,3717.8,3317.7,400.1,88.5,231.8,237,193,0,2,0,0,0,2,0,1,0,3,1,1,0,112,0,0,140,667.1,2.04,2,3,1,1,0,0,strategic_reserve,0,3,0,0,1,0,0,29.5,77.3
strategic_res,strategic_res_123,1593825245,strategic_reserve,20,fixed,5,1,0,1,3076.0,1938.3,1137.8,110.0,457.5,232,214,40,107,0,2,1,0,3,0,9,51,44,42,42,46,0,0,140,836.7,2.56,3,3,1,5,0,0,strategic_reserve,16,0,2,0,2,0,1,36.7,152.5
strategic_res,strategic_res_124,1593835218,strategic_reserve,20,fixed,5,1,0,2,3686.2,3722.2,-36.0,87.4,111.4,237,237,0,0,0,0,0,13,0,1,0,0,0,0,0,0,0,0,140,265.2,0.81,2,2,1,1,0,0,strategic_reserve,0,0,0,0,0,0,1,29.1,37.1
strategic_res,strategic_res_125,1593845191,strategic_reserve,20,fixed,5,1,0,1,-1105.0,-1791.3,686.3,110.0,742.5,356,154,272,215,0,0,38,38,2,1,0,10,8,5,4,122,1,0,140,1376.7,4.20,3,3,1,2,0,0,strategic_reserve,0,0,0,0,2,0,1,36.7,247.5
strategic_res,strategic_res_126,1593855164,strategic_reserve,20,fixed,5,1,0,1,3832.2,3706.2,126.1,112.1,87.4,239,237,0,0,0,0,2,0,5,0,0,0,2,2,2,3,0,0,140,416.1,1.27,3,2,1,1,0,0,strategic_reserve,18,0,1,0,5,0,0,37.4,29.1
strategic_res,strategic_res_127,1593865137,strategic_reserve,20,fixed,5,1,0,2,3251.0,4142.7,-891.7,630.0,111.8,139,237,26,0,61,0,0,1,0,0,28,0,42,42,42,43,0,0,140,1219.1,3.72,3,2,3,1,1,0,strategic_reserve,0,0,0,0,0,0,0,210.0,37.3
strategic_res,strategic_res_128,1593875110,strategic_reserve,20,fixed,5,1,0,2,-1434.3,345.2,-1779.5,172.5,106.1,214,376,204,224,7,1,27,39,2,3,11,0,4,4,3,120,0,0,140,851.5,2.60,3,3,1,1,0,0,strategic_reserve,0,2,0,0,4,0,1,57.5,35.4
strategic_res,strategic_res_129,1593885083,strategic_reserve,20,fixed,5,1,0,1,2991.7,2602.6,389.1,231.8,86.4,209,226,29,43,0,0,4,1,1,5,1,0,9,8,7,81,0,0,140,734.2,2.24,3,3,1,1,0,0,strategic_reserve,4,21,0,4,4,1,1,77.3,28.8
strategic_res,strategic_res_130,1593895056,strategic_reserve,20,fixed,5,1,0,1,1678.8,-718.3,2397.1,292.5,231.8,319,185,150,159,0,0,27,7,1,2,10,3,6,6,5,120,0,0,140,1159.1,3.54,3,3,1,1,0,0,strategic_reserve,0,26,0,0,2,0,1,97.5,77.3
strategic_res,strategic_res_131,1593905029,strategic_reserve,20,fixed,5,1,0,2,638.8,3748.0,-3109.3,172.5,0.0,54,237,28,0,121,0,0,2,0,3,10,0,9,9,8,49,1,0,140,700.0,2.14,3,3,1,1,1,0,strategic_reserve,0,16,0,1,3,0,0,57.5,0.0
strategic_res,strategic_res_132,1593915002,strategic_reserve,20,fixed,5,1,0,2,1630.2,2106.2,-476.0,112.1,232.1,245,185,92,43,0,0,18,14,2,15,0,3,3,3,2,107,0,0,140,759.1,2.32,3,3,1,1,0,0,strategic_reserve,19,34,0,0,2,1,14,37.4,77.4
strategic_res,strategic_res_133,1593924975,strategic_reserve,20,fixed,5,1,0,1,4036.2,2110.0,1926.2,87.4,630.0,237,73,0,24,0,0,0,0,0,0,0,10,33,33,32,65,0,0,140,1036.6,3.17,2,4,1,2,0,1,strategic_reserve,0,0,0,0,0,0,0,29.1,210.0
strategic_res,strategic_res_134,1593934948,strategic_reserve,20,fixed,5,1,0,2,3664.9,3966.8,-301.8,102.6,112.5,231,254,0,0,0,0,0,2,1,1,0,10,1,1,0,18,0,0,140,366.8,1.12,2,2,1,1,0,0,strategic_reserve,7,6,0,0,2,0,0,34.2,37.5
strategic_res,strategic_res_135,1593944921,strategic_reserve,20,fixed,5,1,0,1,3886.2,983.8,2902.4,87.4,232.5,237,54,0,25,0,110,0,0,0,0,0,10,18,18,17,96,0,0,140,666.6,2.04,2,3,1,1,0,1,strategic_reserve,0,0,0,0,0,0,0,29.1,77.5
strategic_res,strategic_res_136,1593954894,strategic_reserve,20,fixed,5,1,0,2,954.5,2778.0,-1823.5,465.0,0.0,194,235,134,57,5,0,0,8,0,2,41,0,48,33,33,34,0,0,140,780.0,2.38,3,3,4,1,0,0,strategic_reserve,0,11,0,1,2,0,0,155.0,0.0
strategic_res,strategic_res_137,1593964867,strategic_reserve,20,fixed,5,1,0,1,4386.8,2002.3,2384.5,112.5,457.5,254,74,0,25,0,5,2,0,1,0,10,28,43,42,42,46,0,0,140,910.0,2.78,2,3,1,3,0,1,strategic_reserve,6,0,0,0,1,0,0,37.5,152.5
strategic_res,strategic_res_138,1593974840,strategic_reserve,20,fixed,5,1,0,1,3709.2,3681.4,27.8,112.1,84.3,237,237,0,0,0,0,0,0,1,0,0,0,0,0,0,0,0,0,140,261.9,0.80,2,2,1,1,0,0,strategic_reserve,7,0,0,0,1,0,0,37.4,28.1
strategic_res,strategic_res_139,1593984813,strategic_reserve,20,fixed,5,1,0,1,3736.9,3540.7,196.2,102.6,291.8,233,193,0,2,0,0,0,5,1,1,0,3,8,8,7,97,0,0,140,755.9,2.31,2,3,1,1,0,0,strategic_reserve,6,4,0,0,2,0,0,34.2,97.3
strategic_res,strategic_res_140,1593994786,strategic_reserve,20,fixed,5,1,0,1,-1697.3,-3728.0,2030.8,112.5,0.0,122,246,167,335,0,0,22,21,1,1,1,10,47,46,46,46,1,0,140,300.0,0.92,3,2,1,1,0,0,strategic_reserve,4,4,1,1,2,0,0,37.5,0.0
strategic_res,strategic_res_141,1594004759,strategic_reserve,20,fixed,5,1,0,1,3741.2,3716.8,24.5,112.1,112.5,237,236,0,0,0,0,0,4,1,3,0,10,1,1,0,37,0,0,140,379.5,1.16,2,2,1,1,0,0,strategic_reserve,6,11,0,1,3,0,1,37.4,37.5
strategic_res,strategic_res_142,1594014732,strategic_reserve,20,fixed,5,1,0,2,3772.0,3822.2,-50.2,0.0,111.4,239,237,0,0,0,0,13,0,4,0,0,0,8,7,7,16,0,0,140,298.6,0.91,3,2,1,1,0,0,strategic_reserve,14,0,1,0,4,0,0,0.0,37.1
strategic_res,strategic_res_143,1594024705,strategic_reserve,20,fixed,5,1,0,2,2284.0,4017.8,-1733.8,510.0,88.5,113,235,28,0,54,0,0,0,0,0,72,0,34,33,33,33,0,0,140,958.0,2.93,3,2,7,1,1,0,strategic_reserve,0,0,0,0,0,0,0,170.0,29.5
strategic_res,strategic_res_144,1594034678,strategic_reserve,20,fixed,5,1,0,1,3715.0,3387.2,327.8,0.0,232.1,237,185,0,2,0,0,0,2,0,1,0,3,14,13,13,85,0,0,140,459.5,1.40,2,3,1,1,0,0,strategic_reserve,0,6,0,0,1,0,0,0.0,77.4
strategic_res,strategic_res_145,1594044651,strategic_reserve,20,fixed,5,1,0,1,57.5,-5163.8,5221.3,345.0,232.1,309,155,237,319,2,0,34,10,3,18,14,3,34,33,32,66,0,0,140,999.5,3.05,3,3,2,1,0,0,strategic_reserve,34,34,0,1,4,0,17,115.0,77.4
strategic_res,strategic_res_146,1594054624,strategic_reserve,20,fixed,5,1,0,2,-360.0,-340.0,-20.0,0.0,0.0,248,248,167,167,0,0,21,21,1,1,0,0,2,1,0,138,1,0,140,300.0,0.92,2,2,1,1,0,0,strategic_reserve,5,5,1,1,2,0,0,0.0,0.0
strategic_res,strategic_res_147,1594064597,strategic_reserve,20,fixed,5,1,0,1,2282.0,1081.7,1200.3,103.3,231.8,245,185,67,87,0,0,2,4,3,2,0,3,2,2,1,109,1,0,140,906.8,2.77,3,3,1,1,0,0,strategic_reserve,14,6,1,0,4,0,1,34.4,77.3
strategic_res,strategic_res_148,1594074570,strategic_reserve,20,fixed,5,1,0,2,-3806.8,-1665.8,-2141.0,457.5,106.1,67,356,232,296,49,0,38,10,2,0,11,0,12,9,8,110,0,0,140,1131.5,3.46,4,3,2,1,1,0,strategic_reserve,0,0,0,0,1,0,1,152.5,35.4
strategic_res,strategic_res_149,1594084543,strategic_reserve,20,fixed,5,1,0,1,1123.2,-4353.3,5476.5,105.4,231.8,386,175,224,296,0,0,39,11,17,18,0,3,26,25,24,77,0,0,140,829.6,2.53,3,3,1,1,0,0,strategic_reserve,30,36,0,0,4,0,31,35.1,77.3
strategic_res,strategic_res_150,1594094516,strategic_reserve,20,fixed,5,1,0,2,-5362.9,-297.6,-5065.3,104.7,734.3,346,254,444,253,0,2,37,32,2,2,0,32,49,25,24,82,0,0,140,1358.7,4.15,3,3,1,7,0,0,strategic_reserve,0,4,0,0,3,0,1,34.9,244.8
strategic_res,strategic_res_151,1594104489,strategic_reserve,20,fixed,5,1,0,1,3715.0,1504.2,2210.8,170.0,352.1,358,238,92,111,0,0,0,10,0,2,0,3,11,11,10,66,0,0,140,1176.2,3.59,3,3,1,1,0,0,strategic_reserve,0,5,0,0,2,0,0,56.7,117.4
strategic_res,strategic_res_152,1594114462,strategic_reserve,20,fixed,5,1,0,2,3402.6,3717.8,-315.2,86.4,88.5,217,237,0,0,0,0,3,0,5,0,0,0,1,1,0,17,0,0,140,313.2,0.96,2,2,1,1,0,0,strategic_reserve,21,0,4,0,3,1,1,28.8,29.5
strategic_res,strategic_res_153,1594124435,strategic_reserve,20,fixed,5,1,0,2,3785.0,3805.0,-20.0,0.0,0.0,248,248,0,0,0,0,21,21,1,1,10,10,2,1,0,138,1,0,140,300.0,0.92,2,2,1,1,0,0,strategic_reserve,5,5,1,1,2,0,0,0.0,0.0
strategic_res,strategic_res_154,1594134408,strategic_reserve,20,fixed,5,1,0,2,-2708.4,-880.3,-1828.2,290.4,232.5,179,60,244,119,1,41,1,15,3,1,3,10,32,20,19,92,0,0,140,1097.2,3.35,3,3,1,1,0,1,strategic_reserve,10,2,1,0,3,1,0,96.8,77.5
strategic_res,strategic_res_155,1594144381,strategic_reserve,20,fixed,5,1,0,2,1294.5,3362.6,-2068.1,285.0,86.4,104,213,59,20,28,0,0,2,0,5,51,0,46,40,39,41,0,0,140,725.2,2.21,3,2,5,1,1,0,strategic_reserve,0,21,0,4,3,1,1,95.0,28.8
strategic_res,strategic_res_156,1594154354,strategic_reserve,20,fixed,5,1,0,1,3741.2,3402.6,338.6,112.1,86.4,237,217,0,0,0,0,0,3,1,5,0,0,1,1,0,17,0,0,140,344.7,1.05,2,2,1,1,0,0,strategic_reserve,6,21,0,4,4,1,1,37.4,28.8
strategic_res,strategic_res_157,1594164327,strategic_reserve,20,fixed,5,1,0,1,3296.0,-281.0,3577.0,514.0,0.0,339,240,123,160,0,0,0,16,1,4,1,0,20,20,20,35,0,0,140,835.3,2.55,4,3,2,1,0,0,strategic_reserve,1,18,0,1,4,1,0,171.3,0.0
strategic_res,strategic_res_158,1594174300,strategic_reserve,20,fixed,5,1,0,2,2368.3,4173.8,-1805.5,517.5,112.5,103,245,27,0,89,0,0,3,0,2,36,10,38,38,38,40,0,0,140,980.0,2.99,4,2,4,1,1,0,strategic_reserve,0,10,0,1,2,0,0,172.5,37.5
strategic_res,strategic_res_159,1594184273,strategic_reserve,20,fixed,5,1,0,2,-423.0,-420.0,-3.0,0.0,0.0,248,248,167,167,0,0,21,21,1,1,11,10,0,0,0,0,1,0,140,300.0,0.92,2,2,1,1,0,0,strategic_reserve,5,5,1,1,2,0,0,0.0,0.0
strategic_res,strategic_res_160,1594194246,strategic_reserve,20,fixed,5,1,0,2,1526.0,2534.7,-1008.6,110.0,231.8,239,195,91,34,0,0,15,16,5,2,9,3,3,3,2,107,0,0,140,765.8,2.34,3,3,1,1,0,0,strategic_reserve,26,7,1,0,6,0,1,36.7,77.3
strategic_res,strategic_res_161,1594204219,strategic_reserve,20,fixed,5,1,0,1,3857.8,3577.2,280.5,88.5,292.1,237,193,0,2,0,0,0,1,0,1,0,3,15,14,14,83,0,0,140,577.5,1.76,2,3,1,1,0,0,strategic_reserve,0,6,0,0,1,0,0,29.5,97.4
strategic_res,strategic_res_162,1594214192,strategic_reserve,20,fixed,5,1,0,2,1943.3,3742.6,-1799.3,847.5,86.4,67,232,33,6,18,0,0,2,0,4,16,0,23,23,22,81,0,0,140,1555.2,4.75,4,3,2,1,1,0,strategic_reserve,0,21,0,3,2,1,1,282.5,28.8
strategic_res,strategic_res_163,1594224165,strategic_reserve,20,fixed,5,1,0,1,3706.3,3681.4,24.9,100.9,84.3,237,237,0,0,0,0,0,0,0,0,0,0,0,0,0,0,0,0,140,246.8,0.75,2,2,1,1,0,0,strategic_reserve,0,0,0,0,0,0,0,33.6,28.1
strategic_res,strategic_res_164,1594234138,strategic_reserve,20,fixed,5,1,0,1,5535.9,3819.2,1716.6,157.2,112.1,366,237,18,0,0,0,0,0,0,1,0,0,11,11,11,30,0,0,140,439.2,1.34,3,2,1,1,0,0,strategic_reserve,0,7,0,0,1,0,0,52.4,37.4
strategic_res,strategic_res_165,1594244111,strategic_reserve,20,fixed,5,1,0,1,4102.2,2240.8,1861.4,111.4,742.5,237,67,0,25,0,11,2,0,0,0,0,16,36,36,35,60,0,0,140,1288.6,3.94,2,4,1,2,0,1,strategic_reserve,0,0,0,0,0,0,0,37.1,247.5
strategic_res,strategic_res_166,1594254084,strategic_reserve,20,fixed,5,1,0,1,3882.2,3387.2,494.9,111.4,232.1,237,185,0,2,0,0,0,2,0,1,0,3,14,13,13,85,0,0,140,608.1,1.86,2,3,1,1,0,0,strategic_reserve,0,6,0,0,1,0,0,37.1,77.4
strategic_res,strategic_res_167,1594264057,strategic_reserve,20,fixed,5,1,0,2,3785.0,3805.0,-20.0,0.0,0.0,248,248,0,0,0,0,21,21,1,1,10,10,2,1,0,138,1,0,140,300.0,0.92,2,2,1,1,0,0,strategic_reserve,5,5,1,1,2,0,0,0.0,0.0
strategic_res,strategic_res_168,1594274030,strategic_reserve,20,fixed,5,1,0,2,-3256.8,-3237.3,-19.5,172.1,171.8,137,137,224,224,0,0,39,39,2,2,0,0,2,1,0,138,3,0,140,458.6,1.40,3,3,1,1,0,0,strategic_reserve,0,0,0,0,1,0,3,57.4,57.3
strategic_res,strategic_res_169,1594284003,strategic_reserve,20,fixed,5,1,0,2,3919.8,5704.2,-1784.5,112.5,166.1,229,356,0,42,0,0,3,0,1,0,10,0,47,36,36,54,0,0,140,601.5,1.84,2,3,1,1,0,0,strategic_reserve,7,0,0,0,1,0,0,37.5,55.4
strategic_res,strategic_res_170,1594293976,strategic_reserve,20,fixed,5,1,0,1,828.7,-3557.3,4386.0,105.8,231.8,358,183,215,269,0,0,18,12,1,18,0,1,19,19,18,88,0,0,140,920.1,2.81,3,3,1,1,0,0,strategic_reserve,0,36,0,0,2,0,17,35.3,77.3
strategic_res,strategic_res_171,1594303949,strategic_reserve,20,fixed,5,1,0,2,-935.8,1848.0,-2783.8,907.5,0.0,67,245,146,87,0,0,0,2,0,2,14,0,22,17,16,83,0,0,140,1370.0,4.18,4,3,2,1,1,0,strategic_reserve,0,11,0,1,2,0,0,302.5,0.0
strategic_res,strategic_res_172,1594313922,strategic_reserve,20,fixed,5,1,0,1,3001.0,1663.3,1337.8,110.0,397.5,232,204,43,108,0,4,1,0,3,0,9,51,43,43,42,46,0,0,140,756.7,2.31,3,3,1,5,0,0,strategic_reserve,16,0,2,0,2,0,1,36.7,132.5
strategic_res,strategic_res_173,1594323895,strategic_reserve,20,fixed,5,1,0,1,1400.8,624.5,776.3,89.2,109.7,386,346,186,196,0,0,79,49,8,2,0,0,3,2,1,123,1,0,140,735.2,2.25,3,3,1,1,0,0,strategic_reserve,24,0,0,0,8,0,2,29.7,36.6
strategic_res,strategic_res_174,1594333868,strategic_reserve,20,fixed,5,1,0,2,2161.6,5261.5,-3100.0,86.4,454.7,230,339,62,32,0,0,2,0,4,0,0,0,11,11,10,105,0,0,140,950.5,2.90,3,4,1,2,0,0,strategic_reserve,19,0,3,0,2,1,1,28.8,151.6
strategic_res,strategic_res_175,1594343841,strategic_reserve,20,fixed,5,1,0,1,1520.5,1119.2,401.3,405.0,292.1,194,273,115,149,4,1,20,6,2,2,44,3,40,39,38,43,0,0,140,1169.5,3.57,3,3,6,1,0,0,strategic_reserve,0,5,0,0,3,0,1,135.0,97.4
strategic_res,strategic_res_176,1594353814,strategic_reserve,20,fixed,5,1,0,1,5695.7,3804.7,1891.0,221.8,99.8,368,237,19,0,0,0,0,0,1,0,0,0,10,10,10,71,0,0,140,668.8,2.04,3,2,1,1,0,0,strategic_reserve,1,0,0,0,1,0,0,73.9,33.3
strategic_res,strategic_res_177,1594363787,strategic_reserve,20,fixed,5,1,0,2,801.3,3044.0,-2242.8,457.5,86.0,67,203,63,22,35,0,0,13,0,6,15,0,36,28,28,61,0,0,140,964.7,2.95,4,2,2,1,1,0,strategic_reserve,0,25,0,4,3,1,2,152.5,28.7
strategic_res,strategic_res_178,1594373760,strategic_reserve,20,fixed,5,1,0,2,-372.5,-349.5,-23.1,0.0,0.0,248,248,167,167,0,0,21,21,1,1,3,3,2,1,0,138,1,0,140,292.0,0.89,2,2,1,1,0,0,strategic_reserve,5,5,1,1,2,0,0,0.0,0.0
strategic_res,strategic_res_179,1594383733,strategic_reserve,20,fixed,5,1,0,2,3785.0,3805.0,-20.0,0.0,0.0,248,248,0,0,0,0,21,21,1,1,10,10,2,1,0,138,1,0,140,300.0,0.92,2,2,1,1,0,0,strategic_reserve,5,5,1,1,2,0,0,0.0,0.0
strategic_res,strategic_res_180,1594393706,strategic_reserve,20,fixed,5,1,0,2,3476.7,3854.7,-378.0,231.8,99.8,195,237,6,0,0,0,4,0,2,0,3,0,13,13,12,83,0,0,140,672.1,2.05,3,2,1,1,0,0,strategic_reserve,6,0,0,0,1,0,1,77.3,33.3
strategic_res,strategic_res_181,1594403679,strategic_reserve,20,fixed,5,1,0,2,-367.2,-349.5,-17.6,0.0,0.0,248,248,167,167,0,0,21,21,1,1,2,2,2,1,0,138,1,0,140,290.6,0.89,2,2,1,1,0,0,strategic_reserve,5,5,1,1,2,0,0,0.0,0.0
strategic_res,strategic_res_182,1594413652,strategic_reserve,20,fixed,5,1,0,1,3882.2,3387.2,494.9,111.4,232.1,237,185,0,2,0,0,0,1,0,1,0,3,14,13,13,85,0,0,140,608.1,1.86,2,3,1,1,0,0,strategic_reserve,0,6,0,0,1,0,0,37.1,77.4
strategic_res,strategic_res_183,1594423625,strategic_reserve,20,fixed,5,1,0,2,-3730.3,-651.3,-3079.1,231.8,172.5,188,234,292,230,0,0,13,44,4,4,1,11,52,29,28,74,0,0,140,999.1,3.05,3,3,1,1,0,0,strategic_reserve,10,11,1,0,5,0,3,77.3,57.5
strategic_res,strategic_res_184,1594433598,strategic_reserve,20,fixed,5,1,0,2,-3383.8,-2470.2,-913.6,457.5,89.2,67,211,227,245,0,0,34,9,1,1,10,0,29,22,22,72,0,0,140,968.9,2.96,4,3,2,1,1,0,strategic_reserve,0,2,0,0,1,0,1,152.5,29.7
strategic_res,strategic_res_185,1594443571,strategic_reserve,20,fixed,5,1,0,1,3752.7,3402.6,350.1,111.8,86.4,237,217,0,0,0,0,0,3,0,5,0,0,1,1,0,17,0,0,140,344.2,1.05,2,2,1,1,0,0,strategic_reserve,0,21,0,4,3,1,1,37.3,28.8
strategic_res,strategic_res_186,1594453544,strategic_reserve,20,fixed,5,1,0,2,3849.4,3939.0,-89.6,464.3,0.0,213,254,16,0,0,24,1,0,1,2,3,10,13,13,12,20,0,0,140,999.1,3.05,3,2,1,1,0,0,strategic_reserve,4,33,0,0,3,0,0,154.8,0.0
strategic_res,strategic_res_187,1594463517,strategic_reserve,20,fixed,5,1,0,2,3488.2,3874.7,-386.5,232.1,99.8,199,237,8,0,0,0,2,0,1,0,4,0,15,15,14,67,0,0,140,592.6,1.81,3,2,1,1,0,0,strategic_reserve,4,0,0,0,1,0,0,77.4,33.3
strategic_res,strategic_res_188,1594473490,strategic_reserve,20,fixed,5,1,0,2,-369.5,-349.2,-20.2,0.0,0.0,248,248,167,167,0,0,21,21,1,1,3,3,2,1,0,138,1,0,140,298.6,0.91,2,2,1,1,0,0,strategic_reserve,5,5,1,1,2,0,0,0.0,0.0
strategic_res,strategic_res_189,1594483463,strategic_reserve,20,fixed,5,1,0,2,3785.0,3805.0,-20.0,0.0,0.0,248,248,0,0,0,0,21,21,1,1,10,10,2,1,0,138,1,0,140,300.0,0.92,2,2,1,1,0,0,strategic_reserve,5,5,1,1,2,0,0,0.0,0.0
strategic_res,strategic_res_190,1594493436,strategic_reserve,20,fixed,5,1,0,2,1838.8,3845.8,-2007.0,682.5,100.5,73,235,22,0,0,0,0,0,0,0,10,0,15,15,14,90,0,0,140,1044.0,3.19,4,2,2,1,1,0,strategic_reserve,0,0,0,0,0,0,0,227.5,33.5
strategic_res,strategic_res_191,1594503409,strategic_reserve,20,fixed,5,1,0,2,398.0,754.6,-356.6,630.0,170.0,154,356,151,205,17,0,39,7,3,1,10,0,38,37,37,37,0,0,140,1375.8,4.20,3,3,2,1,0,0,strategic_reserve,11,20,0,0,1,0,3,210.0,56.7
strategic_res,strategic_res_192,1594513382,strategic_reserve,20,fixed,5,1,0,2,-2493.1,-154.3,-2338.8,343.9,172.5,195,69,267,124,0,20,6,21,1,4,3,10,73,40,39,52,0,0,140,1168.6,3.57,3,3,1,1,0,1,strategic_reserve,5,4,0,0,3,0,2,114.6,57.5
strategic_res,strategic_res_193,1594523355,strategic_reserve,20,fixed,5,1,0,1,4314.8,2700.8,1614.0,112.5,622.5,254,112,0,25,0,12,2,1,1,0,10,16,36,36,35,60,0,0,140,1060.0,3.24,2,4,1,2,0,1,strategic_reserve,7,0,0,0,1,0,0,37.5,207.5
strategic_res,strategic_res_194,1594533328,strategic_reserve,20,fixed,5,1,0,2,703.8,3805.0,-3101.2,172.5,85.3,54,237,27,0,120,0,0,15,0,2,10,0,11,11,10,49,0,0,140,583.8,1.78,3,2,1,1,1,0,strategic_reserve,0,4,0,0,2,0,0,57.5,28.4
strategic_res,strategic_res_195,1594543301,strategic_reserve,20,fixed,5,1,0,2,-4038.3,1267.5,-5305.8,231.8,285.0,199,335,311,216,0,0,18,22,1,1,1,10,47,28,27,75,0,0,140,1149.1,3.51,3,3,1,1,0,0,strategic_reserve,4,0,0,0,2,0,0,77.3,95.0
strategic_res,strategic_res_196,1594553274,strategic_reserve,20,fixed,5,1,0,1,2199.9,1193.6,1006.3,343.9,99.1,209,171,63,65,0,0,3,33,3,6,3,0,1,1,0,125,0,0,140,1050.7,3.21,3,3,1,1,0,0,strategic_reserve,6,15,0,1,3,0,6,114.6,33.0
strategic_res,strategic_res_197,1594563247,strategic_reserve,20,fixed,5,1,0,2,3882.2,3964.9,-82.8,111.4,343.9,237,209,0,2,0,0,1,1,0,1,0,1,14,13,13,74,0,0,140,837.2,2.56,2,3,1,1,0,0,strategic_reserve,0,4,0,0,1,0,0,37.1,114.6
strategic_res,strategic_res_198,1594573220,strategic_reserve,20,fixed,5,1,0,2,-4039.8,-2804.0,-1235.8,232.1,630.0,185,84,301,252,1,13,20,4,4,1,3,20,54,30,29,72,0,0,140,1369.5,4.18,3,3,1,4,0,1,strategic_reserve,12,2,2,0,4,0,1,77.4,210.0
strategic_res,strategic_res_199,1594583193,strategic_reserve,20,fixed,5,1,0,1,2527.2,1987.2,540.0,232.1,112.1,185,227,30,66,0,0,7,3,1,5,3,0,5,5,4,99,0,0,140,689.1,2.10,3,3,1,1,0,0,strategic_reserve,6,23,0,3,5,1,0,77.4,37.4
first_mover,first_mover_0,1592598566,sprint,4,fixed,5,1,0,2,849.5,895.0,-45.5,309.5,310.0,45,48,9,14,0,0,0,0,0,0,0,0,5,5,5,9,0,0,28,929.5,2.84,2,3,1,1,0,0,,0,0,0,0,0,0,0,0.0,0.0
first_mover,first_mover_1,1592608539,sprint,4,fixed,5,1,0,2,859.0,1095.0,-236.0,134.0,610.0,45,44,0,11,0,0,0,0,0,0,0,0,5,5,5,9,0,0,28,744.0,2.27,2,3,1,2,0,0,,0,0,0,0,0,0,0,0.0,0.0
first_mover,first_mover_2,1592618512,sprint,4,fixed,5,1,0,2,646.5,823.0,-176.5,141.5,118.0,33,45,2,0,0,0,0,0,0,0,0,0,1,1,0,13,0,0,28,339.5,1.04,2,2,1,1,0,0,,0,0,0,0,0,0,0,0.0,0.0
first_mover,first_mover_3,1592628485,sprint,4,fixed,5,1,0,2,651.2,853.6,-202.4,146.2,148.6,33,45,2,0,0,0,0,1,0,0,0,0,1,1,0,13,0,0,28,374.8,1.14,2,2,1,1,0,0,,0,0,0,0,0,0,0,0.0,0.0
first_mover,first_mover_4,1592638458,sprint,4,fixed,5,1,0,2,823.6,959.5,-135.9,148.6,309.5,45,45,0,1,0,0,1,0,0,0,0,0,0,0,0,0,0,0,28,458.1,1.40,2,2,1,1,0,0,,0,0,0,0,0,0,0,0.0,0.0
first_mover,first_mover_5,1592648431,sprint,4,fixed,5,1,0,1,951.8,675.0,276.8,246.8,110.0,45,37,0,2,0,0,0,0,0,0,0,0,1,1,0,7,0,0,28,436.8,1.33,2,2,1,1,0,0,,0,0,0,0,0,0,0,0.0,0.0
first_mover,first_mover_6,1592658404,sprint,4,fixed,5,1,0,2,830.0,944.1,-114.1,380.0,309.1,38,45,12,6,0,0,0,0,0,0,0,0,5,5,4,8,0,0,28,929.1,2.84,3,2,1,1,0,0,,0,0,0,0,0,0,0,0.0,0.0
first_mover,first_mover_7,1592668377,sprint,4,fixed,5,1,0,1,823.6,790.2,33.4,148.6,115.2,45,45,0,0,0,0,1,1,0,0,0,0,0,0,0,0,0,0,28,263.8,0.81,2,2,1,1,0,0,,0,0,0,0,0,0,0,0.0,0.0
first_mover,first_mover_8,1592678350,sprint,4,fixed,5,1,0,1,855.0,644.6,210.4,150.0,139.6,45,33,0,2,0,0,0,0,0,0,0,0,1,1,0,13,0,0,28,369.6,1.13,2,2,1,1,0,0,,0,0,0,0,0,0,0,0.0,0.0
first_mover,first_mover_9,1592688323,sprint,4,fixed,5,1,0,1,959.5,823.0,136.5,309.5,150.0,45,45,1,0,0,0,0,0,0,1,0,0,0,0,0,0,0,0,28,459.5,1.40,2,2,1,1,0,0,,0,1,0,0,0,0,1,0.0,0.0
first_mover,first_mover_10,1592698296,sprint,4,fixed,5,1,0,1,820.2,651.2,168.9,115.2,146.2,45,33,0,2,0,0,1,0,0,0,0,0,1,1,0,13,0,0,28,341.4,1.04,2,2,1,1,0,0,,0,0,0,0,0,0,0,0.0,0.0
first_mover,first_mover_11,1592708269,sprint,4,fixed,5,1,0,2,779.8,799.8,-20.0,0.0,0.0,45,45,0,0,0,0,0,0,0,0,0,0,2,1,0,26,1,0,28,299.1,0.91,2,2,1,1,0,0,,0,0,0,0,0,0,0,0.0,0.0
first_mover,first_mover_12,1592718242,sprint,4,fixed,5,1,0,2,790.2,959.1,-168.9,115.2,309.1,45,45,0,1,0,0,1,0,0,0,0,0,0,0,0,0,0,0,28,424.2,1.30,2,2,1,1,0,0,,0,0,0,0,0,0,0,0.0,0.0
first_mover,first_mover_13,1592728215,sprint,4,fixed,5,1,0,1,974.1,808.1,166.0,309.1,133.1,45,45,2,0,0,0,0,0,0,0,0,0,0,0,0,0,0,0,28,522.1,1.59,2,2,1,1,0,0,,0,0,0,0,0,0,0,0.0,0.0
first_mover,first_mover_14,1592738188,sprint,4,fixed,5,1,0,2,803.9,1014.1,-210.1,118.9,309.1,45,45,2,0,0,0,0,0,0,0,0,0,1,1,0,1,0,0,28,508.0,1.55,2,2,1,1,0,0,,0,0,0,0,0,0,0,0.0,0.0
first_mover,first_mover_15,1592748161,sprint,4,fixed,5,1,0,2,783.9,1014.1,-230.1,118.9,309.1,45,45,2,0,0,0,0,0,0,0,0,0,1,0,0,0,0,0,28,508.0,1.55,2,2,1,1,0,0,,0,0,0,0,0,0,0,0.0,0.0
first_mover,first_mover_16,1592758134,sprint,4,fixed,5,1,0,1,871.6,775.0,96.6,116.6,310.0,45,39,0,12,0,0,0,0,0,0,0,0,6,5,5,8,0,0,28,586.6,1.79,2,3,1,1,0,0,,0,0,0,0,0,0,0,0.0,0.0
first_mover,first_mover_17,1592768107,sprint,4,fixed,5,1,0,2,-595.0,-575.0,-20.0,0.0,0.0,45,45,55,55,0,0,0,0,0,0,0,0,2,1,0,26,1,0,28,300.0,0.92,2,2,1,1,0,0,,0,0,0,0,0,0,0,0.0,0.0
first_mover,first_mover_18,1592778080,sprint,4,fixed,5,1,0,2,786.6,851.7,-65.1,266.6,146.7,39,45,5,0,0,0,0,1,0,0,0,0,1,1,0,9,0,0,28,493.3,1.51,2,2,1,1,0,0,,0,0,0,0,0,0,0,0.0,0.0
first_mover,first_mover_19,1592788053,sprint,4,fixed,5,1,0,1,854.5,676.1,178.5,149.5,141.1,45,35,0,2,0,0,0,0,0,0,0,0,1,1,0,12,0,0,28,370.6,1.13,2,2,1,1,0,0,,0,0,0,0,0,0,0,0.0,0.0
first_mover,first_mover_20,1592798026,sprint,4,fixed,5,1,0,1,825.0,823.6,1.4,150.0,148.6,45,45,0,0,0,0,0,2,0,0,0,0,0,0,0,0,0,0,28,298.6,0.91,2,2,1,1,0,0,,0,0,0,0,0,0,0,0.0,0.0
first_mover,first_mover_21,1592807999,sprint,4,fixed,5,1,0,1,535.0,-830.0,1365.0,390.0,150.0,46,33,31,61,0,0,0,0,0,0,0,0,4,3,3,10,1,0,28,860.0,2.63,3,2,1,1,0,0,,0,0,0,0,0,0,0,0.0,0.0
first_mover,first_mover_22,1592817972,sprint,4,fixed,5,1,0,2,-778.3,585.0,-1363.3,146.7,230.0,35,54,62,28,0,0,0,0,0,0,0,0,7,4,3,12,1,0,28,606.7,1.85,2,3,1,1,0,0,,0,0,0,0,0,0,0,0.0,0.0
first_mover,first_mover_23,1592827945,sprint,4,fixed,5,1,0,1,979.5,800.0,179.5,309.5,310.0,45,39,3,11,0,0,0,0,0,0,0,0,5,5,4,10,0,0,28,779.5,2.38,2,3,1,1,0,0,,0,0,0,0,0,0,0,0.0,0.0
first_mover,first_mover_24,1592837918,sprint,4,fixed,5,1,0,1,989.5,855.1,134.4,309.5,140.1,45,46,1,3,0,0,0,0,0,0,0,0,1,1,0,5,0,0,28,609.6,1.86,2,3,1,1,0,0,,0,0,0,0,0,0,0,0.0,0.0
first_mover,first_mover_25,1592847891,sprint,4,fixed,5,1,0,2,-783.9,625.0,-1408.9,141.1,230.0,35,54,62,28,0,0,0,0,0,0,0,0,7,4,3,12,1,0,28,681.1,2.08,2,3,1,1,0,0,,0,0,0,0,0,0,0,0.0,0.0
first_mover,first_mover_26,1592857864,sprint,4,fixed,5,1,0,2,715.0,873.6,-158.6,230.0,148.6,44,45,14,0,0,0,0,1,0,0,0,0,5,5,5,6,0,0,28,528.6,1.61,3,2,1,1,0,0,,0,0,0,0,0,0,0,0.0,0.0
first_mover,first_mover_27,1592867837,sprint,4,fixed,5,1,0,1,903.6,775.0,128.6,148.6,310.0,45,39,0,12,0,0,1,0,0,0,0,0,6,5,5,8,0,0,28,618.6,1.89,2,3,1,1,0,0,,0,0,0,0,0,0,0,0.0,0.0
first_mover,first_mover_28,1592877810,sprint,4,fixed,5,1,0,2,823.6,825.0,-1.4,148.6,150.0,45,45,0,0,0,0,0,0,0,0,0,0,0,0,0,0,0,0,28,298.6,0.91,2,2,1,1,0,0,,0,0,0,0,0,0,0,0.0,0.0
first_mover,first_mover_29,1592887783,sprint,4,fixed,5,1,0,2,-2460.5,-2440.5,-20.0,229.5,229.5,32,32,128,128,0,0,0,0,0,0,0,0,2,1,0,26,3,0,28,459.1,1.40,3,3,1,1,0,0,,0,0,0,0,0,0,0,0.0,0.0
first_mover,first_mover_30,1592897756,sprint,4,fixed,5,1,0,2,646.5,1003.1,-356.6,141.5,298.1,33,45,2,0,0,0,0,0,0,0,0,0,1,1,0,13,0,0,28,519.6,1.59,2,2,1,1,0,0,,0,0,0,0,0,0,0,0.0,0.0
first_mover,first_mover_31,1592907729,sprint,4,fixed,5,1,0,1,1024.5,808.1,216.5,309.5,133.1,45,45,0,0,0,0,0,0,0,0,0,0,0,0,0,0,0,0,28,522.6,1.60,2,2,1,1,0,0,,0,0,0,0,0,0,0,0.0,0.0
first_mover,first_mover_32,1592917702,sprint,4,fixed,5,1,0,2,790.2,825.0,-34.8,115.2,150.0,45,45,0,0,0,0,1,0,0,0,0,0,0,0,0,0,0,0,28,265.2,0.81,2,2,1,1,0,0,,0,0,0,0,0,0,0,0.0,0.0
first_mover,first_mover_33,1592927675,sprint,4,fixed,5,1,0,1,823.9,651.7,172.2,118.9,146.7,45,33,0,2,0,0,0,0,0,0,0,0,1,1,0,13,0,0,28,345.6,1.06,2,2,1,1,0,0,,0,0,0,0,0,0,0,0.0,0.0
first_mover,first_mover_34,1592937648,sprint,4,fixed,5,1,0,1,705.0,650.3,54.7,0.0,145.3,45,33,0,2,0,0,0,0,0,0,0,0,1,1,0,13,0,0,28,225.3,0.69,2,2,1,1,0,0,,0,0,0,0,0,0,0,0.0,0.0
first_mover,first_mover_35,1592947621,sprint,4,fixed,5,1,0,2,750.0,850.2,-100.2,230.0,115.2,54,45,17,0,0,0,0,1,0,0,0,0,4,3,3,3,0,0,28,495.2,1.51,3,2,1,1,0,0,,0,0,0,0,0,0,0,0.0,0.0
first_mover,first_mover_36,1592957594,sprint,4,fixed,5,1,0,2,825.8,838.3,-12.5,145.8,113.3,46,45,6,0,0,0,0,0,0,0,0,0,3,3,2,9,0,0,28,419.1,1.28,3,2,1,1,0,0,,0,0,0,0,0,0,0,0.0,0.0
first_mover,first_mover_37,1592967567,sprint,4,fixed,5,1,0,1,368.9,145.0,223.9,223.9,230.0,45,31,24,26,0,0,1,0,0,0,0,0,1,1,0,18,0,0,28,693.9,2.12,2,2,1,1,0,0,,0,0,0,0,0,0,0,0.0,0.0
first_mover,first_mover_38,1592977540,sprint,4,fixed,5,1,0,1,811.8,793.0,18.8,136.8,118.0,45,45,0,0,0,0,0,0,0,0,0,0,0,0,0,0,0,0,28,254.8,0.78,2,2,1,1,0,0,,0,0,0,0,0,0,0,0.0,0.0
first_mover,first_mover_39,1592987513,sprint,4,fixed,5,1,0,2,855.0,1004.1,-149.1,380.0,309.1,38,45,11,2,0,0,0,0,0,0,0,0,5,5,4,8,0,0,28,849.1,2.59,3,2,1,1,0,0,,0,0,0,0,0,0,0,0.0,0.0
first_mover,first_mover_40,1592997486,sprint,4,fixed,5,1,0,1,855.0,646.5,208.5,150.0,141.5,45,33,0,2,0,0,0,0,0,0,0,0,1,1,0,13,0,0,28,371.5,1.13,2,2,1,1,0,0,,0,0,0,0,0,0,0,0.0,0.0
first_mover,first_mover_41,1593007459,sprint,4,fixed,5,1,0,1,817.8,651.2,166.6,112.8,146.2,45,33,0,2,0,0,0,0,0,0,0,0,1,1,0,13,0,0,28,339.1,1.04,2,2,1,1,0,0,,0,0,0,0,0,0,0,0.0,0.0
first_mover,first_mover_42,1593017432,sprint,4,fixed,5,1,0,1,823.6,809.0,14.6,148.6,134.0,45,45,0,0,0,0,2,0,0,0,0,0,0,0,0,0,0,0,28,282.6,0.86,2,2,1,1,0,0,,0,0,0,0,0,0,0,0.0,0.0
first_mover,first_mover_43,1593027405,sprint,4,fixed,5,1,0,2,823.6,824.5,-0.9,148.6,149.5,45,45,0,0,0,0,0,0,0,0,0,0,0,0,0,0,0,0,28,298.1,0.91,2,2,1,1,0,0,,0,0,0,0,0,0,0,0.0,0.0
first_mover,first_mover_44,1593037378,sprint,4,fixed,5,1,0,2,755.0,974.1,-219.1,230.0,309.1,44,45,14,4,0,0,0,0,0,0,0,0,5,5,5,9,0,0,28,849.1,2.59,3,2,1,1,0,0,,0,0,0,0,0,0,0,0.0,0.0
first_mover,first_mover_45,1593047351,sprint,4,fixed,5,1,0,1,854.5,646.5,208.0,149.5,141.5,45,33,0,2,0,0,0,0,0,0,0,0,1,1,0,13,0,0,28,371.1,1.13,2,2,1,1,0,0,,0,0,0,0,0,0,0,0.0,0.0
first_mover,first_mover_46,1593057324,sprint,4,fixed,5,1,0,2,808.1,1024.5,-216.5,133.1,309.5,45,45,0,0,0,0,0,0,0,0,0,0,0,0,0,0,0,0,28,522.6,1.60,2,2,1,1,0,0,,0,0,0,0,0,0,0,0.0,0.0
first_mover,first_mover_47,1593067297,sprint,4,fixed,5,1,0,1,959.1,825.0,134.1,309.1,150.0,45,45,1,0,0,0,0,0,0,0,0,0,0,0,0,0,0,0,28,459.1,1.40,2,2,1,1,0,0,,0,0,0,0,0,0,0,0.0,0.0
first_mover,first_mover_48,1593077270,sprint,4,fixed,5,1,0,1,1040.0,833.6,206.4,530.0,148.6,50,45,15,0,0,0,0,2,0,0,0,0,1,1,1,5,0,0,28,908.6,2.78,3,2,1,1,0,0,,0,0,0,0,0,0,0,0.0,0.0
first_mover,first_mover_49,1593087243,sprint,4,fixed,5,1,0,1,864.5,845.0,19.5,309.5,380.0,45,41,8,13,0,0,0,0,0,0,0,0,6,5,5,8,0,0,28,839.5,2.56,2,3,1,1,0,0,,0,0,0,0,0,0,0,0.0,0.0
first_mover,first_mover_50,1593097216,sprint,4,fixed,5,1,0,1,870.2,775.0,95.2,115.2,310.0,45,39,0,12,0,0,1,0,0,0,0,0,6,5,5,8,0,0,28,585.2,1.79,2,3,1,1,0,0,,0,0,0,0,0,0,0,0.0,0.0
first_mover,first_mover_51,1593107189,sprint,4,fixed,5,1,0,2,855.0,974.5,-119.5,150.0,309.5,45,45,0,2,0,0,0,0,0,0,0,0,1,0,0,0,0,0,28,539.5,1.65,2,2,1,1,0,0,,0,0,0,0,0,0,0,0.0,0.0
first_mover,first_mover_52,1593117162,sprint,4,fixed,5,1,0,2,843.9,1095.0,-251.1,118.9,610.0,45,44,0,11,0,0,0,0,0,0,0,0,5,5,5,9,0,0,28,728.9,2.23,2,3,1,2,0,0,,0,0,0,0,0,0,0,0.0,0.0
first_mover,first_mover_53,1593127135,sprint,4,fixed,5,1,0,2,824.1,959.5,-135.5,149.1,309.5,45,45,0,1,0,0,1,0,0,0,0,0,0,0,0,0,0,0,28,458.6,1.40,2,2,1,1,0,0,,0,0,0,0,0,0,0,0.0,0.0
first_mover,first_mover_54,1593137108,sprint,4,fixed,5,1,0,2,806.1,840.2,-34.1,141.1,115.2,48,45,7,0,0,0,0,1,0,0,0,0,3,2,2,7,0,0,28,416.2,1.27,3,2,1,1,0,0,,0,0,0,0,0,0,0,0.0,0.0
first_mover,first_mover_55,1593147081,sprint,4,fixed,5,1,0,2,873.6,1315.0,-441.4,148.6,680.0,45,54,0,11,0,0,1,0,0,0,0,0,5,5,5,9,0,0,28,828.6,2.53,2,3,1,3,0,0,,0,0,0,0,0,0,0,0.0,0.0
first_mover,first_mover_56,1593157054,sprint,4,fixed,5,1,0,2,655.0,869.4,-214.4,230.0,144.4,39,45,15,0,0,0,0,0,0,0,0,0,5,5,5,5,0,0,28,604.4,1.85,3,2,1,1,0,0,,0,0,0,0,0,0,0,0.0,0.0
first_mover,first_mover_57,1593167027,sprint,4,fixed,5,1,0,2,-1515.0,-535.0,-980.0,0.0,150.0,45,32,99,55,0,0,0,0,0,0,0,0,14,7,7,13,1,0,28,300.0,0.92,2,3,1,1,0,0,,0,0,0,0,0,0,0,0.0,0.0
first_mover,first_mover_58,1593177000,sprint,4,fixed,5,1,0,1,984.1,825.0,159.1,309.1,150.0,45,45,0,0,0,0,0,0,0,0,0,0,0,0,0,0,0,0,28,459.1,1.40,2,2,1,1,0,0,,0,0,0,0,0,0,0,0.0,0.0
first_mover,first_mover_59,1593186973,sprint,4,fixed,5,1,0,1,1094.1,840.0,254.1,309.1,380.0,45,38,0,10,0,0,0,0,0,0,0,0,5,5,4,8,0,0,28,849.1,2.59,2,3,1,1,0,0,,0,0,0,0,0,0,0,0.0,0.0
first_mover,first_mover_60,1593196946,sprint,4,fixed,5,1,0,2,655.0,857.8,-202.8,230.0,112.8,39,45,15,0,0,0,0,2,0,0,0,0,5,5,4,5,0,0,28,572.8,1.75,3,2,1,1,0,0,,0,0,0,0,0,0,0,0.0,0.0
first_mover,first_mover_61,1593206919,sprint,4,fixed,5,1,0,1,974.1,811.8,162.2,309.1,136.8,45,45,2,0,0,0,0,0,0,0,0,0,0,0,0,0,0,0,28,525.9,1.61,2,2,1,1,0,0,,0,0,0,0,0,0,0,0.0,0.0
first_mover,first_mover_62,1593216892,sprint,4,fixed,5,1,0,1,808.1,739.6,68.4,133.1,0.0,45,45,0,0,0,0,0,0,0,0,0,0,0,0,0,0,0,0,28,262.4,0.80,2,2,1,1,0,0,,0,0,0,0,0,0,0,0.0,0.0
first_mover,first_mover_63,1593226865,sprint,4,fixed,5,1,0,2,800.0,804.5,-4.5,310.0,309.5,41,45,15,12,0,0,0,0,0,0,0,0,7,5,5,8,0,0,28,939.5,2.87,3,2,1,1,0,0,,0,0,0,0,0,0,0,0.0,0.0
first_mover,first_mover_64,1593236838,sprint,4,fixed,5,1,0,2,615.0,833.9,-218.9,230.0,118.9,39,45,16,0,0,0,0,0,0,0,0,0,4,4,4,4,0,0,28,588.9,1.80,3,2,1,1,0,0,,0,0,0,0,0,0,0,0.0,0.0
first_mover,first_mover_65,1593246811,sprint,4,fixed,5,1,0,1,1024.5,790.2,234.4,309.5,115.2,45,45,0,0,0,0,0,1,0,0,0,0,0,0,0,0,0,0,28,504.7,1.54,2,2,1,1,0,0,,0,0,0,0,0,0,0,0.0,0.0
first_mover,first_mover_66,1593256784,sprint,4,fixed,5,1,0,1,1054.1,651.2,402.8,309.1,146.2,45,33,0,2,0,0,0,0,0,0,0,0,1,1,0,13,0,0,28,615.3,1.88,2,2,1,1,0,0,,0,0,0,0,0,0,0,0.0,0.0
first_mover,first_mover_67,1593266757,sprint,4,fixed,5,1,0,2,619.6,989.5,-369.9,139.6,309.5,33,45,3,1,0,0,0,0,0,0,0,0,1,1,0,13,0,0,28,529.2,1.62,2,2,1,1,0,0,,0,0,0,0,0,0,0,0.0,0.0
first_mover,first_mover_68,1593276730,sprint,4,fixed,5,1,0,1,989.5,619.2,370.4,309.5,139.2,45,33,1,3,0,0,0,0,0,0,0,0,1,1,0,13,0,0,28,528.7,1.61,2,2,1,1,0,0,,0,0,0,0,0,0,0,0.0,0.0
first_mover,first_mover_69,1593286703,sprint,4,fixed,5,1,0,1,791.6,534.2,257.4,116.6,139.2,45,46,0,15,0,0,0,0,0,0,0,0,0,0,0,0,0,0,28,415.8,1.27,2,3,1,1,0,0,,0,0,0,0,0,0,0,0.0,0.0
first_mover,first_mover_70,1593296676,sprint,4,fixed,5,1,0,1,875.0,800.0,75.0,150.0,310.0,45,39,0,11,0,0,0,0,0,0,0,0,5,5,5,9,0,0,28,620.0,1.89,2,3,1,1,0,0,,0,0,0,0,0,0,0,0.0,0.0
first_mover,first_mover_71,1593306649,sprint,4,fixed,5,1,0,1,821.7,793.9,27.8,146.7,118.9,45,45,0,0,0,0,1,0,0,0,0,0,0,0,0,0,0,0,28,265.6,0.81,2,2,1,1,0,0,,0,0,0,0,0,0,0,0.0,0.0
first_mover,first_mover_72,1593316622,sprint,4,fixed,5,1,0,1,875.0,850.6,24.4,150.0,140.6,45,48,0,6,0,0,0,0,0,0,0,0,3,3,2,8,0,0,28,450.6,1.38,2,3,1,1,0,0,,0,0,0,0,0,0,0,0.0,0.0
first_mover,first_mover_73,1593326595,sprint,4,fixed,5,1,0,1,860.0,695.0,165.0,610.0,0.0,44,45,18,0,0,0,0,0,0,0,0,0,2,2,2,2,0,0,28,610.0,1.86,3,2,2,1,0,0,,0,0,0,0,0,0,0,0.0,0.0
first_mover,first_mover_74,1593336568,sprint,4,fixed,5,1,0,1,974.1,787.7,186.4,309.1,114.7,45,45,2,0,0,0,0,1,0,1,0,0,0,0,0,0,0,0,28,503.8,1.54,2,2,1,1,0,0,,0,1,0,0,0,0,1,0.0,0.0
first_mover,first_mover_75,1593346541,sprint,4,fixed,5,1,0,1,210.0,-380.4,590.4,230.0,139.6,44,48,35,54,0,0,0,0,0,0,0,0,3,3,2,10,1,0,28,759.6,2.32,3,3,1,1,0,0,,0,0,0,0,0,0,0,0.0,0.0
first_mover,first_mover_76,1593356514,sprint,4,fixed,5,1,0,2,787.7,984.1,-196.4,114.7,309.1,45,45,0,0,0,0,1,0,1,0,0,0,0,0,0,0,0,0,28,423.8,1.29,2,2,1,1,0,0,,1,0,0,0,0,0,1,0.0,0.0
first_mover,first_mover_77,1593366487,sprint,4,fixed,5,1,0,1,984.5,675.0,309.5,309.5,0.0,45,45,0,0,0,0,0,1,0,0,0,0,0,0,0,0,0,0,28,309.5,0.95,2,2,1,1,0,0,,0,0,0,0,0,0,0,0.0,0.0
first_mover,first_mover_78,1593376460,sprint,4,fixed,5,1,0,1,984.1,812.8,171.3,309.1,137.8,45,45,0,0,0,0,0,1,0,0,0,0,0,0,0,0,0,0,28,446.8,1.36,2,2,1,1,0,0,,0,0,0,0,0,0,0,0.0,0.0
first_mover,first_mover_79,1593386433,sprint,4,fixed,5,1,0,1,555.0,-208.3,763.3,390.0,146.7,39,35,22,38,0,0,0,0,0,0,0,0,2,2,1,13,1,0,28,776.7,2.37,3,2,1,1,0,0,,0,0,0,0,0,0,0,0.0,0.0
first_mover,first_mover_80,1593396406,sprint,4,fixed,5,1,0,2,-1905.0,-1885.0,-20.0,230.0,230.0,32,32,109,109,0,0,0,0,0,0,0,0,2,1,0,26,5,0,28,780.0,2.38,3,3,1,1,0,0,,0,0,0,0,0,0,0,0.0,0.0
first_mover,first_mover_81,1593406379,sprint,4,fixed,5,1,0,2,-300.0,615.0,-915.0,260.0,380.0,35,41,47,23,0,0,0,0,0,0,0,0,5,3,2,14,0,0,28,870.0,2.66,2,3,1,1,0,0,,0,0,0,0,0,0,0,0.0,0.0
first_mover,first_mover_82,1593416352,sprint,4,fixed,5,1,0,2,793.9,825.0,-31.1,118.9,150.0,45,45,0,0,0,0,0,0,0,0,0,0,0,0,0,0,0,0,28,268.9,0.82,2,2,1,1,0,0,,0,0,0,0,0,0,0,0.0,0.0
first_mover,first_mover_83,1593426325,sprint,4,fixed,5,1,0,1,984.1,823.6,160.5,309.1,148.6,45,45,0,0,0,0,0,0,0,0,0,0,0,0,0,0,0,0,28,457.6,1.40,2,2,1,1,0,0,,0,0,0,0,0,0,0,0.0,0.0
first_mover,first_mover_84,1593436298,sprint,4,fixed,5,1,0,2,324.5,360.0,-35.5,229.5,310.0,45,42,26,27,0,0,0,0,0,0,0,0,1,1,0,18,0,0,28,769.5,2.35,2,2,1,1,0,0,,0,0,0,0,0,0,0,0.0,0.0
first_mover,first_mover_85,1593446271,sprint,4,fixed,5,1,0,1,989.5,621.5,368.0,309.5,141.5,45,33,1,3,0,0,0,0,0,0,0,0,1,1,0,13,0,0,28,531.1,1.62,2,2,1,1,0,0,,0,0,0,0,0,0,0,0.0,0.0
first_mover,first_mover_86,1593456244,sprint,4,fixed,5,1,0,2,705.0,864.5,-159.5,230.0,309.5,39,45,13,8,0,0,0,0,0,0,0,0,6,5,5,8,0,0,28,769.5,2.35,3,2,1,1,0,0,,0,0,0,0,0,0,0,0.0,0.0
first_mover,first_mover_87,1593466217,sprint,4,fixed,5,1,0,1,955.0,859.1,95.9,230.0,309.1,54,45,12,7,0,0,0,0,0,0,0,0,5,5,5,9,0,0,28,769.1,2.35,3,2,1,1,0,0,,0,0,0,0,0,0,0,0.0,0.0
first_mover,first_mover_88,1593476190,sprint,4,fixed,5,1,0,2,855.0,974.1,-119.1,150.0,309.1,45,45,0,2,0,0,0,1,0,0,0,0,1,0,0,0,0,0,28,539.1,1.65,2,2,1,1,0,0,,0,0,0,0,0,0,0,0.0,0.0
first_mover,first_mover_89,1593486163,sprint,4,fixed,5,1,0,1,959.5,808.1,151.5,309.5,133.1,45,45,1,0,0,0,0,0,0,0,0,0,0,0,0,0,0,0,28,442.6,1.35,2,2,1,1,0,0,,0,0,0,0,0,0,0,0.0,0.0
first_mover,first_mover_90,1593496136,sprint,4,fixed,5,1,0,2,-595.2,-575.2,-20.0,0.0,0.0,45,45,55,55,0,0,0,0,0,0,0,0,2,1,0,26,1,0,28,299.1,0.91,2,2,1,1,0,0,,0,0,0,0,0,0,0,0.0,0.0
first_mover,first_mover_91,1593506109,sprint,4,fixed,5,1,0,2,825.0,1133.6,-308.6,150.0,458.6,45,45,0,0,0,0,0,0,0,0,0,0,0,0,0,0,0,0,28,608.6,1.86,2,2,1,1,0,0,,0,0,0,0,0,0,0,0.0,0.0
first_mover,first_mover_92,1593516082,sprint,4,fixed,5,1,0,2,675.0,823.0,-148.0,0.0,150.0,45,45,0,0,0,0,0,0,0,1,0,0,0,0,0,0,0,0,28,150.0,0.46,2,2,1,1,0,0,,0,1,0,0,0,0,1,0.0,0.0
first_mover,first_mover_93,1593526055,sprint,4,fixed,5,1,0,2,651.2,839.4,-188.1,146.2,136.4,33,45,2,0,0,0,0,0,0,1,0,0,1,1,0,13,0,0,28,362.6,1.11,2,2,1,1,0,0,,0,1,0,0,0,0,1,0.0,0.0
first_mover,first_mover_94,1593536028,sprint,4,fixed,5,1,0,2,925.0,1064.1,-139.1,460.0,309.1,39,45,12,0,0,0,0,0,0,0,0,0,6,5,5,8,0,0,28,929.1,2.84,3,2,1,1,0,0,,0,0,0,0,0,0,0,0.0,0.0
first_mover,first_mover_95,1593546001,sprint,4,fixed,5,1,0,2,820.0,865.0,-45.0,230.0,150.0,54,45,15,0,0,0,0,0,0,0,0,0,4,4,4,5,0,0,28,530.0,1.62,3,2,1,1,0,0,,0,0,0,0,0,0,0,0.0,0.0
first_mover,first_mover_96,1593555974,sprint,4,fixed,5,1,0,1,1034.1,970.0,64.1,309.1,310.0,45,48,0,11,0,0,0,0,0,0,0,0,5,5,5,9,0,0,28,849.1,2.59,2,3,1,1,0,0,,0,0,0,0,0,0,0,0.0,0.0
first_mover,first_mover_97,1593565947,sprint,4,fixed,5,1,0,1,812.8,811.8,0.9,137.8,136.8,45,45,0,0,0,0,1,0,0,0,0,0,0,0,0,0,0,0,28,274.6,0.84,2,2,1,1,0,0,,0,0,0,0,0,0,0,0.0,0.0
first_mover,first_mover_98,1593575920,sprint,4,fixed,5,1,0,2,685.0,878.1,-193.1,230.0,133.1,44,45,16,0,0,0,0,0,0,0,0,0,5,4,4,4,0,0,28,593.1,1.81,3,2,1,1,0,0,,0,0,0,0,0,0,0,0.0,0.0
first_mover,first_mover_99,1593585893,sprint,4,fixed,5,1,0,2,655.0,705.0,-50.0,230.0,0.0,54,45,20,0,0,0,0,1,0,0,0,0,1,0,0,0,0,0,28,460.0,1.40,3,2,1,1,0,0,,0,0,0,0,0,0,0,0.0,0.0
first_mover,first_mover_100,1593595866,sprint,4,fixed,5,1,0,2,-595.0,-575.0,-20.0,0.0,0.0,45,45,55,55,0,0,0,0,0,0,0,0,2,1,0,26,1,0,28,300.0,0.92,2,2,1,1,0,0,,0,0,0,0,0,0,0,0.0,0.0
first_mover,first_mover_101,1593605839,sprint,4,fixed,5,1,0,2,624.6,1004.1,-379.4,139.6,309.1,35,45,4,2,0,0,0,0,0,0,0,0,1,1,0,12,0,0,28,608.7,1.86,2,2,1,1,0,0,,0,0,0,0,0,0,0,0.0,0.0
first_mover,first_mover_102,1593615812,sprint,4,fixed,5,1,0,2,770.0,859.1,-89.1,310.0,309.1,39,45,12,7,0,0,0,0,0,0,0,0,5,5,5,9,0,0,28,769.1,2.35,3,2,1,1,0,0,,0,0,0,0,0,0,0,0.0,0.0
first_mover,first_mover_103,1593625785,sprint,4,fixed,5,1,0,1,349.5,120.0,229.5,229.5,230.0,45,31,25,27,0,0,0,0,0,0,0,0,1,1,0,18,0,0,28,699.5,2.14,2,2,1,1,0,0,,0,0,0,0,0,0,0,0.0,0.0
first_mover,first_mover_104,1593635758,sprint,4,fixed,5,1,0,1,1024.1,829.2,194.9,309.1,139.2,45,46,0,4,0,0,0,0,0,0,0,0,2,1,1,11,0,0,28,608.2,1.86,2,3,1,1,0,0,,0,0,0,0,0,0,0,0.0,0.0
first_mover,first_mover_105,1593645731,sprint,4,fixed,5,1,0,2,871.7,1245.0,-373.3,146.7,760.0,45,44,0,11,0,0,1,0,0,0,0,0,5,5,5,9,0,0,28,906.7,2.77,2,3,1,2,0,0,,0,0,0,0,0,0,0,0.0,0.0
first_mover,first_mover_106,1593655704,sprint,4,fixed,5,1,0,1,864.1,665.0,199.1,309.1,230.0,45,39,8,13,0,0,0,0,0,0,0,0,6,5,5,8,0,0,28,689.1,2.10,2,3,1,1,0,0,,0,0,0,0,0,0,0,0.0,0.0
first_mover,first_mover_107,1593665677,sprint,4,fixed,5,1,0,1,349.1,120.0,229.1,229.1,230.0,45,31,25,27,0,0,0,0,0,0,0,0,1,1,0,18,0,0,28,699.1,2.14,2,2,1,1,0,0,,0,0,0,0,0,0,0,0.0,0.0
first_mover,first_mover_108,1593675650,sprint,4,fixed,5,1,0,2,959.1,974.1,-15.0,309.1,299.1,45,45,1,0,0,0,0,0,0,0,0,0,0,0,0,0,0,0,28,608.1,1.86,2,2,1,1,0,0,,0,0,0,0,0,0,0,0.0,0.0
first_mover,first_mover_109,1593685623,sprint,4,fixed,5,1,0,1,984.1,808.1,176.0,309.1,133.1,45,45,0,0,0,0,0,0,0,0,0,0,0,0,0,0,0,0,28,442.1,1.35,2,2,1,1,0,0,,0,0,0,0,0,0,0,0.0,0.0
first_mover,first_mover_110,1593695596,sprint,4,fixed,5,1,0,2,700.0,857.4,-157.4,310.0,112.4,39,45,15,0,0,0,0,0,0,0,0,0,5,5,4,5,0,0,28,582.4,1.78,3,2,1,1,0,0,,0,0,0,0,0,0,0,0.0,0.0
first_mover,first_mover_111,1593705569,sprint,4,fixed,5,1,0,2,675.0,787.4,-112.4,0.0,112.4,45,45,0,0,0,0,0,0,0,0,0,0,0,0,0,0,0,0,28,112.4,0.34,2,2,1,1,0,0,,0,0,0,0,0,0,0,0.0,0.0
first_mover,first_mover_112,1593715542,sprint,4,fixed,5,1,0,1,1064.1,730.0,334.1,309.1,230.0,45,39,0,12,0,0,0,0,0,0,0,0,6,5,5,8,0,0,28,769.1,2.35,2,3,1,1,0,0,,0,0,0,0,0,0,0,0.0,0.0
first_mover,first_mover_113,1593725515,sprint,4,fixed,5,1,0,2,808.1,824.5,-16.5,133.1,149.5,45,45,0,0,0,0,0,0,0,0,0,0,0,0,0,0,0,0,28,282.6,0.86,2,2,1,1,0,0,,0,0,0,0,0,0,0,0.0,0.0
first_mover,first_mover_114,1593735488,sprint,4,fixed,5,1,0,1,959.5,750.0,209.5,309.5,0.0,45,45,1,0,0,0,0,0,0,0,0,0,0,0,0,0,0,0,28,459.5,1.40,2,2,1,1,0,0,,0,0,0,0,0,0,0,0.0,0.0
first_mover,first_mover_115,1593745461,sprint,4,fixed,5,1,0,1,1000.0,853.6,146.4,680.0,148.6,44,45,16,0,0,0,0,0,0,0,0,0,3,3,3,4,0,0,28,828.6,2.53,3,2,2,1,0,0,,0,0,0,0,0,0,0,0.0,0.0
first_mover,first_mover_116,1593755434,sprint,4,fixed,5,1,0,2,840.2,905.0,-64.8,115.2,390.0,45,38,0,11,0,0,1,0,0,0,0,0,5,5,5,9,0,0,28,745.2,2.28,2,3,1,1,0,0,,0,0,0,0,0,0,0,0.0,0.0
first_mover,first_mover_117,1593765407,sprint,4,fixed,5,1,0,2,-68.9,515.0,-583.9,141.1,310.0,48,48,42,28,0,0,0,0,0,0,0,0,3,2,1,16,1,0,28,841.1,2.57,3,3,1,1,0,0,,0,0,0,0,0,0,0,0.0,0.0
first_mover,first_mover_118,1593775380,sprint,4,fixed,5,1,0,2,743.9,851.7,-107.8,118.9,146.7,41,45,2,0,0,0,7,1,0,0,0,0,1,1,0,5,0,0,28,345.6,1.06,2,2,1,1,0,0,,0,0,0,0,0,0,0,0.0,0.0
first_mover,first_mover_119,1593785353,sprint,4,fixed,5,1,0,1,974.1,825.0,149.1,309.1,150.0,45,45,2,0,0,0,0,0,0,0,0,0,0,0,0,0,0,0,28,539.1,1.65,2,2,1,1,0,0,,0,0,0,0,0,0,0,0.0,0.0
first_mover,first_mover_120,1593795326,sprint,4,fixed,5,1,0,2,-595.5,-576.2,-19.3,0.0,0.0,45,45,55,55,0,0,0,0,0,0,0,0,2,1,0,26,1,0,28,296.7,0.91,2,2,1,1,0,0,,0,0,0,0,0,0,0,0.0,0.0
first_mover,first_mover_121,1593805299,sprint,4,fixed,5,1,0,2,824.5,959.5,-135.0,149.5,309.5,45,45,0,1,0,0,0,0,0,0,0,0,0,0,0,0,0,0,28,459.1,1.40,2,2,1,1,0,0,,0,0,0,0,0,0,0,0.0,0.0
first_mover,first_mover_122,1593815272,sprint,4,fixed,5,1,0,2,823.0,974.1,-151.1,118.0,309.1,45,45,0,2,0,0,0,0,0,0,0,0,1,0,0,0,0,0,28,507.1,1.55,2,2,1,1,0,0,,0,0,0,0,0,0,0,0.0,0.0
first_mover,first_mover_123,1593825245,sprint,4,fixed,5,1,0,1,871.7,830.0,41.7,146.7,230.0,45,44,0,11,0,0,1,0,0,0,0,0,5,5,5,9,0,0,28,606.7,1.85,2,3,1,1,0,0,,0,0,0,0,0,0,0,0.0,0.0
first_mover,first_mover_124,1593835218,sprint,4,fixed,5,1,0,2,791.6,823.6,-32.0,116.6,148.6,45,45,0,0,0,0,0,1,0,0,0,0,0,0,0,0,0,0,28,265.2,0.81,2,2,1,1,0,0,,0,0,0,0,0,0,0,0.0,0.0
first_mover,first_mover_125,1593845191,sprint,4,fixed,5,1,0,2,-493.3,640.0,-1133.3,146.7,460.0,33,39,49,23,0,0,0,0,0,0,0,0,4,3,2,14,1,0,28,846.7,2.59,2,3,1,1,0,0,,0,0,0,0,0,0,0,0.0,0.0
first_mover,first_mover_126,1593855164,sprint,4,fixed,5,1,0,1,824.5,791.6,32.9,149.5,116.6,45,45,0,0,0,0,0,0,0,0,0,0,0,0,0,0,0,0,28,266.1,0.81,2,2,1,1,0,0,,0,0,0,0,0,0,0,0.0,0.0
first_mover,first_mover_127,1593865137,sprint,4,fixed,5,1,0,2,685.0,874.1,-189.1,230.0,149.1,39,45,14,0,0,0,0,1,0,0,0,0,5,5,5,6,0,0,28,619.1,1.89,3,2,1,1,0,0,,0,0,0,0,0,0,0,0.0,0.0
first_mover,first_mover_128,1593875110,sprint,4,fixed,5,1,0,1,345.0,-683.5,1028.5,230.0,141.5,54,46,37,65,0,0,0,0,0,0,0,0,4,4,3,8,0,0,28,771.5,2.36,3,3,1,1,0,0,,0,0,0,0,0,0,0,0.0,0.0
first_mover,first_mover_129,1593885083,sprint,4,fixed,5,1,0,1,984.1,790.2,193.9,309.1,115.2,45,45,0,0,0,0,0,1,0,0,0,0,0,0,0,0,0,0,28,424.2,1.30,2,2,1,1,0,0,,0,0,0,0,0,0,0,0.0,0.0
first_mover,first_mover_130,1593895056,sprint,4,fixed,5,1,0,2,845.0,989.1,-144.1,390.0,309.1,39,45,13,3,0,0,0,0,0,0,0,0,6,6,5,8,0,0,28,849.1,2.59,3,2,1,1,0,0,,0,0,0,0,0,0,0,0.0,0.0
first_mover,first_mover_131,1593905029,sprint,4,fixed,5,1,0,2,565.0,735.0,-170.0,230.0,0.0,39,45,17,0,0,0,0,1,0,0,0,0,4,3,3,3,0,0,28,460.0,1.40,3,2,1,1,0,0,,0,0,0,0,0,0,0,0.0,0.0
first_mover,first_mover_132,1593915002,sprint,4,fixed,5,1,0,2,824.5,959.5,-135.0,149.5,309.5,45,45,0,1,0,0,0,0,0,0,0,0,0,0,0,0,0,0,28,459.1,1.40,2,2,1,1,0,0,,0,0,0,0,0,0,0,0.0,0.0
first_mover,first_mover_133,1593924975,sprint,4,fixed,5,1,0,2,861.6,940.0,-78.4,116.6,380.0,45,42,0,10,0,0,0,0,0,0,0,0,5,5,4,9,0,0,28,656.6,2.01,2,2,1,1,0,0,,0,0,0,0,0,0,0,0.0,0.0
first_mover,first_mover_134,1593934948,sprint,4,fixed,5,1,0,2,811.8,825.0,-13.2,136.8,150.0,45,45,0,0,0,0,0,0,0,0,0,0,0,0,0,0,0,0,28,286.8,0.88,2,2,1,1,0,0,,0,0,0,0,0,0,0,0.0,0.0
first_mover,first_mover_135,1593944921,sprint,4,fixed,5,1,0,1,841.6,835.0,6.6,116.6,310.0,45,39,0,11,0,0,0,0,0,0,0,0,5,5,5,9,0,0,28,656.6,2.01,2,3,1,1,0,0,,0,0,0,0,0,0,0,0.0,0.0
first_mover,first_mover_136,1593954894,sprint,4,fixed,5,1,0,2,655.0,705.0,-50.0,230.0,0.0,54,45,20,0,0,0,0,1,0,0,0,0,1,0,0,0,0,0,28,460.0,1.40,3,2,1,1,0,0,,0,0,0,0,0,0,0,0.0,0.0
first_mover,first_mover_137,1593964867,sprint,4,fixed,5,1,0,1,875.0,755.0,120.0,150.0,230.0,45,39,0,11,0,0,0,0,0,0,0,0,5,5,5,9,0,0,28,610.0,1.86,2,3,1,1,0,0,,0,0,0,0,0,0,0,0.0,0.0
first_mover,first_mover_138,1593974840,sprint,4,fixed,5,1,0,1,824.5,787.4,37.2,149.5,112.4,45,45,0,0,0,0,0,0,0,0,0,0,0,0,0,0,0,0,28,261.9,0.80,2,2,1,1,0,0,,0,0,0,0,0,0,0,0.0,0.0
first_mover,first_mover_139,1593984813,sprint,4,fixed,5,1,0,2,811.8,959.1,-147.2,136.8,309.1,45,45,0,1,0,0,0,0,0,0,0,0,0,0,0,0,0,0,28,445.9,1.36,2,2,1,1,0,0,,0,0,0,0,0,0,0,0.0,0.0
first_mover,first_mover_140,1593994786,sprint,4,fixed,5,1,0,1,-655.0,-3370.0,2715.0,150.0,0.0,32,45,55,172,0,0,0,0,0,0,0,0,9,9,9,9,1,0,28,300.0,0.92,3,2,1,1,0,0,,0,0,0,0,0,0,0,0.0,0.0
first_mover,first_mover_141,1594004759,sprint,4,fixed,5,1,0,2,824.5,825.0,-0.5,149.5,150.0,45,45,0,0,0,0,0,0,0,0,0,0,0,0,0,0,0,0,28,299.5,0.91,2,2,1,1,0,0,,0,0,0,0,0,0,0,0.0,0.0
first_mover,first_mover_142,1594014732,sprint,4,fixed,5,1,0,2,675.0,823.6,-148.6,0.0,148.6,45,45,0,0,0,0,0,0,0,0,0,0,0,0,0,0,0,0,28,148.6,0.45,2,2,1,1,0,0,,0,0,0,0,0,0,0,0.0,0.0
first_mover,first_mover_143,1594024705,sprint,4,fixed,5,1,0,2,805.0,853.0,-48.0,310.0,118.0,48,45,16,0,0,0,0,0,0,0,0,0,4,3,3,4,0,0,28,658.0,2.01,3,2,1,1,0,0,,0,0,0,0,0,0,0,0.0,0.0
first_mover,first_mover_144,1594034678,sprint,4,fixed,5,1,0,2,675.0,959.5,-284.5,0.0,309.5,45,45,0,1,0,0,0,0,0,0,0,0,0,0,0,0,0,0,28,309.5,0.95,2,2,1,1,0,0,,0,0,0,0,0,0,0,0.0,0.0
first_mover,first_mover_145,1594044651,sprint,4,fixed,5,1,0,2,730.0,834.5,-104.5,230.0,309.5,39,45,12,8,0,0,0,0,0,0,0,0,5,5,5,9,0,0,28,769.5,2.35,3,2,1,1,0,0,,0,0,0,0,0,0,0,0.0,0.0
first_mover,first_mover_146,1594054624,sprint,4,fixed,5,1,0,2,-595.0,-575.0,-20.0,0.0,0.0,45,45,55,55,0,0,0,0,0,0,0,0,2,1,0,26,1,0,28,300.0,0.92,2,2,1,1,0,0,,0,0,0,0,0,0,0,0.0,0.0
first_mover,first_mover_147,1594064597,sprint,4,fixed,5,1,0,2,812.8,959.1,-146.3,137.8,309.1,45,45,0,1,0,0,1,0,0,0,0,0,0,0,0,0,0,0,28,446.8,1.36,2,2,1,1,0,0,,0,0,0,0,0,0,0,0.0,0.0
first_mover,first_mover_148,1594074570,sprint,4,fixed,5,1,0,1,395.0,-493.5,888.5,310.0,141.5,39,33,25,48,0,0,0,0,0,0,0,0,2,2,1,12,0,0,28,681.5,2.08,3,2,1,1,0,0,,0,0,0,0,0,0,0,0.0,0.0
first_mover,first_mover_149,1594084543,sprint,4,fixed,5,1,0,2,795.6,984.1,-188.5,140.6,309.1,46,45,7,2,0,0,0,0,0,0,0,0,3,3,2,9,0,0,28,609.6,1.86,3,2,1,1,0,0,,0,0,0,0,0,0,0,0.0,0.0
first_mover,first_mover_150,1594094516,sprint,4,fixed,5,1,0,2,-840.4,605.0,-1445.4,139.6,230.0,33,54,63,29,0,0,0,0,0,0,0,0,7,4,3,12,0,0,28,689.6,2.11,2,3,1,1,0,0,,0,0,0,0,0,0,0,0.0,0.0
first_mover,first_mover_151,1594104489,sprint,4,fixed,5,1,0,2,681.7,1054.5,-372.8,146.7,309.5,35,45,2,0,0,0,0,0,0,0,0,0,1,1,0,12,0,0,28,616.2,1.88,2,2,1,1,0,0,,0,0,0,0,0,0,0,0.0,0.0
first_mover,first_mover_152,1594114462,sprint,4,fixed,5,1,0,2,790.2,793.0,-2.8,115.2,118.0,45,45,0,0,0,0,1,0,0,0,0,0,0,0,0,0,0,0,28,233.2,0.71,2,2,1,1,0,0,,0,0,0,0,0,0,0,0.0,0.0
first_mover,first_mover_153,1594124435,sprint,4,fixed,5,1,0,2,780.0,800.0,-20.0,0.0,0.0,45,45,0,0,0,0,0,0,0,0,0,0,2,1,0,26,1,0,28,300.0,0.92,2,2,1,1,0,0,,0,0,0,0,0,0,0,0.0,0.0
first_mover,first_mover_154,1594134408,sprint,4,fixed,5,1,0,2,372.2,390.0,-17.8,227.2,310.0,45,42,24,26,0,0,0,0,0,0,0,0,1,1,0,18,0,0,28,777.2,2.37,2,2,1,1,0,0,,0,0,0,0,0,0,0,0.0,0.0
first_mover,first_mover_155,1594144381,sprint,4,fixed,5,1,0,2,750.0,850.2,-100.2,230.0,115.2,54,45,17,0,0,0,0,1,0,0,0,0,4,3,3,3,0,0,28,495.2,1.51,3,2,1,1,0,0,,0,0,0,0,0,0,0,0.0,0.0
first_mover,first_mover_156,1594154354,sprint,4,fixed,5,1,0,1,824.5,790.2,34.4,149.5,115.2,45,45,0,0,0,0,0,1,0,0,0,0,0,0,0,0,0,0,28,264.7,0.81,2,2,1,1,0,0,,0,0,0,0,0,0,0,0.0,0.0
first_mover,first_mover_157,1594164327,sprint,4,fixed,5,1,0,2,551.7,705.0,-153.3,146.7,0.0,33,45,6,0,0,0,0,0,0,0,0,0,1,1,0,9,0,0,28,226.7,0.69,2,2,1,1,0,0,,0,0,0,0,0,0,0,0.0,0.0
first_mover,first_mover_158,1594174300,sprint,4,fixed,5,1,0,1,915.0,855.0,60.0,380.0,150.0,50,45,14,0,0,0,0,0,0,0,0,0,3,3,3,5,0,0,28,680.0,2.08,3,2,1,1,0,0,,0,0,0,0,0,0,0,0.0,0.0
first_mover,first_mover_159,1594184273,sprint,4,fixed,5,1,0,0,-625.0,-625.0,0.0,0.0,0.0,45,45,55,55,0,0,0,0,0,0,0,0,0,0,0,0,1,0,28,300.0,0.92,2,2,1,1,0,0,,0,0,0,0,0,0,0,0.0,0.0
first_mover,first_mover_160,1594194246,sprint,4,fixed,5,1,0,2,821.7,959.1,-137.4,146.7,309.1,45,45,0,1,0,0,1,0,0,0,0,0,0,0,0,0,0,0,28,455.8,1.39,2,2,1,1,0,0,,0,0,0,0,0,0,0,0.0,0.0
first_mover,first_mover_161,1594204219,sprint,4,fixed,5,1,0,2,793.0,959.5,-166.5,118.0,309.5,45,45,0,1,0,0,0,0,0,0,0,0,0,0,0,0,0,0,28,427.5,1.31,2,2,1,1,0,0,,0,0,0,0,0,0,0,0.0,0.0
first_mover,first_mover_162,1594214192,sprint,4,fixed,5,1,0,2,700.0,860.2,-160.2,310.0,115.2,39,45,15,0,0,0,0,1,0,0,0,0,5,5,4,5,0,0,28,585.2,1.79,3,2,1,1,0,0,,0,0,0,0,0,0,0,0.0,0.0
first_mover,first_mover_163,1594224165,sprint,4,fixed,5,1,0,1,809.5,787.4,22.1,134.5,112.4,45,45,0,0,0,0,0,0,0,0,0,0,0,0,0,0,0,0,28,246.8,0.75,2,2,1,1,0,0,,0,0,0,0,0,0,0,0.0,0.0
first_mover,first_mover_164,1594234138,sprint,4,fixed,5,1,0,2,644.6,854.5,-209.9,139.6,149.5,33,45,2,0,0,0,0,0,0,0,0,0,1,1,0,13,0,0,28,369.2,1.13,2,2,1,1,0,0,,0,0,0,0,0,0,0,0.0,0.0
first_mover,first_mover_165,1594244111,sprint,4,fixed,5,1,0,1,873.6,760.0,113.6,148.6,230.0,45,39,0,11,0,0,1,0,0,0,0,0,5,5,5,9,0,0,28,618.6,1.89,2,3,1,1,0,0,,0,0,0,0,0,0,0,0.0,0.0
first_mover,first_mover_166,1594254084,sprint,4,fixed,5,1,0,2,823.6,959.5,-135.9,148.6,309.5,45,45,0,1,0,0,0,0,0,0,0,0,0,0,0,0,0,0,28,458.1,1.40,2,2,1,1,0,0,,0,0,0,0,0,0,0,0.0,0.0
first_mover,first_mover_167,1594264057,sprint,4,fixed,5,1,0,2,780.0,800.0,-20.0,0.0,0.0,45,45,0,0,0,0,0,0,0,0,0,0,2,1,0,26,1,0,28,300.0,0.92,2,2,1,1,0,0,,0,0,0,0,0,0,0,0.0,0.0
first_mover,first_mover_168,1594274030,sprint,4,fixed,5,1,0,2,-2035.5,-2015.9,-19.5,229.5,229.1,32,32,111,111,0,0,0,0,0,0,0,0,2,1,0,26,3,0,28,458.6,1.40,3,3,1,1,0,0,,0,0,0,0,0,0,0,0.0,0.0
first_mover,first_mover_169,1594284003,sprint,4,fixed,5,1,0,1,855.0,646.5,208.5,150.0,141.5,45,33,0,2,0,0,0,0,0,0,0,0,1,1,0,13,0,0,28,371.5,1.13,2,2,1,1,0,0,,0,0,0,0,0,0,0,0.0,0.0
first_mover,first_mover_170,1594293976,sprint,4,fixed,5,1,0,2,626.1,1004.1,-378.0,141.1,309.1,35,45,4,2,0,0,0,0,0,0,0,0,1,1,0,12,0,0,28,610.1,1.86,2,2,1,1,0,0,,0,0,0,0,0,0,0,0.0,0.0
first_mover,first_mover_171,1594303949,sprint,4,fixed,5,1,0,2,565.0,725.0,-160.0,310.0,0.0,39,45,18,0,0,0,0,1,0,0,0,0,3,2,2,2,0,0,28,470.0,1.44,3,2,1,1,0,0,,0,0,0,0,0,0,0,0.0,0.0
first_mover,first_mover_172,1594313922,sprint,4,fixed,5,1,0,2,901.7,955.0,-53.3,146.7,230.0,45,54,0,12,0,0,1,0,0,0,0,0,6,5,5,8,0,0,28,606.7,1.85,2,3,1,1,0,0,,0,0,0,0,0,0,0,0.0,0.0
first_mover,first_mover_173,1594323895,sprint,4,fixed,5,1,0,1,863.9,681.2,182.7,118.9,146.2,46,33,2,2,0,0,6,0,0,0,0,0,2,1,0,13,1,0,28,495.2,1.51,3,2,1,1,0,0,,0,0,0,0,0,0,0,0.0,0.0
first_mover,first_mover_174,1594333868,sprint,4,fixed,5,1,0,1,820.2,651.7,168.5,115.2,146.7,45,33,0,2,0,0,1,0,0,0,0,0,1,1,0,13,0,0,28,341.9,1.04,2,2,1,1,0,0,,0,0,0,0,0,0,0,0.0,0.0
first_mover,first_mover_175,1594343841,sprint,4,fixed,5,1,0,2,760.0,1074.5,-314.5,230.0,309.5,39,45,11,0,0,0,0,0,0,0,0,0,5,5,5,9,0,0,28,859.5,2.63,3,2,1,1,0,0,,0,0,0,0,0,0,0,0.0,0.0
first_mover,first_mover_176,1594353814,sprint,4,fixed,5,1,0,2,681.7,838.1,-156.4,146.7,133.1,35,45,2,0,0,0,0,0,0,0,0,0,1,1,0,12,0,0,28,359.8,1.10,2,2,1,1,0,0,,0,0,0,0,0,0,0,0.0,0.0
first_mover,first_mover_177,1594363787,sprint,4,fixed,5,1,0,2,825.0,837.7,-12.7,530.0,114.7,44,45,17,0,0,0,0,1,0,1,0,0,3,3,2,3,0,0,28,644.7,1.97,3,2,2,1,0,0,,0,1,0,0,0,0,1,0.0,0.0
first_mover,first_mover_178,1594373760,sprint,4,fixed,5,1,0,2,-598.5,-575.5,-23.1,0.0,0.0,45,45,55,55,0,0,0,0,0,0,0,0,2,1,0,26,1,0,28,292.0,0.89,2,2,1,1,0,0,,0,0,0,0,0,0,0,0.0,0.0
first_mover,first_mover_179,1594383733,sprint,4,fixed,5,1,0,2,780.0,800.0,-20.0,0.0,0.0,45,45,0,0,0,0,0,0,0,0,0,0,2,1,0,26,1,0,28,300.0,0.92,2,2,1,1,0,0,,0,0,0,0,0,0,0,0.0,0.0
first_mover,first_mover_180,1594393706,sprint,4,fixed,5,1,0,1,959.1,808.1,151.0,309.1,133.1,45,45,1,0,0,0,0,0,0,0,0,0,0,0,0,0,0,0,28,442.1,1.35,2,2,1,1,0,0,,0,0,0,0,0,0,0,0.0,0.0
first_mover,first_mover_181,1594403679,sprint,4,fixed,5,1,0,2,-596.2,-578.5,-17.6,0.0,0.0,45,45,55,55,0,0,0,0,0,0,0,0,2,1,0,26,1,0,28,290.6,0.89,2,2,1,1,0,0,,0,0,0,0,0,0,0,0.0,0.0
first_mover,first_mover_182,1594413652,sprint,4,fixed,5,1,0,2,823.6,959.5,-135.9,148.6,309.5,45,45,0,1,0,0,0,0,0,0,0,0,0,0,0,0,0,0,28,458.1,1.40,2,2,1,1,0,0,,0,0,0,0,0,0,0,0.0,0.0
first_mover,first_mover_183,1594423625,sprint,4,fixed,5,1,0,1,704.1,655.0,49.1,309.1,230.0,45,39,16,15,0,0,0,0,0,0,0,0,6,5,5,8,0,0,28,849.1,2.59,2,3,1,1,0,0,,0,0,0,0,0,0,0,0.0,0.0
first_mover,first_mover_184,1594433598,sprint,4,fixed,5,1,0,1,885.0,813.9,71.1,610.0,118.9,44,45,17,0,0,0,0,0,0,0,0,0,2,2,2,3,0,0,28,728.9,2.23,3,2,2,1,0,0,,0,0,0,0,0,0,0,0.0,0.0
first_mover,first_mover_185,1594443571,sprint,4,fixed,5,1,0,1,824.1,790.2,33.9,149.1,115.2,45,45,0,0,0,0,0,1,0,0,0,0,0,0,0,0,0,0,28,264.2,0.81,2,2,1,1,0,0,,0,0,0,0,0,0,0,0.0,0.0
first_mover,first_mover_186,1594453544,sprint,4,fixed,5,1,0,1,1109.1,750.0,359.1,459.1,0.0,45,45,1,0,0,0,0,0,0,0,0,0,0,0,0,0,0,0,28,609.1,1.86,2,2,1,1,0,0,,0,0,0,0,0,0,0,0.0,0.0
first_mover,first_mover_187,1594463517,sprint,4,fixed,5,1,0,1,984.5,808.1,176.5,309.5,133.1,45,45,0,0,0,0,0,0,0,0,0,0,0,0,0,0,0,0,28,442.6,1.35,2,2,1,1,0,0,,0,0,0,0,0,0,0,0.0,0.0
first_mover,first_mover_188,1594473490,sprint,4,fixed,5,1,0,2,-595.5,-575.2,-20.2,0.0,0.0,45,45,55,55,0,0,0,0,0,0,0,0,2,1,0,26,1,0,28,298.6,0.91,2,2,1,1,0,0,,0,0,0,0,0,0,0,0.0,0.0
first_mover,first_mover_189,1594483463,sprint,4,fixed,5,1,0,2,780.0,800.0,-20.0,0.0,0.0,45,45,0,0,0,0,0,0,0,0,0,0,2,1,0,26,1,0,28,300.0,0.92,2,2,1,1,0,0,,0,0,0,0,0,0,0,0.0,0.0
first_mover,first_mover_190,1594493436,sprint,4,fixed,5,1,0,1,825.0,819.0,6.0,380.0,134.0,50,45,13,0,0,0,0,0,0,0,0,0,1,1,1,6,0,0,28,514.0,1.57,3,2,2,1,0,0,,0,0,0,0,0,0,0,0.0,0.0
first_mover,first_mover_191,1594503409,sprint,4,fixed,5,1,0,2,680.0,751.7,-71.7,310.0,146.7,39,33,15,0,0,0,0,0,0,0,0,0,5,4,4,5,0,0,28,696.7,2.13,3,2,1,1,0,0,,0,0,0,0,0,0,0,0.0,0.0
first_mover,first_mover_192,1594513382,sprint,4,fixed,5,1,0,1,1013.6,705.0,308.6,458.6,230.0,45,39,8,13,0,0,0,0,0,0,0,0,6,5,5,8,0,0,28,918.6,2.81,2,3,1,1,0,0,,0,0,0,0,0,0,0,0.0,0.0
first_mover,first_mover_193,1594523355,sprint,4,fixed,5,1,0,2,875.0,1025.0,-150.0,150.0,540.0,45,39,0,11,0,0,0,0,0,0,0,0,5,5,5,9,0,0,28,840.0,2.57,2,3,1,1,0,0,,0,0,0,0,0,0,0,0.0,0.0
first_mover,first_mover_194,1594533328,sprint,4,fixed,5,1,0,2,610.0,828.8,-218.8,230.0,113.8,39,45,16,0,0,0,0,0,0,0,0,0,4,4,4,4,0,0,28,573.8,1.75,3,2,1,1,0,0,,0,0,0,0,0,0,0,0.0,0.0
first_mover,first_mover_195,1594543301,sprint,4,fixed,5,1,0,1,1054.1,940.0,114.1,309.1,380.0,45,42,0,10,0,0,0,0,0,0,0,0,5,5,4,9,0,0,28,849.1,2.59,2,2,1,1,0,0,,0,0,0,0,0,0,0,0.0,0.0
first_mover,first_mover_196,1594553274,sprint,4,fixed,5,1,0,1,1163.6,637.1,526.5,458.6,132.1,45,33,0,2,0,0,0,1,0,0,0,0,1,1,0,13,0,0,28,670.7,2.05,2,2,1,1,0,0,,0,0,0,0,0,0,0,0.0,0.0
first_mover,first_mover_197,1594563247,sprint,4,fixed,5,1,0,2,823.6,1133.6,-310.0,148.6,458.6,45,45,0,0,0,0,1,0,0,0,0,0,0,0,0,0,0,0,28,607.2,1.85,2,2,1,1,0,0,,0,0,0,0,0,0,0,0.0,0.0
first_mover,first_mover_198,1594573220,sprint,4,fixed,5,1,0,1,349.5,120.0,229.5,229.5,230.0,45,31,25,27,0,0,0,0,0,0,0,0,1,1,0,18,0,0,28,699.5,2.14,2,2,1,1,0,0,,0,0,0,0,0,0,0,0.0,0.0
first_mover,first_mover_199,1594583193,sprint,4,fixed,5,1,0,1,959.5,824.5,135.0,309.5,149.5,45,45,1,0,0,0,0,0,0,0,0,0,0,0,0,0,0,0,28,459.1,1.40,2,2,1,1,0,0,,0,0,0,0,0,0,0,0.0,0.0
first_mover,first_mover_200,1594593166,sprint,4,fixed,5,1,0,2,675.0,1024.1,-349.1,0.0,309.1,45,45,0,0,0,0,0,0,0,0,0,0,0,0,0,0,0,0,28,389.1,1.19,2,2,1,1,0,0,,0,0,0,0,0,0,0,0.0,0.0
first_mover,first_mover_201,1594603139,sprint,4,fixed,5,1,0,2,-595.0,-575.0,-20.0,0.0,0.0,45,45,55,55,0,0,0,0,0,0,0,0,2,1,0,26,1,0,28,300.0,0.92,2,2,1,1,0,0,,0,0,0,0,0,0,0,0.0,0.0
first_mover,first_mover_202,1594613112,sprint,4,fixed,5,1,0,2,974.5,984.1,-9.5,299.5,309.1,45,45,0,0,0,0,0,0,0,0,0,0,0,0,0,0,0,0,28,608.6,1.86,2,2,1,1,0,0,,0,0,0,0,0,0,0,0.0,0.0
first_mover,first_mover_203,1594623085,sprint,4,fixed,5,1,0,2,829.2,873.0,-43.8,139.2,150.0,48,45,6,0,0,0,0,0,0,1,0,0,3,2,2,8,0,0,28,449.2,1.37,3,2,1,1,0,0,,0,1,0,0,0,0,1,0.0,0.0
first_mover,first_mover_204,1594633058,sprint,4,fixed,5,1,0,2,787.4,823.1,-35.8,112.4,148.1,45,45,0,0,0,0,0,0,0,0,0,0,0,0,0,0,0,0,28,260.5,0.80,2,2,1,1,0,0,,0,0,0,0,0,0,0,0.0,0.0
first_mover,first_mover_205,1594643031,sprint,4,fixed,5,1,0,2,808.1,823.0,-14.9,133.1,150.0,45,45,0,0,0,0,0,0,0,1,0,0,0,0,0,0,0,0,28,283.1,0.86,2,2,1,1,0,0,,0,1,0,0,0,0,1,0.0,0.0
first_mover,first_mover_206,1594653004,sprint,4,fixed,5,1,0,2,725.0,875.0,-150.0,310.0,150.0,39,45,14,0,0,0,0,0,0,0,0,0,5,5,5,6,0,0,28,620.0,1.89,3,2,1,1,0,0,,0,0,0,0,0,0,0,0.0,0.0
first_mover,first_mover_207,1594662977,sprint,4,fixed,5,1,0,2,825.0,959.1,-134.1,150.0,309.1,45,45,0,1,0,0,0,0,0,0,0,0,0,0,0,0,0,0,28,459.1,1.40,2,2,1,1,0,0,,0,0,0,0,0,0,0,0.0,0.0
first_mover,first_mover_208,1594672950,sprint,4,fixed,5,1,0,1,854.5,646.5,208.0,149.5,141.5,45,33,0,2,0,0,0,0,0,0,0,0,1,1,0,13,0,0,28,371.1,1.13,2,2,1,1,0,0,,0,0,0,0,0,0,0,0.0,0.0
first_mover,first_mover_209,1594682923,sprint,4,fixed,5,1,0,2,120.0,349.5,-229.5,230.0,229.5,31,45,27,25,0,0,0,0,0,0,0,0,1,1,0,18,0,0,28,699.5,2.14,2,2,1,1,0,0,,0,0,0,0,0,0,0,0.0,0.0
first_mover,first_mover_210,1594692896,sprint,4,fixed,5,1,0,2,821.7,959.1,-137.4,146.7,309.1,45,45,0,1,0,0,1,0,0,0,0,0,0,0,0,0,0,0,28,455.8,1.39,2,2,1,1,0,0,,0,0,0,0,0,0,0,0.0,0.0
first_mover,first_mover_211,1594702869,sprint,4,fixed,5,1,0,2,-1630.0,-655.0,-975.0,0.0,150.0,45,32,100,55,0,0,0,0,0,0,0,0,7,6,6,6,1,0,28,300.0,0.92,2,3,1,1,0,0,,0,0,0,0,0,0,0,0.0,0.0
first_mover,first_mover_212,1594712842,sprint,4,fixed,5,1,0,1,859.5,770.0,89.5,309.5,310.0,45,39,7,12,0,0,0,0,0,0,0,0,5,5,5,9,0,0,28,769.5,2.35,2,3,1,1,0,0,,0,0,0,0,0,0,0,0.0,0.0
first_mover,first_mover_213,1594722815,sprint,4,fixed,5,1,0,1,823.6,823.0,0.6,148.6,150.0,45,45,0,0,0,0,1,0,0,1,0,0,0,0,0,0,0,0,28,298.6,0.91,2,2,1,1,0,0,,0,1,0,0,0,0,1,0.0,0.0
first_mover,first_mover_214,1594732788,sprint,4,fixed,5,1,0,2,-83.3,590.0,-673.3,146.7,310.0,35,39,33,16,0,0,0,0,0,0,0,0,1,1,0,18,0,0,28,686.7,2.10,2,3,1,1,0,0,,0,0,0,0,0,0,0,0.0,0.0
first_mover,first_mover_215,1594742761,sprint,4,fixed,5,1,0,1,989.5,621.5,368.0,309.5,141.5,45,33,1,3,0,0,0,0,0,0,0,0,1,1,0,13,0,0,28,531.1,1.62,2,2,1,1,0,0,,0,0,0,0,0,0,0,0.0,0.0
first_mover,first_mover_216,1594752734,sprint,4,fixed,5,1,0,1,843.9,755.0,88.9,118.9,230.0,45,39,0,11,0,0,0,0,0,0,0,0,5,5,5,9,0,0,28,578.9,1.77,2,3,1,1,0,0,,0,0,0,0,0,0,0,0.0,0.0
first_mover,first_mover_217,1594762707,sprint,4,fixed,5,1,0,2,-596.2,-580.2,-16.0,0.0,0.0,45,45,55,55,0,0,0,0,0,0,0,0,2,1,0,26,1,0,28,287.3,0.88,2,2,1,1,0,0,,0,0,0,0,0,0,0,0.0,0.0
first_mover,first_mover_218,1594772680,sprint,4,fixed,5,1,0,1,823.6,793.9,29.6,148.6,118.9,45,45,0,0,0,0,2,0,0,0,0,0,0,0,0,0,0,0,28,267.5,0.82,2,2,1,1,0,0,,0,0,0,0,0,0,0,0.0,0.0
first_mover,first_mover_219,1594782653,sprint,4,fixed,5,1,0,2,809.0,973.1,-164.1,134.0,298.1,45,45,0,0,0,0,0,1,0,0,0,0,0,0,0,0,0,0,28,432.1,1.32,2,2,1,1,0,0,,0,0,0,0,0,0,0,0.0,0.0
first_mover,first_mover_220,1594792626,sprint,4,fixed,5,1,0,1,855.0,655.0,200.0,150.0,150.0,45,33,0,2,0,0,0,0,0,0,0,0,1,1,0,13,0,0,28,380.0,1.16,2,2,1,1,0,0,,0,0,0,0,0,0,0,0.0,0.0
first_mover,first_mover_221,1594802599,sprint,4,fixed,5,1,0,2,787.4,833.9,-46.6,112.4,118.9,45,45,0,0,0,0,0,0,0,0,0,0,0,0,0,0,0,0,28,311.3,0.95,2,2,1,1,0,0,,0,0,0,0,0,0,0,0.0,0.0
first_mover,first_mover_222,1594812572,sprint,4,fixed,5,1,0,2,651.2,823.0,-171.8,146.2,118.0,33,45,2,0,0,0,0,0,0,0,0,0,1,1,0,13,0,0,28,344.2,1.05,2,2,1,1,0,0,,0,0,0,0,0,0,0,0.0,0.0
first_mover,first_mover_223,1594822545,sprint,4,fixed,5,1,0,1,974.1,821.7,152.4,309.1,146.7,45,45,2,0,0,0,0,1,0,0,0,0,0,0,0,0,0,0,28,535.8,1.64,2,2,1,1,0,0,,0,0,0,0,0,0,0,0.0,0.0
first_mover,first_mover_224,1594832518,sprint,4,fixed,5,1,0,2,644.6,853.0,-208.4,139.6,150.0,33,45,2,0,0,0,0,0,0,1,0,0,1,1,0,13,0,0,28,369.6,1.13,2,2,1,1,0,0,,0,1,0,0,0,0,1,0.0,0.0
first_mover,first_mover_225,1594842491,sprint,4,fixed,5,1,0,1,853.6,651.2,202.4,148.6,146.2,45,33,0,2,0,0,1,0,0,0,0,0,1,1,0,13,0,0,28,374.8,1.14,2,2,1,1,0,0,,0,0,0,0,0,0,0,0.0,0.0
first_mover,first_mover_226,1594852464,sprint,4,fixed,5,1,0,2,-595.0,-575.0,-20.0,0.0,0.0,45,45,55,55,0,0,0,0,0,0,0,0,2,1,0,26,1,0,28,300.0,0.92,2,2,1,1,0,0,,0,0,0,0,0,0,0,0.0,0.0
first_mover,first_mover_227,1594862437,sprint,4,fixed,5,1,0,1,793.0,790.2,2.8,118.0,115.2,45,45,0,0,0,0,0,1,0,0,0,0,0,0,0,0,0,0,28,233.2,0.71,2,2,1,1,0,0,,0,0,0,0,0,0,0,0.0,0.0
first_mover,first_mover_228,1594872410,sprint,4,fixed,5,1,0,2,626.7,989.5,-362.8,146.7,309.5,33,45,3,1,0,0,0,0,0,0,0,0,1,1,0,13,0,0,28,536.2,1.64,2,2,1,1,0,0,,0,0,0,0,0,0,0,0.0,0.0
first_mover,first_mover_229,1594882383,sprint,4,fixed,5,1,0,2,-1945.0,-1925.0,-20.0,230.0,230.0,32,32,109,109,0,0,0,0,0,0,0,0,2,1,0,26,4,0,28,620.0,1.89,3,3,1,1,0,0,,0,0,0,0,0,0,0,0.0,0.0
first_mover,first_mover_230,1594892356,sprint,4,fixed,5,1,0,2,790.2,1134.1,-343.9,115.2,459.1,45,45,0,0,0,0,1,0,0,0,0,0,0,0,0,0,0,0,28,574.2,1.75,2,2,1,1,0,0,,0,0,0,0,0,0,0,0.0,0.0
first_mover,first_mover_231,1594902329,sprint,4,fixed,5,1,0,2,862.8,975.0,-112.2,137.8,310.0,45,48,0,11,0,0,0,0,0,0,0,0,5,5,5,9,0,0,28,687.8,2.10,2,3,1,1,0,0,,0,0,0,0,0,0,0,0.0,0.0
first_mover,first_mover_232,1594912302,sprint,4,fixed,5,1,0,2,646.5,854.5,-208.0,141.5,149.5,33,45,2,0,0,0,0,0,0,0,0,0,1,1,0,13,0,0,28,371.1,1.13,2,2,1,1,0,0,,0,0,0,0,0,0,0,0.0,0.0
first_mover,first_mover_233,1594922275,sprint,4,fixed,5,1,0,2,681.7,854.5,-172.8,146.7,149.5,35,45,2,0,0,0,0,0,0,0,0,0,1,1,0,12,0,0,28,376.2,1.15,2,2,1,1,0,0,,0,0,0,0,0,0,0,0.0,0.0
first_mover,first_mover_234,1594932248,sprint,4,fixed,5,1,0,2,830.6,1024.1,-193.5,140.6,309.1,46,45,4,0,0,0,0,0,0,0,0,0,2,1,1,11,0,0,28,609.6,1.86,3,2,1,1,0,0,,0,0,0,0,0,0,0,0.0,0.0
first_mover,first_mover_235,1594942221,sprint,4,fixed,5,1,0,1,984.1,790.2,193.9,309.1,115.2,45,45,0,0,0,0,0,1,0,0,0,0,0,0,0,0,0,0,28,424.2,1.30,2,2,1,1,0,0,,0,0,0,0,0,0,0,0.0,0.0
first_mover,first_mover_236,1594952194,sprint,4,fixed,5,1,0,1,245.0,-1038.8,1283.8,230.0,146.2,39,33,32,70,0,0,0,0,0,0,0,0,4,4,3,9,0,0,28,696.2,2.13,3,2,1,1,0,0,,0,0,0,0,0,0,0,0.0,0.0
first_mover,first_mover_237,1594962167,sprint,4,fixed,5,1,0,2,834.5,1070.0,-235.5,309.5,610.0,45,44,8,12,0,0,0,0,0,0,0,0,5,5,5,9,0,0,28,919.5,2.81,2,3,1,2,0,0,,0,0,0,0,0,0,0,0.0,0.0
first_mover,first_mover_238,1594972140,sprint,4,fixed,5,1,0,1,1024.1,675.0,349.1,309.1,0.0,45,45,0,0,0,0,0,1,0,0,0,0,0,0,0,0,0,0,28,389.1,1.19,2,2,1,1,0,0,,0,0,0,0,0,0,0,0.0,0.0
first_mover,first_mover_239,1594982113,sprint,4,fixed,5,1,0,1,1211.2,875.0,336.2,456.2,380.0,45,41,0,12,0,0,0,0,0,0,0,0,6,5,5,8,0,0,28,996.2,3.04,2,3,1,1,0,0,,0,0,0,0,0,0,0,0.0,0.0
first_mover,first_mover_240,1594992086,sprint,4,fixed,5,1,0,1,959.1,821.7,137.4,309.1,146.7,45,45,1,0,0,0,0,2,0,0,0,0,0,0,0,0,0,0,28,455.8,1.39,2,2,1,1,0,0,,0,0,0,0,0,0,0,0.0,0.0
first_mover,first_mover_241,1595002059,sprint,4,fixed,5,1,0,2,791.6,959.1,-167.5,116.6,309.1,45,45,0,1,0,0,0,0,0,0,0,0,0,0,0,0,0,0,28,425.6,1.30,2,2,1,1,0,0,,0,0,0,0,0,0,0,0.0,0.0
first_mover,first_mover_242,1595012032,sprint,4,fixed,5,1,0,2,832.0,1064.5,-232.5,142.0,309.5,46,45,4,0,0,0,0,0,0,0,0,0,2,1,1,11,0,0,28,691.5,2.11,3,2,1,1,0,0,,0,0,0,0,0,0,0,0.0,0.0
first_mover,first_mover_243,1595022005,sprint,4,fixed,5,1,0,2,-596.2,-575.5,-20.7,0.0,0.0,45,45,55,55,0,0,0,0,0,0,0,0,2,1,0,26,1,0,28,296.7,0.91,2,2,1,1,0,0,,0,0,0,0,0,0,0,0.0,0.0
first_mover,first_mover_244,1595031978,sprint,4,fixed,5,1,0,1,905.0,735.0,170.0,150.0,230.0,45,39,0,12,0,0,0,0,0,0,0,0,6,5,5,8,0,0,28,620.0,1.89,2,3,1,1,0,0,,0,0,0,0,0,0,0,0.0,0.0
first_mover,first_mover_245,1595041951,sprint,4,fixed,5,1,0,1,817.4,681.7,135.6,112.4,146.7,45,35,0,2,0,0,0,0,0,0,0,0,1,1,0,12,0,0,28,339.1,1.04,2,2,1,1,0,0,,0,0,0,0,0,0,0,0.0,0.0
first_mover,first_mover_246,1595051924,sprint,4,fixed,5,1,0,1,959.5,791.6,167.9,309.5,116.6,45,45,1,0,0,0,0,0,0,0,0,0,0,0,0,0,0,0,28,426.1,1.30,2,2,1,1,0,0,,0,0,0,0,0,0,0,0.0,0.0
first_mover,first_mover_247,1595061897,sprint,4,fixed,5,1,0,2,675.0,959.1,-284.1,0.0,309.1,45,45,0,1,0,0,0,0,0,0,0,0,0,0,0,0,0,0,28,309.1,0.94,2,2,1,1,0,0,,0,0,0,0,0,0,0,0.0,0.0
first_mover,first_mover_248,1595071870,sprint,4,fixed,5,1,0,2,675.0,793.0,-118.0,0.0,118.0,45,45,0,0,0,0,0,0,0,0,0,0,0,0,0,0,0,0,28,118.0,0.36,2,2,1,1,0,0,,0,0,0,0,0,0,0,0.0,0.0
first_mover,first_mover_249,1595081843,sprint,4,fixed,5,1,0,1,225.0,86.1,138.9,230.0,141.1,39,50,30,37,0,0,0,7,0,0,0,0,2,2,1,11,0,0,28,771.1,2.35,3,3,1,1,0,0,,0,0,0,0,0,0,0,0.0,0.0
first_mover,first_mover_250,1595091816,sprint,4,fixed,5,1,0,2,823.6,959.5,-135.9,148.6,309.5,45,45,0,1,0,0,2,0,0,0,0,0,0,0,0,0,0,0,28,458.1,1.40,2,2,1,1,0,0,,0,0,0,0,0,0,0,0.0,0.0
first_mover,first_mover_251,1595101789,sprint,4,fixed,5,1,0,2,825.0,941.6,-116.6,150.0,266.6,45,45,0,0,0,0,0,0,0,0,0,0,0,0,0,0,0,0,28,416.6,1.27,2,2,1,1,0,0,,0,0,0,0,0,0,0,0.0,0.0
first_mover,first_mover_252,1595111762,sprint,4,fixed,5,1,0,1,825.0,823.6,1.4,150.0,148.6,45,45,0,0,0,0,0,2,0,0,0,0,0,0,0,0,0,0,28,298.6,0.91,2,2,1,1,0,0,,0,0,0,0,0,0,0,0.0,0.0
first_mover,first_mover_253,1595121735,sprint,4,fixed,5,1,0,2,790.2,959.5,-169.4,115.2,309.5,45,45,0,1,0,0,1,0,0,0,0,0,0,0,0,0,0,0,28,424.7,1.30,2,2,1,1,0,0,,0,0,0,0,0,0,0,0.0,0.0
first_mover,first_mover_254,1595131708,sprint,4,fixed,5,1,0,1,870.2,735.0,135.2,115.2,230.0,45,39,0,12,0,0,1,0,0,0,0,0,6,5,5,8,0,0,28,585.2,1.79,2,3,1,1,0,0,,0,0,0,0,0,0,0,0.0,0.0
first_mover,first_mover_255,1595141681,sprint,4,fixed,5,1,0,1,374.1,145.0,229.1,229.1,230.0,45,31,24,26,0,0,0,0,0,0,0,0,1,1,0,18,0,0,28,699.1,2.14,2,2,1,1,0,0,,0,0,0,0,0,0,0,0.0,0.0
first_mover,first_mover_256,1595151654,sprint,4,fixed,5,1,0,1,1074.1,760.0,314.1,309.1,230.0,45,39,0,11,0,0,0,0,0,0,0,0,5,5,5,9,0,0,28,859.1,2.62,2,3,1,1,0,0,,0,0,0,0,0,0,0,0.0,0.0
first_mover,first_mover_257,1595161627,sprint,4,fixed,5,1,0,1,853.0,646.5,206.5,150.0,141.5,45,33,0,2,0,0,1,0,1,0,0,0,1,1,0,13,0,0,28,371.5,1.13,2,2,1,1,0,0,,1,0,0,0,0,0,1,0.0,0.0
first_mover,first_mover_258,1595171600,sprint,4,fixed,5,1,0,2,120.0,349.5,-229.5,230.0,229.5,31,45,27,25,0,0,0,0,0,0,0,0,1,1,0,18,0,0,28,699.5,2.14,2,2,1,1,0,0,,0,0,0,0,0,0,0,0.0,0.0
first_mover,first_mover_259,1595181573,sprint,4,fixed,5,1,0,1,831.0,651.2,179.8,126.0,146.2,45,33,0,2,0,0,0,0,0,0,0,0,1,1,0,13,0,0,28,352.2,1.08,2,2,1,1,0,0,,0,0,0,0,0,0,0,0.0,0.0
first_mover,first_mover_260,1595191546,sprint,4,fixed,5,1,0,1,875.0,830.0,45.0,150.0,230.0,45,44,0,11,0,0,0,0,0,0,0,0,5,5,5,9,0,0,28,610.0,1.86,2,3,1,1,0,0,,0,0,0,0,0,0,0,0.0,0.0
first_mover,first_mover_261,1595201519,sprint,4,fixed,5,1,0,2,825.0,1048.4,-223.4,150.0,373.4,45,45,0,0,0,0,0,1,0,0,0,0,0,0,0,0,0,0,28,523.4,1.60,2,2,1,1,0,0,,0,0,0,0,0,0,0,0.0,0.0
first_mover,first_mover_262,1595211492,sprint,4,fixed,5,1,0,1,1054.1,676.5,377.5,309.1,141.5,45,35,0,2,0,0,0,0,0,0,0,0,1,1,0,12,0,0,28,610.6,1.86,2,2,1,1,0,0,,0,0,0,0,0,0,0,0.0,0.0
first_mover,first_mover_263,1595221465,sprint,4,fixed,5,1,0,2,676.1,1078.4,-402.4,141.1,373.4,35,45,2,0,0,0,0,1,0,0,0,0,1,1,0,12,0,0,28,594.5,1.82,2,2,1,1,0,0,,0,0,0,0,0,0,0,0.0,0.0
first_mover,first_mover_264,1595231438,sprint,4,fixed,5,1,0,2,824.1,959.5,-135.5,149.1,309.5,45,45,0,1,0,0,1,0,0,0,0,0,0,0,0,0,0,0,28,458.6,1.40,2,2,1,1,0,0,,0,0,0,0,0,0,0,0.0,0.0
first_mover,first_mover_265,1595241411,sprint,4,fixed,5,1,0,1,825.0,790.2,34.8,150.0,115.2,45,45,0,0,0,0,0,1,0,0,0,0,0,0,0,0,0,0,28,265.2,0.81,2,2,1,1,0,0,,0,0,0,0,0,0,0,0.0,0.0
first_mover,first_mover_266,1595251384,sprint,4,fixed,5,1,0,1,768.9,729.8,39.2,118.9,0.0,45,45,1,0,0,0,0,0,0,0,0,0,0,0,0,0,0,0,28,228.5,0.70,2,2,1,1,0,0,,0,0,0,0,0,0,0,0.0,0.0
first_mover,first_mover_267,1595261357,sprint,4,fixed,5,1,0,2,790.2,959.5,-169.4,115.2,309.5,45,45,0,1,0,0,1,0,0,0,0,0,0,0,0,0,0,0,28,424.7,1.30,2,2,1,1,0,0,,0,0,0,0,0,0,0,0.0,0.0
first_mover,first_mover_268,1595271330,sprint,4,fixed,5,1,0,1,984.1,833.9,150.1,309.1,118.9,45,45,0,0,0,0,0,0,0,0,0,0,0,0,0,0,0,0,28,508.0,1.55,2,2,1,1,0,0,,0,0,0,0,0,0,0,0.0,0.0
first_mover,first_mover_269,1595281303,sprint,4,fixed,5,1,0,2,825.0,959.5,-134.5,150.0,309.5,45,45,0,1,0,0,0,0,0,0,0,0,0,0,0,0,0,0,28,459.5,1.40,2,2,1,1,0,0,,0,0,0,0,0,0,0,0.0,0.0
first_mover,first_mover_270,1595291276,sprint,4,fixed,5,1,0,2,824.1,959.5,-135.5,149.1,309.5,45,45,0,1,0,0,1,0,0,0,0,0,0,0,0,0,0,0,28,458.6,1.40,2,2,1,1,0,0,,0,0,0,0,0,0,0,0.0,0.0
first_mover,first_mover_271,1595301249,sprint,4,fixed,5,1,0,1,790.2,675.0,115.2,115.2,0.0,45,45,0,0,0,0,1,0,0,0,0,0,0,0,0,0,0,0,28,115.2,0.35,2,2,1,1,0,0,,0,0,0,0,0,0,0,0.0,0.0
first_mover,first_mover_272,1595311222,sprint,4,fixed,5,1,0,2,705.0,711.7,-6.7,0.0,146.7,45,37,0,2,0,0,1,0,0,0,0,0,1,1,0,12,0,0,28,226.7,0.69,2,2,1,1,0,0,,0,0,0,0,0,0,0,0.0,0.0
first_mover,first_mover_273,1595321195,sprint,4,fixed,5,1,0,2,830.0,1034.1,-204.1,230.0,309.1,44,45,11,0,0,0,0,0,0,0,0,0,5,5,5,9,0,0,28,769.1,2.35,3,2,1,1,0,0,,0,0,0,0,0,0,0,0.0,0.0
first_mover,first_mover_274,1595331168,sprint,4,fixed,5,1,0,1,-1620.0,-2110.0,490.0,230.0,230.0,32,32,96,118,0,0,0,0,0,0,0,0,2,1,0,26,2,0,28,700.0,2.14,3,3,1,1,0,0,,0,0,0,0,0,0,0,0.0,0.0
first_mover,first_mover_275,1595341141,sprint,4,fixed,5,1,0,1,823.0,768.9,54.1,150.0,118.9,45,45,0,1,0,0,0,0,1,0,0,0,0,0,0,0,0,0,28,268.9,0.82,2,2,1,1,0,0,,1,0,0,0,0,0,1,0.0,0.0
first_mover,first_mover_276,1595351114,sprint,4,fixed,5,1,0,1,959.5,793.9,165.6,309.5,118.9,45,45,1,0,0,0,0,0,0,0,0,0,0,0,0,0,0,0,28,428.5,1.31,2,2,1,1,0,0,,0,0,0,0,0,0,0,0.0,0.0
first_mover,first_mover_277,1595361087,sprint,4,fixed,5,1,0,2,565.0,735.0,-170.0,230.0,0.0,39,45,17,0,0,0,0,0,0,0,0,0,4,3,3,3,0,0,28,460.0,1.40,3,2,1,1,0,0,,0,0,0,0,0,0,0,0.0,0.0
first_mover,first_mover_278,1595371060,sprint,4,fixed,5,1,0,2,619.2,989.5,-370.4,139.2,309.5,33,45,3,1,0,0,0,0,0,0,0,0,1,1,0,13,0,0,28,528.7,1.61,2,2,1,1,0,0,,0,0,0,0,0,0,0,0.0,0.0
first_mover,first_mover_279,1595381033,sprint,4,fixed,5,1,0,2,710.0,864.1,-154.1,230.0,309.1,39,45,13,8,0,0,0,0,0,0,0,0,6,5,5,8,0,0,28,779.1,2.38,3,2,1,1,0,0,,0,0,0,0,0,0,0,0.0,0.0
first_mover,first_mover_280,1595391006,sprint,4,fixed,5,1,0,2,-525.4,565.0,-1090.4,139.6,390.0,33,39,50,23,0,0,0,0,0,0,0,0,4,3,2,14,0,0,28,759.6,2.32,2,3,1,1,0,0,,0,0,0,0,0,0,0,0.0,0.0
first_mover,first_mover_281,1595400979,sprint,4,fixed,5,1,0,2,644.6,1054.5,-409.9,139.6,309.5,33,45,2,0,0,0,0,0,0,0,0,0,1,1,0,13,0,0,28,609.2,1.86,2,2,1,1,0,0,,0,0,0,0,0,0,0,0.0,0.0
first_mover,first_mover_282,1595410952,sprint,4,fixed,5,1,0,2,903.6,955.0,-51.4,148.6,230.0,45,54,0,12,0,0,1,0,0,0,0,0,6,5,5,8,0,0,28,608.6,1.86,2,3,1,1,0,0,,0,0,0,0,0,0,0,0.0,0.0
first_mover,first_mover_283,1595420925,sprint,4,fixed,5,1,0,2,787.4,823.0,-35.6,112.4,150.0,45,45,0,0,0,0,0,0,0,1,0,0,0,0,0,0,0,0,28,262.4,0.80,2,2,1,1,0,0,,0,1,0,0,0,0,1,0.0,0.0
first_mover,first_mover_284,1595430898,sprint,4,fixed,5,1,0,2,-595.0,-575.0,-20.0,0.0,0.0,45,45,55,55,0,0,0,0,0,0,0,0,2,1,0,26,1,0,28,300.0,0.92,2,2,1,1,0,0,,0,0,0,0,0,0,0,0.0,0.0
first_mover,first_mover_285,1595440871,sprint,4,fixed,5,1,0,2,-155.0,716.7,-871.7,150.0,146.7,37,50,38,18,0,0,0,10,0,0,0,0,6,3,2,5,1,0,28,616.7,1.88,2,3,1,1,0,0,,0,0,0,0,0,0,0,0.0,0.0
first_mover,first_mover_286,1595450844,sprint,4,fixed,5,1,0,2,824.5,984.1,-159.5,149.5,309.1,45,45,0,0,0,0,0,0,0,0,0,0,0,0,0,0,0,0,28,458.6,1.40,2,2,1,1,0,0,,0,0,0,0,0,0,0,0.0,0.0
first_mover,first_mover_287,1595460817,sprint,4,fixed,5,1,0,1,825.0,675.0,150.0,150.0,0.0,45,45,0,0,0,0,0,1,0,0,0,0,0,0,0,0,0,0,28,150.0,0.46,2,2,1,1,0,0,,0,0,0,0,0,0,0,0.0,0.0
first_mover,first_mover_288,1595470790,sprint,4,fixed,5,1,0,2,823.6,959.5,-135.9,148.6,309.5,45,45,0,1,0,0,2,0,0,0,0,0,0,0,0,0,0,0,28,458.1,1.40,2,2,1,1,0,0,,0,0,0,0,0,0,0,0.0,0.0
first_mover,first_mover_289,1595480763,sprint,4,fixed,5,1,0,1,1175.0,824.5,350.5,760.0,309.5,44,45,13,8,0,0,0,0,0,0,0,0,4,4,4,8,0,0,28,1069.5,3.27,3,2,2,1,0,0,,0,0,0,0,0,0,0,0.0,0.0
first_mover,first_mover_290,1595490736,sprint,4,fixed,5,1,0,1,903.6,735.0,168.6,148.6,230.0,45,39,0,12,0,0,0,0,0,0,0,0,6,5,5,8,0,0,28,618.6,1.89,2,3,1,1,0,0,,0,0,0,0,0,0,0,0.0,0.0
first_mover,first_mover_291,1595500709,sprint,4,fixed,5,1,0,2,841.6,985.0,-143.4,116.6,230.0,45,54,0,11,0,0,0,0,0,0,0,0,5,5,5,9,0,0,28,586.6,1.79,2,3,1,1,0,0,,0,0,0,0,0,0,0,0.0,0.0
first_mover,first_mover_292,1595510682,sprint,4,fixed,5,1,0,1,855.0,646.5,208.5,150.0,141.5,45,33,0,2,0,0,0,0,0,0,0,0,1,1,0,13,0,0,28,371.5,1.13,2,2,1,1,0,0,,0,0,0,0,0,0,0,0.0,0.0
first_mover,first_mover_293,1595520655,sprint,4,fixed,5,1,0,2,685.0,874.5,-189.5,230.0,149.5,39,45,14,0,0,0,0,1,0,0,0,0,5,5,5,6,0,0,28,619.5,1.89,3,2,1,1,0,0,,0,0,0,0,0,0,0,0.0,0.0
first_mover,first_mover_294,1595530628,sprint,4,fixed,5,1,0,2,715.0,875.0,-160.0,230.0,150.0,44,45,14,0,0,0,0,0,0,0,0,0,5,5,5,6,0,0,28,530.0,1.62,3,2,1,1,0,0,,0,0,0,0,0,0,0,0.0,0.0
first_mover,first_mover_295,1595540601,sprint,4,fixed,5,1,0,2,755.0,840.0,-85.0,0.0,310.0,45,41,0,12,0,0,1,0,0,0,0,0,6,5,5,8,0,0,28,540.0,1.65,2,3,1,1,0,0,,0,0,0,0,0,0,0,0.0,0.0
first_mover,first_mover_296,1595550574,sprint,4,fixed,5,1,0,1,874.5,755.0,119.5,149.5,230.0,45,39,0,11,0,0,0,0,0,0,0,0,5,5,5,9,0,0,28,609.5,1.86,2,3,1,1,0,0,,0,0,0,0,0,0,0,0.0,0.0
first_mover,first_mover_297,1595560547,sprint,4,fixed,5,1,0,1,959.5,675.0,284.5,309.5,0.0,45,45,1,0,0,0,0,1,0,0,0,0,0,0,0,0,0,0,28,309.5,0.95,2,2,1,1,0,0,,0,0,0,0,0,0,0,0.0,0.0
first_mover,first_mover_298,1595570520,sprint,4,fixed,5,1,0,2,-600.0,-580.0,-20.0,80.0,80.0,45,45,57,57,0,0,0,0,0,0,0,0,2,1,0,26,2,0,28,320.0,0.98,2,2,1,1,0,0,,0,0,0,0,0,0,0,0.0,0.0
first_mover,first_mover_299,1595580493,sprint,4,fixed,5,1,0,2,651.2,855.0,-203.8,146.2,150.0,33,45,2,0,0,0,0,0,0,0,0,0,1,1,0,13,0,0,28,376.2,1.15,2,2,1,1,0,0,,0,0,0,0,0,0,0,0.0,0.0
arrival_d2,arrival_d2_0,1592598566,unevenArrival,20,fixed,2,1,0,1,-1912.9,-4339.5,2426.5,229.1,229.5,137,132,179,263,25,25,23,23,3,4,0,0,9,9,8,120,1,0,140,778.6,2.38,3,2,1,1,0,0,,36,37,0,0,4,0,3,0.0,0.0
arrival_d2,arrival_d2_1,1592608539,unevenArrival,20,fixed,2,1,0,1,3819.0,2073.2,1745.8,134.0,821.2,239,70,0,0,0,11,0,2,0,0,0,11,10,10,10,23,0,0,140,1025.2,3.13,2,3,1,2,0,1,,0,0,0,0,0,0,0,0.0,0.0
arrival_d2,arrival_d2_2,1592618512,unevenArrival,20,fixed,2,1,0,1,-822.5,-1583.0,760.5,821.5,0.0,72,132,126,150,0,0,0,2,0,2,8,0,21,15,15,107,0,0,140,971.5,2.97,3,2,3,1,1,0,,0,34,0,0,1,0,1,0.0,0.0
arrival_d2,arrival_d2_3,1592628485,unevenArrival,20,fixed,2,1,0,1,4230.3,1359.9,2870.4,295.3,228.6,368,70,73,0,0,35,0,0,0,0,0,0,6,6,6,21,0,0,140,806.6,2.46,3,3,1,1,0,1,,0,0,0,0,0,0,0,0.0,0.0
arrival_d2,arrival_d2_4,1592638458,unevenArrival,20,fixed,2,1,0,1,3763.6,1401.7,2361.9,148.6,146.7,239,75,0,0,0,33,0,5,0,2,0,0,1,1,0,42,0,0,140,535.3,1.63,2,3,1,1,0,1,,0,5,0,0,1,0,1,0.0,0.0
arrival_d2,arrival_d2_5,1592648431,unevenArrival,20,fixed,2,1,0,1,2859.9,1283.9,1576.1,118.9,550.8,193,45,14,0,0,0,1,0,1,0,0,0,4,4,4,66,0,0,140,945.9,2.89,3,3,1,1,0,1,,2,0,0,0,1,0,0,0.0,0.0
arrival_d2,arrival_d2_6,1592658404,unevenArrival,20,fixed,2,1,0,1,2560.0,1998.1,561.9,380.0,133.1,229,117,56,0,16,0,5,0,2,0,50,0,11,11,11,12,0,0,140,663.1,2.03,3,2,5,1,0,0,,0,0,0,0,2,0,0,0.0,0.0
arrival_d2,arrival_d2_7,1592668377,unevenArrival,20,fixed,2,1,0,1,3763.6,1030.4,2733.2,148.6,309.1,239,75,0,19,0,33,0,3,0,3,0,4,1,0,0,0,0,0,140,676.2,2.07,2,3,1,1,0,1,,0,13,0,0,1,0,2,0.0,0.0
arrival_d2,arrival_d2_8,1592678350,unevenArrival,20,fixed,2,1,0,1,3933.0,1315.7,2617.3,150.0,114.7,255,75,0,0,0,33,2,2,1,2,10,0,0,0,0,0,0,0,140,424.7,1.30,2,3,1,1,0,1,,6,2,0,0,1,0,2,0.0,0.0
arrival_d2,arrival_d2_9,1592688323,unevenArrival,20,fixed,2,1,0,1,2160.5,805.0,1355.5,309.5,150.0,155,45,22,0,0,0,2,0,2,0,3,10,1,1,1,61,0,0,140,609.5,1.86,3,3,1,1,0,1,,5,0,0,0,2,0,0,0.0,0.0
arrival_d2,arrival_d2_10,1592698296,unevenArrival,20,fixed,2,1,0,1,2948.7,1305.3,1643.4,114.7,255.3,226,70,22,0,0,0,5,3,6,0,0,0,0,0,0,0,0,0,140,450.0,1.37,3,3,1,1,0,1,,23,0,4,0,3,1,2,0.0,0.0
arrival_d2,arrival_d2_11,1592708269,unevenArrival,20,fixed,2,1,0,1,1410.5,-2648.8,4059.4,309.5,591.2,185,45,82,162,0,0,4,0,3,0,3,0,12,11,10,82,0,0,140,1200.7,3.67,3,3,1,1,0,1,,5,0,0,0,1,0,2,0.0,0.0
arrival_d2,arrival_d2_12,1592718242,unevenArrival,20,fixed,2,1,0,1,3518.2,1871.6,1646.6,115.2,116.6,227,117,0,0,0,0,2,0,4,0,0,0,0,0,0,0,0,0,140,311.8,0.95,2,2,1,1,0,0,,21,0,3,0,2,2,0,0.0,0.0
arrival_d2,arrival_d2_13,1592728215,unevenArrival,20,fixed,2,1,0,1,3039.6,553.2,2486.4,378.6,598.2,219,45,30,33,0,36,4,0,2,0,1,0,1,1,0,82,0,0,140,1356.8,4.14,3,3,1,1,0,1,,3,0,0,0,2,0,0,0.0,0.0
arrival_d2,arrival_d2_14,1592738188,unevenArrival,20,fixed,2,1,0,1,2628.8,1887.4,741.5,246.8,112.4,199,117,30,0,0,0,1,0,1,0,0,0,2,2,2,47,0,0,140,589.2,1.80,3,2,1,1,0,0,,4,0,0,0,1,0,0,0.0,0.0
arrival_d2,arrival_d2_15,1592748161,unevenArrival,20,fixed,2,1,0,1,3868.0,-2475.4,6343.4,348.0,309.1,386,45,122,142,0,87,31,21,6,6,0,1,23,23,23,53,0,0,140,1116.1,3.41,3,3,1,1,0,1,,15,8,0,2,4,0,8,0.0,0.0
arrival_d2,arrival_d2_16,1592758134,unevenArrival,20,fixed,2,1,0,1,3703.9,1889.0,1814.9,118.9,134.0,239,117,0,0,0,0,0,0,0,0,0,0,0,0,0,0,0,0,140,252.9,0.77,2,2,1,1,0,0,,0,0,0,0,0,0,0,0.0,0.0
arrival_d2,arrival_d2_17,1592768107,unevenArrival,20,fixed,2,1,0,1,2504.0,989.5,1514.5,530.0,160.0,214,45,56,0,18,17,3,0,2,0,52,0,12,12,12,12,0,0,140,919.1,2.81,3,3,5,1,0,1,,0,0,0,0,2,0,0,0.0,0.0
arrival_d2,arrival_d2_18,1592778080,unevenArrival,20,fixed,2,1,0,1,2678.6,1034.9,1643.6,266.6,308.6,173,45,14,0,0,17,10,0,2,0,0,0,3,3,3,82,0,0,140,847.9,2.59,3,3,1,1,0,1,,4,0,0,0,2,0,0,0.0,0.0
arrival_d2,arrival_d2_19,1592788053,unevenArrival,20,fixed,2,1,0,1,4075.0,1958.2,2116.8,150.0,668.2,255,70,0,0,0,0,2,1,1,0,10,0,12,12,11,16,0,0,140,818.2,2.50,2,3,1,2,0,1,,5,0,0,0,1,0,0,0.0,0.0
arrival_d2,arrival_d2_20,1592798026,unevenArrival,20,fixed,2,1,0,1,3078.7,1299.9,1778.8,146.7,228.6,240,70,26,0,0,35,2,1,3,0,10,0,0,0,0,0,0,0,140,498.0,1.52,3,3,1,1,0,1,,14,0,2,0,2,0,1,0.0,0.0
arrival_d2,arrival_d2_21,1592807999,unevenArrival,20,fixed,2,1,0,2,337.0,2308.0,-1971.0,460.0,118.0,54,132,56,0,78,0,0,0,0,0,11,0,19,19,18,40,0,0,140,818.0,2.50,3,2,1,1,1,0,,0,0,0,0,0,0,0,0.0,0.0
arrival_d2,arrival_d2_22,1592817972,unevenArrival,20,fixed,2,1,0,1,2814.6,-2245.0,5059.6,219.6,450.0,356,50,137,141,0,0,0,0,0,0,0,10,21,21,21,40,0,0,140,989.6,3.02,3,3,1,1,0,1,,0,0,0,0,0,0,0,0.0,0.0
arrival_d2,arrival_d2_23,1592827945,unevenArrival,20,fixed,2,1,0,1,2847.5,1881.6,965.9,389.5,116.6,203,117,28,0,0,0,1,0,1,0,3,0,1,1,1,68,0,0,140,726.1,2.22,3,2,1,1,0,0,,4,0,0,0,1,0,0,0.0,0.0
arrival_d2,arrival_d2_24,1592837918,unevenArrival,20,fixed,2,1,0,1,3692.1,1205.5,2486.5,389.1,457.6,213,45,0,0,0,17,3,0,2,0,1,0,0,0,0,0,0,0,140,1222.5,3.73,3,3,1,1,0,1,,2,0,0,0,2,0,0,0.0,0.0
arrival_d2,arrival_d2_25,1592847891,unevenArrival,20,fixed,2,1,0,1,3979.6,1339.9,2639.7,219.6,228.6,366,70,77,0,0,35,0,1,0,0,0,0,4,4,4,23,0,0,140,720.9,2.20,3,3,1,1,0,1,,0,0,0,0,0,0,0,0.0,0.0
arrival_d2,arrival_d2_26,1592857864,unevenArrival,20,fixed,2,1,0,2,-33.0,1095.0,-1128.0,230.0,240.0,54,45,56,0,98,17,0,0,0,0,11,0,12,12,11,102,0,0,140,790.0,2.41,3,3,1,1,1,1,,0,0,0,0,0,0,0,0.0,0.0
arrival_d2,arrival_d2_27,1592867837,unevenArrival,20,fixed,2,1,0,1,3763.6,1250.0,2513.6,148.6,460.0,239,50,0,1,0,39,12,0,1,0,0,10,1,1,0,38,0,0,140,758.6,2.32,2,3,1,1,0,1,,0,0,0,0,0,0,1,0.0,0.0
arrival_d2,arrival_d2_28,1592877810,unevenArrival,20,fixed,2,1,0,1,3733.6,1170.0,2563.6,148.6,80.0,239,70,0,0,0,34,2,1,0,0,0,0,0,0,0,0,0,0,140,308.6,0.94,2,3,1,1,0,1,,0,0,0,0,0,0,0,0.0,0.0
arrival_d2,arrival_d2_29,1592887783,unevenArrival,20,fixed,2,1,0,1,2038.5,854.5,1184.0,309.5,149.5,155,45,28,0,0,0,2,0,3,0,3,0,3,3,3,60,0,0,140,609.1,1.86,3,3,1,1,0,1,,11,0,1,0,3,0,0,0.0,0.0
arrival_d2,arrival_d2_30,1592897756,unevenArrival,20,fixed,2,1,0,1,4336.1,-1575.0,5911.1,221.1,450.0,388,45,97,112,0,5,5,0,0,0,0,10,23,22,22,27,0,0,140,991.1,3.03,3,3,1,1,0,1,,0,0,0,0,0,0,0,0.0,0.0
arrival_d2,arrival_d2_31,1592907729,unevenArrival,20,fixed,2,1,0,1,-2189.5,-3058.5,869.0,229.5,229.5,137,132,190,210,0,0,16,20,3,2,0,0,9,9,8,120,1,0,140,699.1,2.14,3,2,1,1,0,0,,37,39,0,0,1,1,3,0.0,0.0
arrival_d2,arrival_d2_32,1592917702,unevenArrival,20,fixed,2,1,0,1,2737.2,775.0,1962.2,115.2,460.0,236,50,38,20,0,41,1,0,4,0,0,10,1,1,0,34,0,0,140,805.2,2.46,3,3,1,1,0,1,,19,0,3,0,2,2,0,0.0,0.0
arrival_d2,arrival_d2_33,1592927675,unevenArrival,20,fixed,2,1,0,1,2349.9,-835.0,3184.9,118.9,460.0,183,45,35,81,0,26,13,0,3,0,0,10,9,9,9,95,0,0,140,958.9,2.93,3,3,1,1,0,1,,7,0,0,0,2,0,1,0.0,0.0
arrival_d2,arrival_d2_34,1592937648,unevenArrival,20,fixed,2,1,0,1,2441.0,597.0,1844.0,0.0,310.0,227,50,40,21,0,25,0,0,4,0,0,11,1,1,0,40,0,0,140,540.0,1.65,2,3,1,1,0,1,,17,0,2,0,2,0,2,0.0,0.0
arrival_d2,arrival_d2_35,1592947621,unevenArrival,20,fixed,2,1,0,2,262.0,1394.7,-1132.7,380.0,452.9,56,45,53,0,125,63,0,0,0,0,11,1,14,14,13,57,0,0,140,1292.5,3.95,3,3,1,1,1,1,,0,0,0,0,0,0,0,0.0,0.0
arrival_d2,arrival_d2_36,1592957594,unevenArrival,20,fixed,2,1,0,1,5073.7,1147.3,3926.4,298.7,355.2,386,45,50,0,0,18,0,0,0,0,0,0,6,6,6,14,0,0,140,998.1,3.05,3,3,1,1,0,1,,0,0,0,0,0,0,0,0.0,0.0
arrival_d2,arrival_d2_37,1592967567,unevenArrival,20,fixed,2,1,0,1,2128.4,805.0,1323.4,453.4,150.0,157,45,30,0,10,0,6,0,3,0,3,10,1,1,1,56,0,0,140,753.4,2.30,3,3,1,1,0,1,,8,0,0,0,2,0,1,0.0,0.0
arrival_d2,arrival_d2_38,1592977540,unevenArrival,20,fixed,2,1,0,1,3719.0,1604.3,2114.7,134.0,389.5,239,75,0,0,0,33,0,1,0,2,0,3,0,0,0,0,0,0,140,753.1,2.30,2,3,1,1,0,1,,0,8,0,0,2,0,0,0.0,0.0
arrival_d2,arrival_d2_39,1592987513,unevenArrival,20,fixed,2,1,0,1,-3453.0,-3668.0,215.0,230.0,230.0,137,132,233,235,141,0,32,32,2,2,1,1,3,2,1,134,1,0,140,620.0,1.89,3,2,1,1,0,0,,25,25,0,0,0,0,4,0.0,0.0
arrival_d2,arrival_d2_40,1592997486,unevenArrival,20,fixed,2,1,0,1,3611.7,1888.1,1723.6,146.7,133.1,231,117,0,0,0,0,25,0,1,0,10,0,0,0,0,0,0,0,140,359.8,1.10,2,2,1,1,0,0,,5,0,0,0,1,0,0,0.0,0.0
arrival_d2,arrival_d2_41,1593007459,unevenArrival,20,fixed,2,1,0,1,3731.6,1250.0,2481.6,116.6,460.0,239,50,0,1,0,39,0,0,0,0,0,10,1,1,0,38,0,0,140,726.6,2.22,2,3,1,1,0,1,,0,0,0,0,0,0,0,0.0,0.0
arrival_d2,arrival_d2_42,1593017432,unevenArrival,20,fixed,2,1,0,1,3733.6,1514.3,2219.3,148.6,309.5,239,75,0,0,0,33,2,31,0,3,0,3,0,0,0,0,0,0,140,687.6,2.10,2,3,1,1,0,1,,0,13,0,0,2,0,1,0.0,0.0
arrival_d2,arrival_d2_43,1593027405,unevenArrival,20,fixed,2,1,0,1,3763.6,1250.0,2513.6,148.6,460.0,239,50,0,1,0,39,2,0,0,0,0,10,1,1,0,38,0,0,140,758.6,2.32,2,3,1,1,0,1,,0,0,0,0,0,0,0,0.0,0.0
arrival_d2,arrival_d2_44,1593037378,unevenArrival,20,fixed,2,1,0,1,3127.0,-553.7,3680.7,390.0,309.5,278,70,105,85,2,3,2,20,1,2,11,3,43,39,39,51,0,0,140,1079.1,3.30,3,3,1,1,0,1,,0,17,0,1,3,0,0,0.0,0.0
arrival_d2,arrival_d2_45,1593047351,unevenArrival,20,fixed,2,1,0,1,3754.5,1396.5,2358.0,149.5,141.5,239,75,0,0,0,34,0,6,1,2,0,0,1,1,0,42,0,0,140,531.1,1.62,2,3,1,1,0,1,,5,5,0,0,2,0,1,0.0,0.0
arrival_d2,arrival_d2_46,1593057324,unevenArrival,20,fixed,2,1,0,1,3748.1,1401.7,2346.4,133.1,146.7,239,75,0,0,0,33,0,5,0,2,0,0,1,1,0,42,0,0,140,519.8,1.59,2,3,1,1,0,1,,0,5,0,0,1,0,1,0.0,0.0
arrival_d2,arrival_d2_47,1593067297,unevenArrival,20,fixed,2,1,0,1,683.5,-333.0,1016.5,469.5,300.0,233,45,136,53,0,0,2,5,2,0,3,11,1,1,1,56,0,0,140,1089.5,3.33,3,3,1,1,0,1,,6,0,0,0,2,0,0,0.0,0.0
arrival_d2,arrival_d2_48,1593077270,unevenArrival,20,fixed,2,1,0,2,1266.0,2478.0,-1212.0,910.0,118.0,69,132,59,0,74,0,0,0,0,0,28,0,38,38,38,39,0,0,140,1268.0,3.87,3,2,3,1,1,0,,0,0,0,0,0,0,0,0.0,0.0
arrival_d2,arrival_d2_49,1593087243,unevenArrival,20,fixed,2,1,0,1,2062.5,-938.0,3000.5,309.5,310.0,185,45,59,79,0,25,5,0,3,0,3,11,12,11,11,83,0,0,140,1009.5,3.08,3,3,1,1,0,1,,4,0,0,0,1,0,2,0.0,0.0
arrival_d2,arrival_d2_50,1593097216,unevenArrival,20,fixed,2,1,0,1,3123.2,1624.9,1498.2,115.2,453.4,227,75,17,2,0,33,4,25,4,2,0,3,1,1,0,99,0,0,140,867.6,2.65,2,3,1,1,0,1,,21,12,3,0,3,2,1,0.0,0.0
arrival_d2,arrival_d2_51,1593107189,unevenArrival,20,fixed,2,1,0,1,3065.0,1102.0,1963.0,150.0,310.0,227,50,20,0,0,43,7,0,4,0,10,11,1,0,0,0,0,0,140,690.0,2.11,2,3,1,1,0,1,,15,0,2,0,2,1,1,0.0,0.0
arrival_d2,arrival_d2_52,1593117162,unevenArrival,20,fixed,2,1,0,1,5102.9,1069.8,4033.2,198.9,310.0,396,45,50,0,0,37,35,0,2,0,0,0,5,5,5,5,0,0,140,818.5,2.50,3,3,1,1,0,1,,3,0,0,0,2,0,0,0.0,0.0
arrival_d2,arrival_d2_53,1593127135,unevenArrival,20,fixed,2,1,0,1,3733.6,1170.0,2563.6,148.6,150.0,239,70,0,0,0,0,0,0,0,0,0,10,0,0,0,0,0,0,140,298.6,0.91,2,3,1,1,0,1,,0,0,0,0,0,0,0,0.0,0.0
arrival_d2,arrival_d2_54,1593137108,unevenArrival,20,fixed,2,1,0,1,4831.7,1938.1,2893.6,216.7,133.1,368,117,45,0,0,0,0,0,0,0,0,0,5,5,5,21,0,0,140,589.8,1.80,3,2,1,1,0,0,,0,0,0,0,0,0,0,0.0,0.0
arrival_d2,arrival_d2_55,1593147081,unevenArrival,20,fixed,2,1,0,1,3733.6,1888.1,1845.5,148.6,133.1,239,117,0,0,0,0,0,0,0,0,0,0,0,0,0,0,0,0,140,281.6,0.86,2,2,1,1,0,0,,0,0,0,0,0,0,0,0.0,0.0
arrival_d2,arrival_d2_56,1593157054,unevenArrival,20,fixed,2,1,0,2,132.0,1458.5,-1326.5,230.0,515.4,54,45,55,0,97,2,0,0,0,0,11,0,19,19,18,91,0,0,140,1101.5,3.36,3,3,1,1,1,1,,0,0,0,0,0,0,0,0.0,0.0
arrival_d2,arrival_d2_57,1593167027,unevenArrival,20,fixed,2,1,0,2,2024.0,2557.0,-533.0,230.0,150.0,282,132,147,33,0,0,3,1,1,1,7,0,84,41,41,54,0,0,140,380.0,1.16,3,2,1,1,1,0,,0,4,0,1,0,1,1,0.0,0.0
arrival_d2,arrival_d2_58,1593177000,unevenArrival,20,fixed,2,1,0,1,2252.5,2178.9,73.6,309.5,118.9,155,132,24,0,0,0,2,0,1,0,3,0,8,8,8,71,0,0,140,578.5,1.77,3,2,1,1,0,0,,4,0,0,0,1,0,0,0.0,0.0
arrival_d2,arrival_d2_59,1593186973,unevenArrival,20,fixed,2,1,0,1,-3076.5,-3893.5,817.0,229.5,229.5,122,132,216,245,0,0,32,9,4,2,0,0,7,7,6,124,1,0,140,699.1,2.14,3,2,1,1,0,0,,13,19,1,0,2,0,4,0.0,0.0
arrival_d2,arrival_d2_60,1593196946,unevenArrival,20,fixed,2,1,0,1,3501.0,-5186.2,8687.2,230.0,309.5,394,45,153,254,0,87,39,10,2,1,11,4,43,42,42,46,0,0,140,908.1,2.77,3,3,1,1,0,1,,28,4,0,1,1,0,2,0.0,0.0
arrival_d2,arrival_d2_61,1593206919,unevenArrival,20,fixed,2,1,0,1,3388.5,1215.5,2173.0,469.5,457.6,233,45,26,0,0,17,3,0,2,0,3,0,1,1,1,68,0,0,140,1222.9,3.74,3,3,1,1,0,1,,6,0,0,0,2,0,0,0.0,0.0
arrival_d2,arrival_d2_62,1593216892,unevenArrival,20,fixed,2,1,0,1,3799.8,1097.0,2702.8,136.8,310.0,243,50,0,1,0,39,0,0,1,0,0,11,1,1,0,40,0,0,140,596.8,1.82,2,3,1,1,0,1,,6,0,0,0,1,0,0,0.0,0.0
arrival_d2,arrival_d2_63,1593226865,unevenArrival,20,fixed,2,1,0,2,117.0,1565.5,-1448.5,230.0,531.5,54,70,56,18,121,9,0,0,0,0,11,7,25,25,24,79,0,0,140,1151.5,3.52,3,3,1,2,1,1,,0,0,0,0,0,0,0,0.0,0.0
arrival_d2,arrival_d2_64,1593236838,unevenArrival,20,fixed,2,1,0,2,-360.0,1154.5,-1514.5,620.0,451.5,174,70,178,41,5,3,0,2,0,0,40,4,55,43,42,43,0,0,140,1071.5,3.27,3,3,4,2,0,1,,0,0,0,0,0,0,0,0.0,0.0
arrival_d2,arrival_d2_65,1593246811,unevenArrival,20,fixed,2,1,0,1,2832.5,1215.6,1616.9,389.5,480.6,193,45,22,0,0,0,1,0,1,0,3,0,2,2,2,68,0,1,140,1100.1,3.36,3,3,1,1,0,1,,4,0,0,0,1,0,0,0.0,0.0
arrival_d2,arrival_d2_66,1593256784,unevenArrival,20,fixed,2,1,0,1,2073.5,110.0,1963.5,309.5,460.0,185,45,45,44,0,25,6,0,3,0,3,10,1,1,0,107,0,0,140,1149.5,3.51,3,3,1,1,0,1,,6,0,0,0,1,0,2,0.0,0.0
arrival_d2,arrival_d2_67,1593266757,unevenArrival,20,fixed,2,1,0,1,3966.2,1332.7,2633.5,226.2,194.7,366,70,77,0,0,0,0,1,0,2,0,0,5,5,5,23,0,0,140,650.9,1.99,3,3,1,1,0,1,,0,1,0,0,1,0,1,0.0,0.0
arrival_d2,arrival_d2_68,1593276730,unevenArrival,20,fixed,2,1,0,1,2192.1,1929.0,263.1,309.1,134.0,169,117,32,0,0,0,1,0,1,0,1,0,4,4,4,48,0,0,140,593.1,1.81,3,2,1,1,0,0,,2,0,0,0,1,0,0,0.0,0.0
arrival_d2,arrival_d2_69,1593286703,unevenArrival,20,fixed,2,1,0,1,3727.8,1465.5,2262.3,112.8,309.5,239,70,0,0,0,33,0,14,0,4,0,3,1,1,0,40,0,0,140,652.4,1.99,2,3,1,1,0,1,,0,10,0,1,2,0,2,0.0,0.0
arrival_d2,arrival_d2_70,1593296676,unevenArrival,20,fixed,2,1,0,1,3757.7,1871.6,1886.1,146.7,116.6,240,117,0,0,0,0,4,0,5,0,10,0,0,0,0,0,0,0,140,413.3,1.26,3,2,1,1,0,0,,17,0,2,0,4,0,1,0.0,0.0
arrival_d2,arrival_d2_71,1593306649,unevenArrival,20,fixed,2,1,0,1,3932.5,1271.1,2661.4,149.5,198.9,255,70,0,0,0,17,2,1,1,2,10,0,0,0,0,0,0,0,140,404.8,1.24,2,3,1,1,0,1,,6,3,0,0,3,0,0,0.0,0.0
arrival_d2,arrival_d2_72,1593316622,unevenArrival,20,fixed,2,1,0,1,3718.5,1163.0,2555.5,149.5,80.0,235,70,0,0,0,35,0,0,4,1,0,0,0,0,0,0,0,0,140,459.5,1.40,3,3,1,1,0,1,,18,1,2,0,3,1,1,0.0,0.0
arrival_d2,arrival_d2_73,1593326595,unevenArrival,20,fixed,2,1,0,1,-3143.0,-3336.0,193.0,380.0,230.0,137,132,225,225,42,32,79,31,4,2,1,1,2,1,0,136,1,0,140,770.0,2.35,3,2,1,1,0,0,,10,4,1,1,6,0,0,0.0,0.0
arrival_d2,arrival_d2_74,1593336568,unevenArrival,20,fixed,2,1,0,1,2764.1,370.0,2394.1,389.1,460.0,233,45,51,33,0,0,1,4,1,0,1,10,2,2,2,3,0,0,140,1229.1,3.75,3,3,1,1,0,1,,1,0,0,0,1,0,0,0.0,0.0
arrival_d2,arrival_d2_75,1593346541,unevenArrival,20,fixed,2,1,0,2,272.0,1438.5,-1166.5,380.0,515.4,56,45,55,0,105,2,0,0,0,0,11,0,17,17,16,46,0,0,140,1251.5,3.82,3,3,1,1,1,1,,0,0,0,0,0,0,0,0.0,0.0
arrival_d2,arrival_d2_76,1593356514,unevenArrival,20,fixed,2,1,0,1,2690.7,845.0,1845.7,114.7,610.0,236,50,40,24,0,42,3,0,6,0,0,10,2,2,1,32,0,0,140,954.7,2.92,3,3,1,1,0,1,,22,0,3,0,2,2,2,0.0,0.0
arrival_d2,arrival_d2_77,1593366487,unevenArrival,20,fixed,2,1,0,1,2200.5,1084.5,1116.0,309.5,379.5,155,45,22,0,0,0,4,0,1,0,3,0,3,3,3,63,0,0,140,839.1,2.56,3,3,1,1,0,1,,5,0,0,0,1,0,0,0.0,0.0
arrival_d2,arrival_d2_78,1593376460,unevenArrival,20,fixed,2,1,0,1,2155.5,-635.0,2790.5,309.5,460.0,185,45,54,73,0,25,4,0,3,0,3,10,11,11,11,87,0,0,140,1159.5,3.54,3,3,1,1,0,1,,5,0,0,0,1,0,2,0.0,0.0
arrival_d2,arrival_d2_79,1593386433,unevenArrival,20,fixed,2,1,0,1,2872.0,-3942.9,6814.9,530.0,389.5,255,45,79,208,2,67,0,1,0,1,11,3,17,16,16,21,0,0,140,1368.6,4.18,3,3,1,1,0,1,,0,4,0,1,1,0,0,0.0,0.0
arrival_d2,arrival_d2_80,1593396406,unevenArrival,20,fixed,2,1,0,2,67.0,1099.7,-1032.7,230.0,146.7,54,45,56,0,115,51,0,0,0,0,11,9,17,17,16,95,0,0,140,846.7,2.59,3,3,1,1,1,1,,0,0,0,0,0,0,0,0.0,0.0
arrival_d2,arrival_d2_81,1593406379,unevenArrival,20,fixed,2,1,0,1,2704.0,815.0,1889.0,260.0,150.0,173,45,12,0,0,0,3,0,1,0,0,10,2,2,2,78,0,0,140,640.0,1.95,3,3,1,1,0,1,,3,0,0,0,1,0,0,0.0,0.0
arrival_d2,arrival_d2_82,1593416352,unevenArrival,20,fixed,2,1,0,1,4465.9,-1415.0,5880.9,198.9,460.0,364,45,79,109,0,25,31,0,3,0,0,10,26,26,25,29,2,0,140,1048.9,3.20,3,3,1,1,0,1,,4,0,1,0,2,0,1,0.0,0.0
arrival_d2,arrival_d2_83,1593426325,unevenArrival,20,fixed,2,1,0,1,3735.1,2098.0,1637.1,389.1,118.0,223,132,4,0,0,0,4,0,3,0,1,0,0,0,0,0,0,0,140,747.1,2.28,3,2,1,1,0,0,,8,0,0,0,3,0,0,0.0,0.0
arrival_d2,arrival_d2_84,1593436298,unevenArrival,20,fixed,2,1,0,1,2060.1,-938.0,2998.1,309.1,310.0,185,45,59,79,0,25,4,0,3,0,3,11,12,11,11,83,0,0,140,1009.1,3.08,3,3,1,1,0,1,,5,0,0,0,1,0,2,0.0,0.0
arrival_d2,arrival_d2_85,1593446271,unevenArrival,20,fixed,2,1,0,1,1410.5,986.0,424.5,309.5,0.0,155,132,52,41,0,0,2,6,2,4,3,10,1,1,0,100,0,0,140,609.5,1.86,3,2,1,1,0,0,,5,22,0,0,5,0,1,0.0,0.0
arrival_d2,arrival_d2_86,1593456244,unevenArrival,20,fixed,2,1,0,1,-3386.0,-3496.0,110.0,230.0,230.0,137,132,228,229,140,103,35,21,3,3,1,1,2,1,0,136,2,0,140,700.0,2.14,3,2,1,1,0,0,,39,34,0,0,2,0,4,0.0,0.0
arrival_d2,arrival_d2_87,1593466217,unevenArrival,20,fixed,2,1,0,2,359.0,1792.3,-1433.3,690.0,275.2,67,70,88,0,9,0,0,2,0,1,17,0,43,42,42,43,0,0,140,1149.4,3.51,4,3,2,1,1,1,,0,0,0,0,1,0,0,0.0,0.0
arrival_d2,arrival_d2_88,1593476190,unevenArrival,20,fixed,2,1,0,1,3961.0,1470.0,2491.0,150.0,610.0,255,50,0,0,0,65,3,0,1,0,10,10,1,1,0,46,0,0,140,1000.0,3.05,2,3,1,1,0,1,,7,0,0,0,1,0,0,0.0,0.0
arrival_d2,arrival_d2_89,1593486163,unevenArrival,20,fixed,2,1,0,1,2032.5,2000.0,32.5,309.5,0.0,155,132,28,0,0,0,2,0,1,0,3,0,2,2,2,86,0,0,140,459.5,1.40,3,2,1,1,0,0,,4,0,0,0,1,0,0,0.0,0.0
arrival_d2,arrival_d2_90,1593496136,unevenArrival,20,fixed,2,1,0,1,2242.5,1035.4,1207.1,309.5,296.8,155,45,22,0,0,17,2,0,1,0,3,0,3,3,3,63,0,0,140,903.5,2.76,3,3,1,1,0,1,,4,0,0,0,1,0,0,0.0,0.0
arrival_d2,arrival_d2_91,1593506109,unevenArrival,20,fixed,2,1,0,1,2985.7,1463.6,1522.1,146.7,309.5,240,75,31,2,0,33,1,0,3,2,10,4,1,1,1,66,0,0,140,754.4,2.30,3,3,1,1,0,1,,13,9,2,0,4,0,1,0.0,0.0
arrival_d2,arrival_d2_92,1593516082,unevenArrival,20,fixed,2,1,0,1,2619.0,771.5,1847.5,0.0,141.5,246,75,46,25,0,33,9,6,3,2,0,0,1,1,0,42,1,0,140,531.5,1.62,3,3,1,1,0,1,,13,5,1,0,3,1,1,0.0,0.0
arrival_d2,arrival_d2_93,1593526055,unevenArrival,20,fixed,2,1,0,1,3977.6,1210.0,2767.6,219.6,150.0,366,70,77,0,0,0,7,1,1,0,0,10,4,4,4,23,0,0,140,599.6,1.83,3,3,1,1,0,1,,1,0,0,0,1,0,0,0.0,0.0
arrival_d2,arrival_d2_94,1593536028,unevenArrival,20,fixed,2,1,0,2,412.0,1255.1,-843.1,460.0,309.5,54,45,53,0,75,50,0,0,0,0,11,3,19,19,18,45,0,0,140,1148.6,3.51,3,3,1,1,1,1,,0,0,0,0,0,0,0,0.0,0.0
arrival_d2,arrival_d2_95,1593546001,unevenArrival,20,fixed,2,1,0,2,7.0,1280.7,-1273.7,230.0,674.9,54,45,56,12,117,38,0,1,0,0,11,0,14,14,13,101,0,0,140,1286.5,3.93,3,3,1,1,1,1,,0,0,0,0,0,0,0,0.0,0.0
arrival_d2,arrival_d2_96,1593555974,unevenArrival,20,fixed,2,1,0,1,2160.5,805.0,1355.5,309.5,150.0,155,45,22,0,0,0,4,0,1,0,3,10,1,1,1,61,0,0,140,609.5,1.86,3,3,1,1,0,1,,5,0,0,0,1,0,0,0.0,0.0
arrival_d2,arrival_d2_97,1593565947,unevenArrival,20,fixed,2,1,0,1,3226.8,575.8,2650.9,137.8,309.1,241,70,30,35,0,2,10,14,4,1,0,1,6,6,5,87,0,0,140,756.4,2.31,3,3,1,1,0,1,,18,0,2,0,3,0,2,0.0,0.0
arrival_d2,arrival_d2_98,1593575920,unevenArrival,20,fixed,2,1,0,2,87.0,995.0,-908.0,230.0,150.0,54,45,56,0,100,0,0,0,0,0,11,10,18,18,17,93,0,0,140,620.0,1.89,3,3,1,1,1,1,,0,0,0,0,0,0,0,0.0,0.0
arrival_d2,arrival_d2_99,1593585893,unevenArrival,20,fixed,2,1,0,1,-3355.0,-3527.0,172.0,230.0,230.0,137,132,227,230,140,98,37,36,2,3,1,1,2,1,0,136,2,0,140,700.0,2.14,3,2,1,1,0,0,,36,37,0,0,0,0,5,0.0,0.0
arrival_d2,arrival_d2_100,1593595866,unevenArrival,20,fixed,2,1,0,1,1724.0,6.1,1717.9,380.0,371.1,214,45,94,50,2,0,0,0,0,0,72,0,29,29,29,30,0,0,140,831.1,2.54,3,3,7,1,0,1,,0,0,0,0,0,0,0,0.0,0.0
arrival_d2,arrival_d2_101,1593605839,unevenArrival,20,fixed,2,1,0,1,3746.2,-1034.9,4781.2,216.2,309.5,356,70,102,102,0,6,19,17,1,1,0,3,25,23,23,64,0,0,140,834.8,2.55,3,3,1,1,0,1,,0,0,0,0,2,0,0,0.0,0.0
arrival_d2,arrival_d2_102,1593615812,unevenArrival,20,fixed,2,1,0,2,-4202.0,-742.0,-3460.0,150.0,0.0,69,132,245,141,0,0,19,15,0,0,19,4,48,24,23,90,0,0,140,450.0,1.37,4,2,2,1,1,0,,0,0,0,0,0,0,0,0.0,0.0
arrival_d2,arrival_d2_103,1593625785,unevenArrival,20,fixed,2,1,0,1,-1239.9,-2267.5,1027.5,229.1,229.5,137,132,148,179,49,13,42,20,3,2,0,0,2,2,1,134,1,0,140,778.6,2.38,3,2,1,1,0,0,,2,31,0,0,3,0,2,0.0,0.0
arrival_d2,arrival_d2_104,1593635758,unevenArrival,20,fixed,2,1,0,2,-487.5,772.2,-1259.7,309.5,456.2,155,70,131,37,0,0,11,0,1,0,3,3,9,6,5,92,1,0,140,925.8,2.83,3,3,1,3,0,1,,4,0,0,0,1,0,0,0.0,0.0
arrival_d2,arrival_d2_105,1593645731,unevenArrival,20,fixed,2,1,0,1,2954.0,1474.3,1479.7,150.0,309.5,241,75,33,2,0,34,13,0,3,2,10,3,1,1,1,65,0,0,140,769.1,2.35,3,3,1,1,0,1,,13,8,1,0,3,1,1,0.0,0.0
arrival_d2,arrival_d2_106,1593655704,unevenArrival,20,fixed,2,1,0,1,3935.5,600.0,3335.5,389.5,610.0,253,50,20,33,1,23,11,6,2,0,3,10,5,5,4,38,0,0,140,1389.5,4.24,3,3,1,1,0,1,,5,0,0,0,2,0,0,0.0,0.0
arrival_d2,arrival_d2_107,1593665677,unevenArrival,20,fixed,2,1,0,1,3305.1,795.0,2510.1,309.1,150.0,193,45,0,0,0,0,13,0,3,0,1,10,0,0,0,0,0,0,140,699.1,2.14,3,3,1,1,0,1,,8,0,1,0,1,0,2,0.0,0.0
arrival_d2,arrival_d2_108,1593675650,unevenArrival,20,fixed,2,1,0,1,2703.5,-815.0,3518.5,389.5,460.0,213,45,40,81,0,26,1,0,1,0,3,10,1,1,0,108,0,0,140,1239.5,3.79,3,3,1,1,0,1,,6,0,0,0,1,0,0,0.0,0.0
arrival_d2,arrival_d2_109,1593685623,unevenArrival,20,fixed,2,1,0,1,2504.1,1190.0,1314.1,309.1,460.0,153,45,9,0,0,50,3,0,1,0,3,10,1,1,1,95,0,0,140,1159.1,3.54,3,3,1,1,0,1,,3,0,0,0,1,0,0,0.0,0.0
arrival_d2,arrival_d2_110,1593695596,unevenArrival,20,fixed,2,1,0,1,2404.0,1248.2,1155.8,380.0,355.2,214,45,56,0,10,25,3,0,2,0,62,0,16,16,16,17,0,0,140,1011.3,3.09,3,3,6,1,0,1,,0,0,0,0,2,0,0,0.0,0.0
arrival_d2,arrival_d2_111,1593705569,unevenArrival,20,fixed,2,1,0,1,2872.0,1464.8,1407.2,0.0,456.2,238,70,33,6,0,33,3,23,4,2,0,1,3,3,2,28,0,0,140,825.3,2.52,3,3,1,1,0,1,,19,9,2,1,4,0,2,0.0,0.0
arrival_d2,arrival_d2_112,1593715542,unevenArrival,20,fixed,2,1,0,1,3321.1,-1148.0,4469.1,389.1,310.0,294,50,74,90,1,25,21,0,3,0,4,11,9,8,8,31,0,0,140,1089.1,3.33,3,3,1,1,0,1,,3,0,0,0,2,0,1,0.0,0.0
arrival_d2,arrival_d2_113,1593725515,unevenArrival,20,fixed,2,1,0,1,3769.8,1093.4,2676.5,136.8,459.1,243,70,0,20,0,33,0,13,1,2,0,3,0,0,0,0,0,0,140,814.5,2.49,2,3,1,1,0,1,,6,8,0,1,2,0,1,0.0,0.0
arrival_d2,arrival_d2_114,1593735488,unevenArrival,20,fixed,2,1,0,1,1989.1,-1163.0,3152.1,309.1,310.0,199,45,69,88,0,25,7,0,1,0,1,11,12,11,11,68,0,0,140,919.1,2.81,3,3,1,1,0,1,,1,0,0,0,1,0,0,0.0,0.0
arrival_d2,arrival_d2_115,1593745461,unevenArrival,20,fixed,2,1,0,1,-3357.0,-3475.0,118.0,230.0,230.0,137,132,227,228,132,100,37,29,3,3,1,1,2,1,0,136,2,0,140,700.0,2.14,3,2,1,1,0,0,,37,36,0,0,6,0,0,0.0,0.0
arrival_d2,arrival_d2_116,1593755434,unevenArrival,20,fixed,2,1,0,1,3750.8,1702.0,2048.8,113.8,830.0,239,57,0,0,0,2,14,0,2,0,0,21,4,4,3,40,0,0,140,943.8,2.88,2,2,1,2,0,1,,4,0,0,0,1,0,1,0.0,0.0
arrival_d2,arrival_d2_117,1593765407,unevenArrival,20,fixed,2,1,0,1,4031.0,1371.5,2659.5,226.7,228.6,368,70,78,0,0,35,11,0,0,0,0,0,6,6,6,21,0,0,140,749.6,2.29,3,3,1,1,0,1,,0,0,0,0,0,0,0,0.0,0.0
arrival_d2,arrival_d2_118,1593775380,unevenArrival,20,fixed,2,1,0,1,5031.9,996.8,4035.1,198.9,274.7,394,45,50,0,0,0,32,0,1,0,0,0,3,3,3,6,0,0,140,737.9,2.25,3,3,1,1,0,1,,1,0,0,0,1,0,0,0.0,0.0
arrival_d2,arrival_d2_119,1593785353,unevenArrival,20,fixed,2,1,0,1,1786.1,1505.0,281.1,309.1,309.9,170,70,55,0,0,0,6,1,7,2,3,0,13,13,13,72,0,0,140,803.2,2.45,3,3,1,1,0,1,,12,1,1,0,3,0,6,0.0,0.0
arrival_d2,arrival_d2_120,1593795326,unevenArrival,20,fixed,2,1,0,1,1252.5,-573.8,1826.3,309.5,376.2,155,45,64,67,0,0,4,0,4,0,3,0,6,5,5,92,0,0,140,915.8,2.80,3,3,1,1,0,1,,9,0,1,0,2,0,2,0.0,0.0
arrival_d2,arrival_d2_121,1593805299,unevenArrival,20,fixed,2,1,0,1,2945.5,1170.0,1775.5,149.5,150.0,226,70,24,0,0,0,2,0,4,0,0,10,0,0,0,0,0,0,140,379.5,1.16,2,3,1,1,0,1,,17,0,3,0,3,1,0,0.0,0.0
arrival_d2,arrival_d2_122,1593815272,unevenArrival,20,fixed,2,1,0,1,3791.6,1957.5,1834.1,116.6,751.5,239,70,0,0,0,3,0,2,0,0,0,8,9,9,9,17,0,0,140,868.1,2.65,2,3,1,2,0,1,,0,0,0,0,0,0,0,0.0,0.0
arrival_d2,arrival_d2_123,1593825245,unevenArrival,20,fixed,2,1,0,1,3715.0,1816.1,1898.9,150.0,1050.1,229,70,0,23,0,3,3,0,2,0,10,8,14,14,14,41,0,0,140,1350.1,4.12,2,3,1,3,0,1,,10,0,1,0,2,0,0,0.0,0.0
arrival_d2,arrival_d2_124,1593835218,unevenArrival,20,fixed,2,1,0,1,3703.0,1307.0,2396.0,118.0,229.1,239,70,0,0,0,35,0,0,0,0,0,0,0,0,0,0,0,0,140,402.9,1.23,2,3,1,1,0,1,,0,0,0,0,0,0,0,0.0,0.0
arrival_d2,arrival_d2_125,1593845191,unevenArrival,20,fixed,2,1,0,1,3658.2,-248.9,3907.2,668.2,309.5,309,70,86,70,0,10,0,23,2,2,19,3,22,19,19,63,0,0,140,1126.8,3.44,4,3,3,1,0,1,,4,7,1,1,2,0,2,0.0,0.0
arrival_d2,arrival_d2_126,1593855164,unevenArrival,20,fixed,2,1,0,1,227.0,-387.0,614.0,0.0,682.0,238,70,141,95,0,0,13,0,4,0,0,8,14,14,14,45,1,0,140,842.0,2.57,3,3,1,3,0,1,,19,0,1,0,3,1,0,0.0,0.0
arrival_d2,arrival_d2_127,1593865137,unevenArrival,20,fixed,2,1,0,1,-3327.0,-3395.0,68.0,230.0,230.0,137,132,228,227,131,99,22,20,4,4,2,2,2,1,0,136,2,0,140,700.0,2.14,3,2,1,1,0,0,,8,7,1,1,4,0,4,0.0,0.0
arrival_d2,arrival_d2_128,1593875110,unevenArrival,20,fixed,2,1,0,1,3184.0,-5266.6,8450.6,230.0,309.1,374,45,154,258,0,87,41,9,2,1,11,4,42,42,41,46,0,0,140,987.6,3.02,3,3,1,1,0,1,,29,4,0,1,1,0,2,0.0,0.0
arrival_d2,arrival_d2_129,1593885083,unevenArrival,20,fixed,2,1,0,1,2157.5,-660.0,2817.5,309.5,460.0,185,45,54,74,0,26,7,0,3,0,3,10,11,11,11,87,0,0,140,1159.5,3.54,3,3,1,1,0,1,,4,0,0,0,2,0,1,0.0,0.0
arrival_d2,arrival_d2_130,1593895056,unevenArrival,20,fixed,2,1,0,2,332.0,1815.1,-1483.1,610.0,309.5,67,70,87,0,7,2,0,5,0,1,16,3,43,43,43,44,0,0,140,1148.6,3.51,4,3,2,1,1,1,,0,0,0,0,1,0,0,0.0,0.0
arrival_d2,arrival_d2_131,1593905029,unevenArrival,20,fixed,2,1,0,1,-25.0,-488.8,463.8,760.0,591.2,69,45,106,92,89,0,0,0,0,0,30,0,45,35,35,48,0,0,140,1581.2,4.83,3,3,3,1,1,1,,0,0,0,0,0,0,0,0.0,0.0
arrival_d2,arrival_d2_132,1593915002,unevenArrival,20,fixed,2,1,0,1,2345.0,-45.0,2390.0,0.0,460.0,236,50,58,52,0,26,16,0,4,0,0,10,7,6,6,28,0,0,140,760.0,2.32,3,3,1,1,0,1,,15,0,2,0,2,0,2,0.0,0.0
arrival_d2,arrival_d2_133,1593924975,unevenArrival,20,fixed,2,1,0,1,3731.6,1400.8,2330.8,116.6,309.1,239,70,0,2,0,13,0,14,0,1,0,1,1,1,0,97,0,0,140,575.2,1.76,2,3,1,1,0,1,,0,0,0,0,0,0,1,0.0,0.0
arrival_d2,arrival_d2_134,1593934948,unevenArrival,20,fixed,2,1,0,1,3718.1,1603.6,2114.5,133.1,539.1,239,70,0,0,0,4,0,5,0,4,0,4,0,0,0,0,0,0,140,741.2,2.26,2,3,1,1,0,1,,0,4,0,0,2,0,2,0.0,0.0
arrival_d2,arrival_d2_135,1593944921,unevenArrival,20,fixed,2,1,0,1,3701.6,1449.1,2252.5,116.6,309.5,239,70,0,0,0,34,0,14,0,2,0,3,0,0,0,0,0,0,140,655.2,2.00,2,3,1,1,0,1,,0,8,0,1,2,0,0,0.0,0.0
arrival_d2,arrival_d2_136,1593954894,unevenArrival,20,fixed,2,1,0,2,67.0,376.2,-309.2,310.0,376.2,54,45,56,35,97,17,0,1,0,0,11,0,14,13,13,13,0,0,140,1006.2,3.07,3,3,1,1,1,1,,0,0,0,0,0,0,0,0.0,0.0
arrival_d2,arrival_d2_137,1593964867,unevenArrival,20,fixed,2,1,0,1,-1522.0,-5620.0,4098.0,150.0,0.0,137,132,167,340,0,0,27,20,1,1,0,9,46,46,46,46,0,0,140,380.0,1.16,3,2,1,1,0,0,,26,34,0,0,1,0,1,0.0,0.0
arrival_d2,arrival_d2_138,1593974840,unevenArrival,20,fixed,2,1,0,1,3615.0,1205.0,2410.0,0.0,450.0,239,50,0,1,0,28,0,0,0,0,0,10,1,1,0,38,0,0,140,530.0,1.62,2,3,1,1,0,1,,0,0,0,0,0,0,0,0.0,0.0
arrival_d2,arrival_d2_139,1593984813,unevenArrival,20,fixed,2,1,0,1,3718.1,1871.6,1846.5,133.1,116.6,239,117,0,0,0,0,0,0,0,0,0,0,0,0,0,0,0,0,140,249.6,0.76,2,2,1,1,0,0,,0,0,0,0,0,0,0,0.0,0.0
arrival_d2,arrival_d2_140,1593994786,unevenArrival,20,fixed,2,1,0,1,2168.0,525.8,1642.2,150.0,309.1,238,70,64,37,0,2,2,17,3,1,10,1,1,1,0,82,0,0,140,768.6,2.35,3,3,1,1,0,1,,16,0,2,0,2,0,2,0.0,0.0
arrival_d2,arrival_d2_141,1594004759,unevenArrival,20,fixed,2,1,0,1,3787.5,1871.6,1915.9,299.5,116.6,232,117,0,0,0,0,6,0,4,0,0,0,0,0,0,0,0,0,140,496.1,1.52,2,2,1,1,0,0,,16,0,2,0,2,1,1,0.0,0.0
arrival_d2,arrival_d2_142,1594014732,unevenArrival,20,fixed,2,1,0,1,3605.0,1873.0,1732.0,0.0,118.0,238,117,0,0,0,0,5,0,6,0,0,0,0,0,0,0,0,0,140,268.0,0.82,3,2,1,1,0,0,,20,0,2,0,5,0,1,0.0,0.0
arrival_d2,arrival_d2_143,1594024705,unevenArrival,20,fixed,2,1,0,2,771.0,2290.0,-1519.0,610.0,0.0,67,132,57,0,35,0,0,0,0,0,18,0,29,28,28,65,0,0,140,760.0,2.32,4,2,2,1,1,0,,0,0,0,0,0,0,0,0.0,0.0
arrival_d2,arrival_d2_144,1594034678,unevenArrival,20,fixed,2,1,0,1,3625.0,1515.0,2110.0,0.0,680.0,239,57,0,0,0,2,0,0,0,0,0,20,2,2,1,44,0,0,140,680.0,2.08,2,2,1,2,0,1,,0,0,0,0,0,0,0,0.0,0.0
arrival_d2,arrival_d2_145,1594044651,unevenArrival,20,fixed,2,1,0,1,1693.0,1470.0,223.0,700.0,150.0,184,70,89,0,6,0,1,1,3,0,40,10,30,30,30,31,0,0,140,850.0,2.60,3,3,4,1,0,1,,11,0,0,0,0,2,1,0.0,0.0
arrival_d2,arrival_d2_146,1594054624,unevenArrival,20,fixed,2,1,0,1,4001.5,1713.2,2288.3,221.5,595.2,366,70,77,0,0,0,0,3,0,0,0,0,5,5,5,22,0,0,140,1082.8,3.31,3,3,1,1,0,1,,0,0,0,0,0,0,0,0.0,0.0
arrival_d2,arrival_d2_147,1594064597,unevenArrival,20,fixed,2,1,0,1,2732.8,1250.0,1482.8,137.8,460.0,223,50,30,1,0,25,10,17,11,0,0,10,1,1,0,38,1,0,140,827.8,2.53,2,3,1,1,0,1,,35,0,1,0,2,0,9,0.0,0.0
arrival_d2,arrival_d2_148,1594074570,unevenArrival,20,fixed,2,1,0,2,97.0,366.2,-269.2,310.0,376.2,54,45,54,35,124,17,0,1,0,0,11,0,13,12,12,14,0,0,140,1006.2,3.07,3,3,1,1,1,1,,0,0,0,0,0,0,0,0.0,0.0
arrival_d2,arrival_d2_149,1594084543,unevenArrival,20,fixed,2,1,0,1,5195.6,979.7,4215.9,290.6,146.7,398,45,53,0,0,43,2,0,0,0,0,9,7,7,7,10,0,0,140,907.3,2.77,3,3,1,1,0,1,,0,0,0,0,0,0,0,0.0,0.0
arrival_d5,arrival_d5_0,1592598566,unevenArrival,20,fixed,5,1,0,1,1940.1,-390.0,2330.1,309.1,460.0,170,45,52,64,0,24,18,0,1,0,4,10,11,11,10,87,0,0,140,1069.1,3.27,3,3,1,1,0,1,,1,0,0,0,0,0,1,0.0,0.0
arrival_d5,arrival_d5_1,1592608539,unevenArrival,20,fixed,5,1,0,1,3719.0,1475.4,2243.6,134.0,387.4,239,70,0,0,0,0,0,4,0,1,0,0,0,0,0,0,0,0,140,601.4,1.84,2,3,1,1,0,1,,0,1,0,0,1,0,0,0.0,0.0
arrival_d5,arrival_d5_2,1592618512,unevenArrival,20,fixed,5,1,0,1,4776.5,1815.0,2961.5,221.5,0.0,366,117,47,0,0,0,0,0,0,0,0,0,6,6,6,20,0,0,140,461.5,1.41,3,2,1,1,0,0,,0,0,0,0,0,0,0,0.0,0.0
arrival_d5,arrival_d5_3,1592628485,unevenArrival,20,fixed,5,1,0,1,3851.2,-960.0,4811.2,216.2,460.0,356,50,97,93,0,25,0,0,0,0,0,10,23,23,22,48,0,0,140,1066.2,3.26,3,3,1,1,0,1,,0,0,0,0,0,0,0,0.0,0.0
arrival_d5,arrival_d5_4,1592638458,unevenArrival,20,fixed,5,1,0,1,3733.6,1755.0,1978.6,148.6,0.0,239,117,0,0,0,0,0,3,0,0,0,0,0,0,0,0,0,0,140,148.6,0.45,2,2,1,1,0,0,,0,0,0,0,0,0,0,0.0,0.0
arrival_d5,arrival_d5_5,1592648431,unevenArrival,20,fixed,5,1,0,1,2084.9,985.0,1099.9,118.9,240.0,153,45,20,0,0,16,6,0,1,0,0,0,3,3,3,66,0,0,140,668.9,2.04,3,3,1,1,0,1,,2,0,0,0,1,0,0,0.0,0.0
arrival_d5,arrival_d5_6,1592658404,unevenArrival,20,fixed,5,1,0,1,2512.0,925.0,1587.0,380.0,150.0,219,45,55,0,18,0,3,0,2,0,51,10,13,13,13,14,0,0,140,760.0,2.32,3,3,5,1,0,1,,0,0,0,0,1,1,0,0.0,0.0
arrival_d5,arrival_d5_7,1592668377,unevenArrival,20,fixed,5,1,0,1,3763.6,1493.3,2270.3,148.6,309.5,239,75,0,2,0,53,0,1,0,2,0,4,1,1,0,95,0,0,140,687.6,2.10,2,3,1,1,0,1,,0,7,0,0,0,1,1,0.0,0.0
arrival_d5,arrival_d5_8,1592678350,unevenArrival,20,fixed,5,1,0,1,2921.0,1127.0,1794.0,150.0,310.0,238,50,33,3,0,36,4,0,3,0,10,11,3,3,2,33,0,0,140,770.0,2.35,2,3,1,1,0,1,,17,0,1,0,2,0,1,0.0,0.0
arrival_d5,arrival_d5_9,1592688323,unevenArrival,20,fixed,5,1,0,1,3069.5,956.1,2113.5,309.5,299.1,290,117,94,46,0,0,15,23,0,2,0,0,24,24,23,87,0,0,140,768.6,2.35,3,2,1,1,0,0,,0,4,0,1,1,0,1,0.0,0.0
arrival_d5,arrival_d5_10,1592698296,unevenArrival,20,fixed,5,1,0,1,2099.7,2027.4,72.4,114.7,1118.4,224,70,59,12,0,0,12,0,7,0,0,7,9,9,8,26,0,0,140,1313.1,4.01,3,3,1,3,0,1,,25,0,4,0,3,3,1,0.0,0.0
arrival_d5,arrival_d5_11,1592708269,unevenArrival,20,fixed,5,1,0,2,-3360.9,-2895.0,-465.9,379.1,0.0,137,132,233,199,0,96,31,19,1,1,0,0,1,1,0,133,0,0,140,539.1,1.65,3,2,1,1,0,0,,0,0,0,0,2,0,0,0.0,0.0
arrival_d5,arrival_d5_12,1592718242,unevenArrival,20,fixed,5,1,0,1,2685.2,705.0,1980.2,115.2,460.0,218,50,30,26,0,48,2,0,4,0,0,10,5,5,5,38,0,0,140,805.2,2.46,2,3,1,1,0,1,,20,0,3,0,2,2,0,0.0,0.0
arrival_d5,arrival_d5_13,1592728215,unevenArrival,20,fixed,5,1,0,1,1977.6,-290.0,2267.6,298.6,460.0,184,45,59,60,0,25,10,0,1,0,2,10,10,10,9,76,0,0,140,1148.6,3.51,3,3,1,1,0,1,,5,0,0,0,1,0,0,0.0,0.0
arrival_d5,arrival_d5_14,1592738188,unevenArrival,20,fixed,5,1,0,1,4201.8,370.3,3831.5,396.8,309.5,314,70,59,42,0,3,20,10,1,2,0,4,15,14,14,68,0,0,140,1095.9,3.35,3,3,1,1,0,1,,0,1,0,0,2,0,1,0.0,0.0
arrival_d5,arrival_d5_15,1592748161,unevenArrival,20,fixed,5,1,0,1,4803.0,41.7,4761.3,348.0,376.7,386,45,60,42,0,0,10,0,9,0,0,0,3,2,2,23,0,0,140,1034.7,3.16,3,3,1,1,0,1,,20,0,0,0,2,0,7,0.0,0.0
arrival_d5,arrival_d5_16,1592758134,unevenArrival,20,fixed,5,1,0,1,3703.9,1233.7,2470.2,118.9,146.7,239,70,0,0,0,32,0,0,0,4,0,10,0,0,0,0,0,0,140,415.6,1.27,2,3,1,1,0,1,,0,4,0,0,2,0,2,0.0,0.0
arrival_d5,arrival_d5_17,1592768107,unevenArrival,20,fixed,5,1,0,1,3072.0,-4025.2,7097.2,380.0,459.1,348,45,152,216,0,87,31,25,1,4,11,4,45,42,42,46,0,0,140,1298.6,3.97,3,3,1,1,0,1,,0,11,0,2,0,0,5,0.0,0.0
arrival_d5,arrival_d5_18,1592778080,unevenArrival,20,fixed,5,1,0,1,2201.6,1084.5,1117.1,266.6,379.5,143,45,14,0,0,0,19,0,0,0,0,0,3,3,3,80,0,0,140,806.1,2.46,3,3,1,1,0,1,,0,0,0,0,0,0,0,0.0,0.0
arrival_d5,arrival_d5_19,1592788053,unevenArrival,20,fixed,5,1,0,1,3776.0,1873.0,1903.0,150.0,118.0,244,117,0,0,0,0,4,0,3,0,10,0,0,0,0,0,0,0,140,348.0,1.06,2,2,1,1,0,0,,22,0,0,0,1,2,0,0.0,0.0
arrival_d5,arrival_d5_20,1592798026,unevenArrival,20,fixed,5,1,0,1,3869.7,1062.1,2807.6,146.7,309.1,247,45,0,0,0,70,11,8,2,2,10,4,0,0,0,0,0,0,140,827.8,2.53,3,3,1,1,0,1,,16,8,0,2,2,1,1,0.0,0.0
arrival_d5,arrival_d5_21,1592807999,unevenArrival,20,fixed,5,1,0,1,-146.0,-4304.7,4158.7,230.0,309.5,144,55,152,228,0,41,38,22,2,3,11,4,46,43,42,46,0,0,140,919.1,2.81,3,3,1,1,0,1,,4,6,0,1,3,0,2,0.0,0.0
arrival_d5,arrival_d5_22,1592817972,unevenArrival,20,fixed,5,1,0,1,2325.6,-5245.9,7571.6,139.6,309.5,356,70,171,268,0,2,34,15,3,2,0,4,36,36,36,54,0,0,140,828.2,2.53,3,3,1,1,0,1,,17,4,0,1,3,0,2,0.0,0.0
arrival_d5,arrival_d5_23,1592827945,unevenArrival,20,fixed,5,1,0,1,782.5,-2248.8,3031.4,309.5,591.2,170,45,97,144,0,0,7,0,3,0,3,0,10,10,10,83,0,0,140,1200.7,3.67,3,3,1,1,0,1,,4,0,0,0,1,0,2,0.0,0.0
arrival_d5,arrival_d5_24,1592837918,unevenArrival,20,fixed,5,1,0,1,896.1,610.0,286.1,309.1,460.0,153,50,74,29,0,21,9,0,1,0,2,10,2,2,1,106,0,0,140,1239.1,3.78,3,3,1,1,0,1,,6,0,0,0,1,0,0,0.0,0.0
arrival_d5,arrival_d5_25,1592847891,unevenArrival,20,fixed,5,1,0,1,3779.2,1335.0,2444.2,588.2,460.0,329,50,74,0,0,21,16,0,0,0,18,10,8,8,8,27,0,0,140,1198.2,3.66,4,3,3,1,0,1,,0,0,0,0,0,0,0,0.0,0.0
arrival_d5,arrival_d5_26,1592857864,unevenArrival,20,fixed,5,1,0,2,122.0,945.0,-823.0,310.0,150.0,56,45,55,0,98,0,0,0,0,0,11,10,13,13,12,104,0,0,140,700.0,2.14,3,3,1,1,1,1,,0,0,0,0,0,0,0,0.0,0.0
arrival_d5,arrival_d5_27,1592867837,unevenArrival,20,fixed,5,1,0,1,3733.6,1170.0,2563.6,148.6,80.0,239,70,0,0,0,30,1,0,0,0,0,0,0,0,0,0,0,0,140,308.6,0.94,2,3,1,1,0,1,,0,0,0,0,0,0,0,0.0,0.0
arrival_d5,arrival_d5_28,1592877810,unevenArrival,20,fixed,5,1,0,1,3763.6,1225.5,2538.1,148.6,309.5,239,60,0,2,0,35,2,13,0,2,0,4,1,1,0,95,0,0,140,618.1,1.89,2,3,1,1,0,1,,0,11,0,1,0,0,2,0.0,0.0
arrival_d5,arrival_d5_29,1592887783,unevenArrival,20,fixed,5,1,0,2,-791.5,-173.0,-618.5,309.5,830.0,170,60,151,84,0,1,24,16,2,0,3,11,9,5,4,99,0,0,140,1289.5,3.94,3,3,1,2,0,1,,1,0,0,0,0,0,2,0.0,0.0
arrival_d5,arrival_d5_30,1592897756,unevenArrival,20,fixed,5,1,0,1,2961.1,600.0,2361.1,291.1,830.0,368,57,134,45,0,1,0,0,0,0,0,10,15,15,15,56,0,0,140,1361.1,4.16,3,2,1,2,0,1,,0,0,0,0,0,0,0,0.0,0.0
arrival_d5,arrival_d5_31,1592907729,unevenArrival,20,fixed,5,1,0,1,667.5,-173.0,840.5,309.5,310.0,170,45,94,50,0,0,7,0,3,0,3,11,5,5,5,68,0,0,140,919.5,2.81,3,3,1,1,0,1,,4,0,0,0,1,0,2,0.0,0.0
arrival_d5,arrival_d5_32,1592917702,unevenArrival,20,fixed,5,1,0,1,3080.2,1660.5,1419.6,115.2,751.5,237,70,26,8,0,0,1,1,4,0,0,7,4,4,3,36,0,0,140,946.7,2.89,2,3,1,2,0,1,,20,0,3,0,3,1,0,0.0,0.0
arrival_d5,arrival_d5_33,1592927675,unevenArrival,20,fixed,5,1,0,1,949.9,-2048.8,2998.7,118.9,376.2,183,45,90,128,0,0,11,0,2,0,0,0,12,11,10,87,0,0,140,735.2,2.25,3,3,1,1,0,1,,32,0,0,0,0,0,2,0.0,0.0
arrival_d5,arrival_d5_34,1592937648,unevenArrival,20,fixed,5,1,0,1,2993.0,1467.5,1525.5,0.0,417.5,241,70,26,0,0,0,16,0,6,0,0,0,0,0,0,0,0,0,140,577.5,1.76,3,3,1,1,0,1,,26,0,1,0,4,1,1,0.0,0.0
arrival_d5,arrival_d5_35,1592947621,unevenArrival,20,fixed,5,1,0,1,-1855.0,-5869.0,4014.0,230.0,380.0,144,132,191,330,0,0,41,24,2,2,11,10,17,17,16,98,0,0,140,990.0,3.02,3,2,1,1,0,0,,26,27,0,0,1,0,3,0.0,0.0
arrival_d5,arrival_d5_36,1592957594,unevenArrival,20,fixed,5,1,0,1,4777.2,1949.0,2828.2,678.2,134.0,354,117,53,0,0,0,1,0,0,0,2,0,6,6,6,12,0,0,140,812.2,2.48,4,2,2,1,0,0,,0,0,0,0,0,0,0,0.0,0.0
arrival_d5,arrival_d5_37,1592967567,unevenArrival,20,fixed,5,1,0,1,2840.4,1014.9,1825.5,613.4,308.6,193,45,30,0,0,16,3,0,1,0,3,0,1,1,1,1,0,0,140,1114.7,3.40,3,3,1,1,0,1,,2,0,0,0,0,0,1,0.0,0.0
arrival_d5,arrival_d5_38,1592977540,unevenArrival,20,fixed,5,1,0,1,3719.0,1453.8,2265.2,134.0,309.1,239,70,0,0,0,64,0,12,0,2,0,2,0,0,0,0,0,0,140,672.6,2.05,2,3,1,1,0,1,,0,7,0,1,0,0,2,0.0,0.0
arrival_d5,arrival_d5_39,1592987513,unevenArrival,20,fixed,5,1,0,2,1093.0,1395.0,-302.0,620.0,240.0,74,45,57,0,4,15,0,0,0,0,29,0,42,42,41,42,0,0,140,1010.0,3.08,3,3,3,1,1,1,,0,0,0,0,0,0,0,0.0,0.0
arrival_d5,arrival_d5_40,1592997486,unevenArrival,20,fixed,5,1,0,1,3696.7,1634.9,2061.8,146.7,458.6,238,75,0,2,0,53,3,1,2,2,10,4,1,1,0,97,0,0,140,823.9,2.52,2,3,1,1,0,1,,10,8,1,0,1,1,2,0.0,0.0
arrival_d5,arrival_d5_41,1593007459,unevenArrival,20,fixed,5,1,0,1,3731.6,1504.8,2226.8,116.6,309.1,239,75,0,2,0,53,0,4,0,1,0,2,1,1,0,97,0,0,140,655.2,2.00,2,3,1,1,0,1,,0,4,0,0,0,1,0,0.0,0.0
arrival_d5,arrival_d5_42,1593017432,unevenArrival,20,fixed,5,1,0,1,3763.6,1487.8,2275.8,148.6,309.5,239,75,0,2,0,53,12,1,1,2,0,4,1,1,0,97,0,0,140,676.7,2.07,2,3,1,1,0,1,,0,7,0,0,0,1,2,0.0,0.0
arrival_d5,arrival_d5_43,1593027405,unevenArrival,20,fixed,5,1,0,1,3783.6,1485.0,2298.6,148.6,680.0,239,57,0,2,0,2,2,0,0,0,0,20,3,3,2,42,0,0,140,828.6,2.53,2,2,1,2,0,1,,0,0,0,0,0,0,0,0.0,0.0
arrival_d5,arrival_d5_44,1593037378,unevenArrival,20,fixed,5,1,0,2,1275.0,1698.0,-423.0,920.0,300.0,94,70,65,0,71,0,0,2,0,1,50,0,33,32,32,33,0,0,140,1380.0,4.21,3,3,5,1,1,1,,0,1,0,0,0,0,1,0.0,0.0
arrival_d5,arrival_d5_45,1593047351,unevenArrival,20,fixed,5,1,0,1,3750.5,1225.0,2525.5,149.5,460.0,239,50,0,2,0,47,0,0,1,0,0,10,1,1,0,47,0,0,140,759.5,2.32,2,3,1,1,0,1,,7,0,0,0,1,0,0,0.0,0.0
arrival_d5,arrival_d5_46,1593057324,unevenArrival,20,fixed,5,1,0,1,3748.1,1225.0,2523.1,133.1,460.0,239,50,0,2,0,48,0,0,0,0,0,10,1,1,0,47,0,0,140,743.1,2.27,2,3,1,1,0,1,,0,0,0,0,0,0,0,0.0,0.0
arrival_d5,arrival_d5_47,1593067297,unevenArrival,20,fixed,5,1,0,1,2278.5,310.0,1968.5,309.5,610.0,185,45,37,42,0,26,1,0,1,0,3,10,1,1,0,111,0,0,140,1309.5,4.00,3,3,1,1,0,1,,6,0,0,0,0,0,1,0.0,0.0
arrival_d5,arrival_d5_48,1593077270,unevenArrival,20,fixed,5,1,0,2,-3545.0,-2865.0,-680.0,230.0,380.0,137,132,236,207,87,0,55,42,3,2,2,2,2,2,1,131,0,0,140,770.0,2.35,3,2,1,1,0,0,,32,32,0,0,5,0,0,0.0,0.0
arrival_d5,arrival_d5_49,1593087243,unevenArrival,20,fixed,5,1,0,1,2082.5,1022.0,1060.5,309.5,309.1,155,45,22,0,0,16,9,0,2,0,3,0,1,1,1,88,0,0,140,824.5,2.52,3,3,1,1,0,1,,44,0,0,0,0,0,2,0.0,0.0
arrival_d5,arrival_d5_50,1593097216,unevenArrival,20,fixed,5,1,0,1,3095.2,1504.8,1590.4,115.2,309.1,220,75,14,2,0,53,2,4,4,1,0,2,1,1,0,97,0,0,140,733.8,2.24,2,3,1,1,0,1,,20,4,3,0,2,3,0,0.0,0.0
arrival_d5,arrival_d5_51,1593107189,unevenArrival,20,fixed,5,1,0,1,3683.0,992.7,2690.3,150.0,146.7,237,70,0,8,0,2,8,3,2,4,10,10,0,0,0,0,0,0,140,456.7,1.39,3,3,1,1,0,1,,16,7,1,0,4,0,2,0.0,0.0
arrival_d5,arrival_d5_52,1593117162,unevenArrival,20,fixed,5,1,0,1,3853.9,1210.0,2643.9,198.9,150.0,354,70,74,0,0,0,38,4,0,0,0,10,4,4,4,19,0,0,140,578.9,1.77,3,3,1,1,0,1,,0,0,0,0,0,0,0,0.0,0.0
arrival_d5,arrival_d5_53,1593127135,unevenArrival,20,fixed,5,1,0,1,3733.6,1065.1,2668.5,148.6,309.1,239,45,0,0,0,69,0,9,0,2,0,4,0,0,0,0,0,0,140,675.8,2.06,2,3,1,1,0,1,,0,8,0,2,1,0,1,0.0,0.0
arrival_d5,arrival_d5_54,1593137108,unevenArrival,20,fixed,5,1,0,1,3936.7,1228.0,2708.7,216.7,80.0,368,70,80,0,0,31,0,1,0,1,0,0,6,6,6,19,0,0,140,536.7,1.64,3,3,1,1,0,1,,0,1,0,0,1,0,0,0.0,0.0
arrival_d5,arrival_d5_55,1593147081,unevenArrival,20,fixed,5,1,0,1,3763.6,1462.6,2301.0,148.6,309.1,239,75,0,2,0,35,0,4,0,1,0,2,1,1,0,81,0,0,140,606.7,1.85,2,3,1,1,0,1,,0,5,0,0,0,0,1,0.0,0.0
arrival_d5,arrival_d5_56,1593157054,unevenArrival,20,fixed,5,1,0,2,182.0,1291.8,-1109.8,230.0,309.5,54,45,53,0,94,48,0,0,0,0,11,4,19,19,18,94,0,0,140,998.1,3.05,3,3,1,1,1,1,,0,0,0,0,0,0,0,0.0,0.0
arrival_d5,arrival_d5_57,1593167027,unevenArrival,20,fixed,5,1,0,1,3878.0,1392.3,2485.7,150.0,309.5,250,70,0,2,0,14,6,32,2,0,10,4,1,1,0,95,0,0,140,609.1,1.86,2,3,1,1,0,1,,11,0,1,0,2,0,0,0.0,0.0
arrival_d5,arrival_d5_58,1593177000,unevenArrival,20,fixed,5,1,0,1,2122.5,1042.0,1080.5,309.5,309.1,155,45,22,0,0,16,9,0,2,0,3,0,3,3,3,65,0,0,140,824.5,2.52,3,3,1,1,0,1,,44,0,0,0,0,0,2,0.0,0.0
arrival_d5,arrival_d5_59,1593186973,unevenArrival,20,fixed,5,1,0,1,1932.5,285.0,1647.5,309.5,460.0,170,45,43,37,0,25,7,0,3,0,3,10,2,2,1,106,0,0,140,1149.5,3.51,3,3,1,1,0,1,,4,0,0,0,1,0,2,0.0,0.0
arrival_d5,arrival_d5_60,1593196946,unevenArrival,20,fixed,5,1,0,1,2542.0,1257.6,1284.4,380.0,309.1,214,45,53,0,22,63,3,0,2,0,61,2,17,17,17,21,0,0,140,1148.1,3.51,3,3,6,1,0,1,,0,0,0,0,2,0,0,0.0,0.0
arrival_d5,arrival_d5_61,1593206919,unevenArrival,20,fixed,5,1,0,2,-3580.5,-2433.0,-1147.5,309.5,292.0,137,132,251,201,0,0,26,18,1,1,0,0,21,11,10,113,0,0,140,601.5,1.84,3,2,1,1,0,0,,0,0,0,0,2,0,0,0.0,0.0
arrival_d5,arrival_d5_62,1593216892,unevenArrival,20,fixed,5,1,0,2,3666.8,3811.5,-144.7,136.8,301.5,234,225,0,0,0,34,0,0,1,0,0,0,1,1,0,28,0,0,140,668.4,2.04,2,3,1,1,0,2,,5,0,0,0,0,1,0,0.0,0.0
arrival_d5,arrival_d5_63,1593226865,unevenArrival,20,fixed,5,1,0,1,687.0,577.8,109.2,460.0,309.1,54,70,29,36,31,2,0,26,0,0,11,2,3,3,2,126,0,0,140,1148.6,3.51,3,3,1,1,1,1,,0,0,0,0,0,0,0,0.0,0.0
arrival_d5,arrival_d5_64,1593236838,unevenArrival,20,fixed,5,1,0,2,1301.0,1613.1,-312.1,620.0,379.1,174,70,107,10,2,4,3,4,3,2,30,4,43,43,42,45,0,0,140,999.1,3.05,3,3,3,2,0,1,,12,2,0,0,1,2,2,0.0,0.0
arrival_d5,arrival_d5_65,1593246811,unevenArrival,20,fixed,5,1,0,1,2006.5,-290.0,2296.5,309.5,460.0,170,45,51,60,0,25,7,0,1,0,3,10,11,11,10,88,1,0,140,1149.5,3.51,3,3,1,1,0,1,,2,0,0,0,0,0,1,0.0,0.0
arrival_d5,arrival_d5_66,1593256784,unevenArrival,20,fixed,5,1,0,2,-3580.5,-2425.5,-1155.0,309.5,299.5,137,132,251,201,0,0,25,21,1,1,0,0,21,11,10,113,0,0,140,609.1,1.86,3,2,1,1,0,0,,0,0,0,0,1,0,1,0.0,0.0
arrival_d5,arrival_d5_67,1593266757,unevenArrival,20,fixed,5,1,0,1,4732.8,482.8,4250.0,594.8,309.1,339,70,44,39,0,2,1,16,0,0,9,2,5,5,4,117,0,0,140,1133.4,3.46,4,3,2,1,0,1,,0,0,0,0,0,0,0,0.0,0.0
arrival_d5,arrival_d5_68,1593276730,unevenArrival,20,fixed,5,1,0,1,2119.1,977.3,1141.8,309.1,275.2,169,45,32,0,0,0,9,0,1,0,2,0,1,1,1,56,0,0,140,768.5,2.35,3,3,1,1,0,1,,7,0,0,0,1,0,0,0.0,0.0
arrival_d5,arrival_d5_69,1593286703,unevenArrival,20,fixed,5,1,0,1,3727.8,1491.3,2236.5,112.8,309.5,239,75,0,2,0,53,0,1,0,2,0,4,1,1,0,96,0,0,140,651.9,1.99,2,3,1,1,0,1,,0,8,0,0,1,1,0,0.0,0.0
arrival_d5,arrival_d5_70,1593296676,unevenArrival,20,fixed,5,1,0,1,3188.7,1299.9,1888.8,146.7,228.6,247,70,25,0,0,32,12,0,5,0,10,0,0,0,0,0,0,0,140,498.0,1.52,3,3,1,1,0,1,,24,0,0,0,3,1,1,0.0,0.0
arrival_d5,arrival_d5_71,1593306649,unevenArrival,20,fixed,5,1,0,1,3947.5,1349.5,2598.0,149.5,299.5,256,70,0,0,0,0,3,2,1,0,10,0,0,0,0,0,0,0,140,449.1,1.37,2,3,1,1,0,1,,6,0,0,0,0,1,0,0.0,0.0
arrival_d5,arrival_d5_72,1593316622,unevenArrival,20,fixed,5,1,0,1,3636.5,1311.5,2325.1,149.5,228.6,233,70,0,0,0,32,0,0,1,0,0,0,0,0,0,0,0,0,140,443.9,1.36,2,3,1,1,0,1,,4,0,1,0,1,0,0,0.0,0.0
arrival_d5,arrival_d5_73,1593326595,unevenArrival,20,fixed,5,1,0,1,-3313.0,-3388.0,75.0,380.0,380.0,137,132,230,228,34,0,47,51,2,2,2,2,1,1,0,133,0,0,140,840.0,2.57,3,2,1,1,0,0,,31,31,0,0,4,0,0,0.0,0.0
arrival_d5,arrival_d5_74,1593336568,unevenArrival,20,fixed,5,1,0,1,2172.1,2136.0,36.1,309.1,126.0,153,132,22,0,0,0,8,0,2,0,2,0,1,1,0,103,0,0,140,675.1,2.06,3,2,1,1,0,0,,8,0,0,0,2,0,0,0.0,0.0
arrival_d5,arrival_d5_75,1593346541,unevenArrival,20,fixed,5,1,0,2,42.0,2170.0,-2128.0,230.0,0.0,54,132,57,0,101,0,0,12,0,1,11,0,17,17,16,92,0,0,140,470.0,1.44,3,2,1,1,1,0,,0,0,0,0,0,0,1,0.0,0.0
arrival_d5,arrival_d5_76,1593356514,unevenArrival,20,fixed,5,1,0,1,2746.7,800.0,1946.7,114.7,460.0,230,50,34,19,0,48,3,0,6,0,0,10,1,1,0,47,0,0,140,804.7,2.46,3,3,1,1,0,1,,19,0,3,0,2,2,2,0.0,0.0
arrival_d5,arrival_d5_77,1593366487,unevenArrival,20,fixed,5,1,0,2,-3580.5,-2432.5,-1147.9,309.5,292.5,137,132,251,201,0,0,25,19,1,1,0,0,21,11,10,113,0,0,140,602.0,1.84,3,2,1,1,0,0,,0,0,0,0,2,0,0,0.0,0.0
arrival_d5,arrival_d5_78,1593376460,unevenArrival,20,fixed,5,1,0,1,2154.5,1152.0,1002.5,309.5,415.3,155,45,24,0,0,21,9,0,1,0,3,0,3,3,3,64,0,0,140,938.2,2.87,3,3,1,1,0,1,,3,0,0,0,0,0,1,0.0,0.0
arrival_d5,arrival_d5_79,1593386433,unevenArrival,20,fixed,5,1,0,1,2425.0,2013.0,412.0,680.0,118.0,194,117,55,0,19,0,2,0,2,0,50,0,14,14,14,15,0,0,140,958.0,2.93,3,2,5,1,0,0,,0,0,0,0,2,0,0,0.0,0.0
arrival_d5,arrival_d5_80,1593396406,unevenArrival,20,fixed,5,1,0,1,-1692.0,-1699.0,7.0,380.0,460.0,144,132,173,166,44,0,40,31,1,1,4,3,1,1,0,133,0,0,140,990.0,3.02,3,2,1,1,0,0,,0,0,0,0,2,0,0,0.0,0.0
arrival_d5,arrival_d5_81,1593406379,unevenArrival,20,fixed,5,1,0,1,1411.0,-2656.9,4067.9,260.0,663.1,173,45,75,163,0,0,13,0,3,0,0,0,12,11,11,98,0,0,140,1233.1,3.77,3,3,1,1,0,1,,2,0,0,0,1,0,2,0.0,0.0
arrival_d5,arrival_d5_82,1593416352,unevenArrival,20,fixed,5,1,0,1,4416.9,35.0,4381.9,268.9,460.0,384,45,84,49,0,34,35,0,1,0,0,10,15,15,15,22,0,0,140,1118.9,3.42,3,3,1,1,0,1,,1,0,0,0,0,0,1,0.0,0.0
arrival_d5,arrival_d5_83,1593426325,unevenArrival,20,fixed,5,1,0,2,448.6,3605.0,-3156.4,378.6,0.0,92,132,90,0,0,0,0,3,0,0,0,0,83,41,41,51,0,0,140,528.6,1.61,3,2,2,1,1,0,,0,0,0,0,0,0,0,0.0,0.0
arrival_d5,arrival_d5_84,1593436298,unevenArrival,20,fixed,5,1,0,1,2157.1,1215.1,942.0,309.1,457.2,155,45,22,0,0,16,10,0,3,0,4,0,1,1,1,88,0,0,140,1062.0,3.24,3,3,1,1,0,1,,5,0,0,0,0,0,3,0.0,0.0
arrival_d5,arrival_d5_85,1593446271,unevenArrival,20,fixed,5,1,0,2,-3362.8,-2895.0,-467.8,377.2,0.0,137,132,233,199,0,96,32,19,1,1,0,0,1,1,0,133,0,0,140,537.2,1.64,3,2,1,1,0,0,,0,0,0,0,2,0,0,0.0,0.0
arrival_d5,arrival_d5_86,1593456244,unevenArrival,20,fixed,5,1,0,1,1433.0,-5593.8,7026.8,690.0,376.2,204,45,131,273,8,0,28,4,1,0,24,0,39,39,39,40,0,0,140,1146.2,3.50,3,3,5,1,0,1,,0,0,0,0,1,0,0,0.0,0.0
arrival_d5,arrival_d5_87,1593466217,unevenArrival,20,fixed,5,1,0,2,-3471.0,-2856.0,-615.0,230.0,230.0,137,132,233,202,68,0,18,34,1,2,3,2,3,2,1,131,0,0,140,620.0,1.89,3,2,1,1,0,0,,31,30,0,0,3,0,0,0.0,0.0
arrival_d5,arrival_d5_88,1593476190,unevenArrival,20,fixed,5,1,0,1,2961.0,1299.9,1661.1,150.0,228.6,238,70,27,0,0,32,2,4,17,0,10,0,0,0,0,0,0,0,140,501.3,1.53,2,3,1,1,0,1,,47,0,1,0,2,0,15,0.0,0.0
arrival_d5,arrival_d5_89,1593486163,unevenArrival,20,fixed,5,1,0,2,-3369.9,-2895.0,-474.9,370.1,0.0,137,132,233,199,0,96,30,18,1,1,0,0,1,1,0,133,0,0,140,530.1,1.62,3,2,1,1,0,0,,0,0,0,0,2,0,0,0.0,0.0
arrival_d5,arrival_d5_90,1593496136,unevenArrival,20,fixed,5,1,0,1,2292.5,2173.1,119.5,309.5,133.1,155,132,22,0,0,0,10,0,2,0,3,0,6,6,6,69,0,0,140,672.6,2.05,3,2,1,1,0,0,,9,0,0,0,1,0,1,0.0,0.0
arrival_d5,arrival_d5_91,1593506109,unevenArrival,20,fixed,5,1,0,1,2691.7,1480.0,1211.7,146.7,680.0,247,57,46,2,0,1,9,0,9,0,10,15,2,2,1,44,0,0,140,906.7,2.77,3,2,1,2,0,1,,30,0,0,0,3,1,5,0.0,0.0
arrival_d5,arrival_d5_92,1593516082,unevenArrival,20,fixed,5,1,0,2,3072.0,3775.8,-703.8,0.0,309.1,247,225,30,2,0,36,16,21,5,2,0,5,5,4,4,69,0,0,140,688.6,2.10,3,3,1,1,0,2,,24,9,0,0,3,2,2,0.0,0.0
arrival_d5,arrival_d5_93,1593526055,unevenArrival,20,fixed,5,1,0,1,3924.6,1300.0,2624.6,219.6,160.0,366,70,80,0,0,27,0,0,0,0,0,0,5,5,5,20,0,0,140,689.6,2.11,3,3,1,1,0,1,,0,0,0,0,0,0,0,0.0,0.0
arrival_d5,arrival_d5_94,1593536028,unevenArrival,20,fixed,5,1,0,1,-418.0,-871.4,453.4,230.0,458.1,54,70,77,106,40,39,1,6,0,5,11,4,20,16,16,49,0,0,140,1077.2,3.29,3,3,1,1,1,1,,0,6,0,0,4,0,1,0.0,0.0
arrival_d5,arrival_d5_95,1593546001,unevenArrival,20,fixed,5,1,0,2,-3020.0,2471.0,-5491.0,380.0,230.0,52,132,186,31,88,0,20,25,1,2,10,4,50,32,31,66,0,0,140,690.0,2.11,3,2,1,1,1,0,,0,6,0,0,2,0,1,0.0,0.0
arrival_d5,arrival_d5_96,1593555974,unevenArrival,20,fixed,5,1,0,1,-3400.5,-3595.9,195.5,309.5,229.1,137,132,233,233,26,0,22,19,3,1,0,0,1,1,0,133,0,0,140,618.6,1.89,3,2,1,1,0,0,,5,0,0,0,3,0,1,0.0,0.0
arrival_d5,arrival_d5_97,1593565947,unevenArrival,20,fixed,5,1,0,2,2853.8,3821.5,-967.8,137.8,301.5,231,225,33,0,0,33,2,0,2,0,0,0,1,1,0,11,0,0,140,829.3,2.53,2,3,1,1,0,2,,12,0,1,0,0,2,0,0.0,0.0
arrival_d5,arrival_d5_98,1593575920,unevenArrival,20,fixed,5,1,0,2,-1868.0,-542.8,-1325.2,230.0,456.2,54,55,151,102,41,40,0,21,0,1,11,2,48,29,29,72,0,0,140,1086.2,3.32,3,3,1,1,1,1,,0,4,0,1,1,0,0,0.0,0.0
arrival_d5,arrival_d5_99,1593585893,unevenArrival,20,fixed,5,1,0,2,-3529.0,-2771.0,-758.0,230.0,380.0,137,132,235,203,86,0,59,50,2,2,3,2,2,2,1,131,0,0,140,770.0,2.35,3,2,1,1,0,0,,35,35,0,0,4,0,0,0.0,0.0
arrival_d5,arrival_d5_100,1593595866,unevenArrival,20,fixed,5,1,0,1,2619.0,1395.6,1223.4,380.0,530.1,224,45,55,0,20,22,6,0,2,0,62,0,16,16,16,17,0,1,140,1211.1,3.70,3,3,6,1,0,1,,0,0,0,0,1,1,0,0.0,0.0
arrival_d5,arrival_d5_101,1593605839,unevenArrival,20,fixed,5,1,0,1,849.8,-1660.0,2509.8,835.8,0.0,146,132,102,156,0,0,0,13,0,0,12,0,19,15,14,105,0,0,140,995.8,3.04,3,2,4,1,1,0,,0,0,0,0,0,0,0,0.0,0.0
arrival_d5,arrival_d5_102,1593615812,unevenArrival,20,fixed,5,1,0,1,2507.0,925.0,1582.0,540.0,150.0,214,45,56,0,18,0,2,0,2,0,61,10,13,13,13,15,0,0,140,850.0,2.60,3,3,6,1,0,1,,0,0,0,0,2,0,0,0.0,0.0
arrival_d5,arrival_d5_103,1593625785,unevenArrival,20,fixed,5,1,0,1,-2701.9,-3117.9,416.1,608.1,309.1,156,132,236,219,14,28,32,38,2,3,0,0,7,6,5,123,1,0,140,1397.2,4.27,4,2,2,1,0,0,,45,31,1,1,1,0,4,0.0,0.0
arrival_d5,arrival_d5_104,1593635758,unevenArrival,20,fixed,5,1,0,1,2145.5,997.3,1148.2,309.5,275.2,155,45,24,0,0,0,11,0,2,0,4,0,3,3,3,64,0,0,140,768.9,2.35,3,3,1,1,0,1,,6,0,0,0,0,0,2,0.0,0.0
arrival_d5,arrival_d5_105,1593645731,unevenArrival,20,fixed,5,1,0,1,3030.0,1349.5,1680.5,150.0,299.5,244,70,28,0,0,0,5,3,17,0,10,0,0,0,0,0,0,0,140,529.5,1.62,2,3,1,1,0,1,,45,0,0,0,0,2,15,0.0,0.0
arrival_d5,arrival_d5_106,1593655704,unevenArrival,20,fixed,5,1,0,1,2159.5,805.0,1354.5,309.5,150.0,155,45,22,0,0,0,9,0,2,0,4,10,1,1,1,63,0,0,140,609.5,1.86,3,3,1,1,0,1,,4,0,0,0,1,0,1,0.0,0.0
arrival_d5,arrival_d5_107,1593665677,unevenArrival,20,fixed,5,1,0,1,3591.1,868.1,2722.9,389.1,160.0,207,45,0,0,0,16,3,0,2,0,2,0,0,0,0,0,0,0,140,845.3,2.58,3,3,1,1,0,1,,6,0,0,0,2,0,0,0.0,0.0
arrival_d5,arrival_d5_108,1593675650,unevenArrival,20,fixed,5,1,0,2,-3360.9,-2895.0,-465.9,379.1,0.0,137,132,233,199,0,96,34,19,1,1,0,0,1,1,0,133,0,0,140,539.1,1.65,3,2,1,1,0,0,,0,0,0,0,2,0,0,0.0,0.0
arrival_d5,arrival_d5_109,1593685623,unevenArrival,20,fixed,5,1,0,1,2009.1,-315.0,2324.1,309.1,460.0,170,45,49,61,0,25,7,0,3,0,4,10,11,11,10,88,0,0,140,1069.1,3.27,3,3,1,1,0,1,,4,0,0,0,1,0,2,0.0,0.0
arrival_d5,arrival_d5_110,1593695596,unevenArrival,20,fixed,5,1,0,1,-317.0,-5632.3,5315.3,610.0,296.7,93,55,116,276,79,20,0,11,1,1,17,2,20,20,20,38,1,0,140,1296.7,3.96,4,3,4,1,1,1,,3,4,0,1,2,0,0,0.0,0.0
arrival_d5,arrival_d5_111,1593705569,unevenArrival,20,fixed,5,1,0,1,3686.0,1822.9,1863.1,0.0,0.0,241,117,0,0,0,0,5,0,4,0,0,0,0,0,0,0,0,0,140,365.9,1.12,3,2,1,1,0,0,,22,0,1,0,2,2,0,0.0,0.0
arrival_d5,arrival_d5_112,1593715542,unevenArrival,20,fixed,5,1,0,1,2986.1,1871.6,1114.5,389.1,116.6,167,117,0,0,0,0,8,0,2,0,5,0,0,0,0,0,0,0,140,735.6,2.25,3,2,1,1,0,0,,4,0,0,0,1,0,1,0.0,0.0
arrival_d5,arrival_d5_113,1593725515,unevenArrival,20,fixed,5,1,0,1,3771.8,1233.7,2538.1,136.8,146.7,243,70,0,0,0,32,0,0,1,4,0,10,0,0,0,0,0,0,140,433.5,1.32,2,3,1,1,0,1,,5,4,0,0,2,1,2,0.0,0.0
arrival_d5,arrival_d5_114,1593735488,unevenArrival,20,fixed,5,1,0,1,-3400.9,-3595.5,194.5,309.1,229.5,137,132,233,233,26,0,21,19,3,1,0,0,1,1,0,133,0,0,140,618.6,1.89,3,2,1,1,0,0,,5,0,0,0,2,0,2,0.0,0.0
arrival_d5,arrival_d5_115,1593745461,unevenArrival,20,fixed,5,1,0,1,-1995.0,-2412.0,417.0,540.0,310.0,144,132,191,190,32,50,27,22,1,1,5,4,2,2,1,131,0,0,140,1000.0,3.05,3,2,1,1,0,0,,0,0,0,0,0,0,2,0.0,0.0
arrival_d5,arrival_d5_116,1593755434,unevenArrival,20,fixed,5,1,0,1,3830.8,2059.3,1771.5,113.8,765.3,239,70,0,0,0,2,14,1,2,0,0,12,12,12,11,12,0,0,140,959.1,2.93,2,3,1,3,0,1,,4,0,0,0,1,0,1,0.0,0.0
arrival_d5,arrival_d5_117,1593765407,unevenArrival,20,fixed,5,1,0,1,4056.3,1214.0,2842.3,295.3,150.0,368,70,79,0,0,0,14,0,1,4,0,10,5,5,5,21,0,0,140,685.3,2.09,3,3,1,1,0,1,,2,3,0,0,2,0,3,0.0,0.0
arrival_d5,arrival_d5_118,1593775380,unevenArrival,20,fixed,5,1,0,1,5063.9,1320.8,3743.2,188.9,509.8,394,45,51,0,0,35,18,0,0,1,0,0,6,6,6,6,0,0,140,1098.7,3.36,3,3,1,1,0,1,,0,2,0,0,0,0,1,0.0,0.0
arrival_d5,arrival_d5_119,1593785353,unevenArrival,20,fixed,5,1,0,1,2627.1,-1343.0,3970.1,389.1,310.0,278,50,94,99,1,24,2,0,2,0,4,11,11,11,10,84,0,0,140,1089.1,3.33,3,3,1,1,0,1,,5,0,0,0,1,0,1,0.0,0.0
arrival_d5,arrival_d5_120,1593795326,unevenArrival,20,fixed,5,1,0,1,3760.5,1871.6,1888.9,389.5,116.6,273,117,33,0,1,0,2,0,2,0,3,0,0,0,0,0,0,0,140,746.1,2.28,3,2,1,1,0,0,,5,0,0,0,1,0,1,0.0,0.0
arrival_d5,arrival_d5_121,1593805299,unevenArrival,20,fixed,5,1,0,1,3136.5,1235.1,1901.5,149.5,309.1,227,60,18,2,0,37,0,16,4,2,0,4,1,1,0,78,0,0,140,698.6,2.13,2,3,1,1,0,1,,19,6,3,1,3,2,1,0.0,0.0
arrival_d5,arrival_d5_122,1593815272,unevenArrival,20,fixed,5,1,0,1,3701.6,1349.5,2352.1,116.6,299.5,239,70,0,0,0,0,0,2,0,0,0,0,0,0,0,0,0,0,140,416.1,1.27,2,3,1,1,0,1,,0,0,0,0,0,0,0,0.0,0.0
arrival_d5,arrival_d5_123,1593825245,unevenArrival,20,fixed,5,1,0,1,3718.0,1225.0,2493.0,150.0,460.0,244,50,0,2,0,48,3,0,2,0,10,10,1,1,0,47,0,0,140,760.0,2.32,2,3,1,1,0,1,,46,0,0,0,0,2,0,0.0,0.0
arrival_d5,arrival_d5_124,1593835218,unevenArrival,20,fixed,5,1,0,1,3703.0,1170.0,2533.0,118.0,150.0,239,70,0,0,0,0,0,1,0,0,0,10,0,0,0,0,0,0,140,268.0,0.82,2,3,1,1,0,1,,0,0,0,0,0,0,0,0.0,0.0
arrival_d5,arrival_d5_125,1593845191,unevenArrival,20,fixed,5,1,0,1,3909.6,1209.5,2700.1,209.6,149.5,366,70,78,0,0,0,0,0,0,0,0,10,4,4,4,23,0,0,140,519.2,1.59,3,3,1,1,0,1,,0,0,0,0,0,0,0,0.0,0.0
arrival_d5,arrival_d5_126,1593855164,unevenArrival,20,fixed,5,1,0,1,3090.0,1387.1,1702.9,0.0,309.5,247,70,27,2,0,16,7,7,16,1,0,5,1,1,0,96,0,0,140,698.6,2.13,3,3,1,1,0,1,,45,1,0,0,0,2,15,0.0,0.0
arrival_d5,arrival_d5_127,1593865137,unevenArrival,20,fixed,5,1,0,2,877.0,921.5,-44.5,530.0,371.5,54,45,25,9,30,0,22,0,0,0,11,0,4,4,3,121,0,0,140,1211.5,3.70,3,3,1,1,1,1,,0,0,0,0,0,0,0,0.0,0.0
arrival_d5,arrival_d5_128,1593875110,unevenArrival,20,fixed,5,1,0,1,2702.0,1191.8,1510.2,460.0,309.5,229,45,54,0,16,78,9,0,2,0,61,4,11,11,11,15,0,0,140,1228.1,3.75,3,3,6,1,0,1,,0,0,0,0,1,1,0,0.0,0.0
arrival_d5,arrival_d5_129,1593885083,unevenArrival,20,fixed,5,1,0,2,-3360.5,-2895.0,-465.5,379.5,0.0,137,132,233,199,0,96,32,19,1,1,0,0,1,1,0,133,0,0,140,539.5,1.65,3,2,1,1,0,0,,0,0,0,0,2,0,0,0.0,0.0
arrival_d5,arrival_d5_130,1593895056,unevenArrival,20,fixed,5,1,0,1,-3451.0,-3738.0,287.0,380.0,380.0,137,132,238,242,34,0,43,45,2,2,2,2,3,3,2,129,0,0,140,840.0,2.57,3,2,1,1,0,0,,30,31,0,0,4,0,0,0.0,0.0
arrival_d5,arrival_d5_131,1593905029,unevenArrival,20,fixed,5,1,0,1,1790.0,1752.2,37.8,760.0,422.2,188,70,88,0,4,0,0,0,0,0,50,0,28,28,28,30,0,0,140,1182.2,3.61,3,3,5,1,0,1,,0,0,0,0,0,0,0,0.0,0.0
arrival_d5,arrival_d5_132,1593915002,unevenArrival,20,fixed,5,1,0,1,2953.0,151.1,2801.9,0.0,309.1,241,60,29,44,0,36,16,12,6,2,0,4,0,0,0,0,0,0,140,699.1,2.14,3,3,1,1,0,1,,26,13,1,1,5,1,2,0.0,0.0
arrival_d5,arrival_d5_133,1593924975,unevenArrival,20,fixed,5,1,0,1,3701.6,1170.0,2531.6,116.6,150.0,239,70,0,0,0,0,0,0,0,0,0,10,0,0,0,0,0,0,140,266.6,0.81,2,3,1,1,0,1,,0,0,0,0,0,0,0,0.0,0.0
arrival_d5,arrival_d5_134,1593934948,unevenArrival,20,fixed,5,1,0,1,3718.1,1170.0,2548.1,133.1,150.0,239,70,0,0,0,0,0,1,0,0,0,10,0,0,0,0,0,0,140,283.1,0.86,2,3,1,1,0,1,,0,0,0,0,0,0,0,0.0,0.0
arrival_d5,arrival_d5_135,1593944921,unevenArrival,20,fixed,5,1,0,1,3731.6,1225.0,2506.6,116.6,460.0,239,50,0,2,0,48,0,0,0,0,0,10,1,1,0,47,0,0,140,726.6,2.22,2,3,1,1,0,1,,0,0,0,0,0,0,0,0.0,0.0
arrival_d5,arrival_d5_136,1593954894,unevenArrival,20,fixed,5,1,0,2,162.0,1177.3,-1015.3,310.0,275.2,54,45,57,0,70,0,0,0,0,0,11,0,19,19,18,91,0,0,140,859.4,2.62,3,3,1,1,1,1,,0,0,0,0,0,0,0,0.0,0.0
arrival_d5,arrival_d5_137,1593964867,unevenArrival,20,fixed,5,1,0,1,2961.0,1164.8,1796.2,150.0,80.0,238,70,27,0,0,32,4,1,17,0,10,0,0,0,0,0,0,0,140,379.5,1.16,2,3,1,1,0,1,,47,0,1,0,2,0,15,0.0,0.0
arrival_d5,arrival_d5_138,1593974840,unevenArrival,20,fixed,5,1,0,1,3615.0,1275.0,2340.0,0.0,460.0,239,50,0,0,0,40,0,0,0,0,0,10,1,1,0,36,0,0,140,610.0,1.86,2,3,1,1,0,1,,0,0,0,0,0,0,0,0.0,0.0
arrival_d5,arrival_d5_139,1593984813,unevenArrival,20,fixed,5,1,0,1,3718.1,1165.0,2553.1,133.1,80.0,239,70,0,0,0,32,0,2,0,0,0,0,0,0,0,0,0,0,140,283.1,0.86,2,3,1,1,0,1,,0,0,0,0,0,0,0,0.0,0.0
arrival_d5,arrival_d5_140,1593994786,unevenArrival,20,fixed,5,1,0,1,2448.0,635.0,1813.0,150.0,460.0,247,50,59,28,0,21,6,0,2,0,10,10,2,2,1,34,1,0,140,1000.0,3.05,3,3,1,1,0,1,,11,0,0,0,0,2,0,0.0,0.0
arrival_d5,arrival_d5_141,1594004759,unevenArrival,20,fixed,5,1,0,1,4044.5,2247.2,1797.3,299.5,986.2,239,70,0,2,0,0,0,0,1,0,0,18,15,14,14,47,0,0,140,1355.8,4.14,2,3,1,3,0,1,,5,0,0,0,0,1,0,0.0,0.0
arrival_d5,arrival_d5_142,1594014732,unevenArrival,20,fixed,5,1,0,1,3043.0,1170.0,1873.0,0.0,80.0,247,70,27,0,0,16,11,1,6,0,0,0,0,0,0,0,0,0,140,310.0,0.95,3,3,1,1,0,1,,31,0,0,0,3,2,1,0.0,0.0
arrival_d5,arrival_d5_143,1594024705,unevenArrival,20,fixed,5,1,0,1,2632.0,1265.0,1367.0,680.0,470.0,218,45,55,0,3,0,0,0,0,0,61,0,12,12,12,14,0,0,140,1150.0,3.51,3,3,6,1,0,1,,0,0,0,0,0,0,0,0.0,0.0
arrival_d5,arrival_d5_144,1594034678,unevenArrival,20,fixed,5,1,0,1,3585.0,1349.5,2235.5,0.0,299.5,239,70,0,0,0,0,0,0,0,0,0,0,0,0,0,0,0,0,140,299.5,0.91,2,3,1,1,0,1,,0,0,0,0,0,0,0,0.0,0.0
arrival_d5,arrival_d5_145,1594044651,unevenArrival,20,fixed,5,1,0,1,1659.0,-3522.7,5181.7,910.0,517.3,208,45,120,196,3,35,0,0,0,0,47,0,28,27,27,28,0,0,140,1657.3,5.06,3,3,6,1,0,1,,0,0,0,0,0,0,0,0.0,0.0
arrival_d5,arrival_d5_146,1594054624,unevenArrival,20,fixed,5,1,0,1,4826.5,1805.0,3021.5,291.5,0.0,366,117,47,0,0,0,0,0,0,0,0,0,5,5,5,20,0,0,140,531.5,1.62,3,2,1,1,0,0,,0,0,0,0,0,0,0,0.0,0.0
arrival_d5,arrival_d5_147,1594064597,unevenArrival,20,fixed,5,1,0,1,3265.8,1469.3,1796.5,137.8,309.5,241,75,23,2,0,53,4,2,10,2,0,4,1,1,1,45,0,0,140,916.8,2.80,3,3,1,1,0,1,,31,9,1,0,2,1,9,0.0,0.0
arrival_d5,arrival_d5_148,1594074570,unevenArrival,20,fixed,5,1,0,2,152.0,2276.6,-2124.6,310.0,116.6,54,132,55,0,85,0,0,0,0,0,11,0,16,16,15,97,0,0,140,666.6,2.04,3,2,1,1,1,0,,0,0,0,0,0,0,0,0.0,0.0
arrival_d5,arrival_d5_149,1594084543,unevenArrival,20,fixed,5,1,0,1,5173.6,1227.5,3946.1,300.6,465.2,396,45,53,0,0,0,0,0,1,0,0,0,7,7,7,11,0,0,140,1040.5,3.18,3,3,1,1,0,1,,1,0,0,0,1,0,0,0.0,0.0
arrival_d10,arrival_d10_0,1592598566,unevenArrival,20,fixed,10,1,0,1,2077.1,1656.6,420.5,309.1,116.6,155,102,24,0,4,0,3,0,3,0,4,0,1,1,1,68,0,0,140,575.6,1.76,3,2,1,1,0,0,,20,0,0,0,1,1,1,0.0,0.0
arrival_d10,arrival_d10_1,1592608539,unevenArrival,20,fixed,10,1,0,1,3719.0,795.0,2924.0,134.0,150.0,239,45,0,0,0,0,0,0,0,0,0,10,0,0,0,0,0,0,140,284.0,0.87,2,3,1,1,0,1,,0,0,0,0,0,0,0,0.0,0.0
arrival_d10,arrival_d10_2,1592618512,unevenArrival,20,fixed,10,1,0,1,4691.3,966.7,3724.6,221.5,146.7,366,45,50,0,0,37,0,0,0,0,0,10,6,6,6,22,0,0,140,817.8,2.50,3,3,1,1,0,1,,0,0,0,0,0,0,0,0.0,0.0
arrival_d10,arrival_d10_3,1592628485,unevenArrival,20,fixed,10,1,0,1,4906.7,1440.0,3466.7,226.7,610.0,366,45,46,0,0,27,2,0,0,0,0,10,11,11,11,29,1,0,140,1226.7,3.75,3,3,1,1,0,1,,0,0,0,0,0,0,0,0.0,0.0
arrival_d10,arrival_d10_4,1592638458,unevenArrival,20,fixed,10,1,0,1,3773.6,1298.0,2475.6,148.6,150.0,239,70,0,2,0,26,0,13,0,2,0,0,2,2,1,63,0,0,140,538.6,1.64,2,3,1,1,0,1,,0,6,0,0,0,0,2,0.0,0.0
arrival_d10,arrival_d10_5,1592648431,unevenArrival,20,fixed,10,1,0,1,4556.9,-2028.0,6584.9,338.9,310.0,348,45,56,125,0,23,6,1,1,0,0,11,11,11,10,65,0,0,140,1038.9,3.17,3,3,1,1,0,1,,1,0,0,0,1,0,0,0.0,0.0
arrival_d10,arrival_d10_6,1592658404,unevenArrival,20,fixed,10,1,0,1,1384.0,-4503.9,5887.9,380.0,309.5,244,45,147,228,0,73,35,14,3,1,13,3,41,41,41,43,0,0,140,906.7,2.77,3,3,2,1,0,1,,21,9,0,1,2,0,2,0.0,0.0
arrival_d10,arrival_d10_7,1592668377,unevenArrival,20,fixed,10,1,0,1,3763.6,1290.9,2472.7,148.6,515.9,239,45,0,0,0,10,0,0,0,0,0,0,1,1,0,26,0,0,140,824.5,2.52,2,3,1,1,0,1,,0,0,0,0,0,0,0,0.0,0.0
arrival_d10,arrival_d10_8,1592678350,unevenArrival,20,fixed,10,1,0,2,-3378.0,-2382.0,-996.0,150.0,150.0,128,117,218,171,238,0,65,24,12,1,0,4,2,2,1,126,0,0,140,460.0,1.40,3,2,1,1,0,0,,59,20,1,0,11,0,2,0.0,0.0
arrival_d10,arrival_d10_9,1592688323,unevenArrival,20,fixed,10,1,0,2,-3125.5,-2225.9,-899.5,309.5,229.1,140,117,223,170,0,0,18,14,1,0,0,0,2,2,1,126,0,0,140,538.6,1.64,2,2,1,1,0,0,,0,0,0,0,1,0,0,0.0,0.0
arrival_d10,arrival_d10_10,1592698296,unevenArrival,20,fixed,10,1,0,1,3540.7,1666.8,1873.9,114.7,136.8,226,102,0,0,0,0,6,0,5,1,0,0,0,0,0,0,0,0,140,411.5,1.26,2,2,1,1,0,0,,22,0,3,0,2,2,2,0.0,0.0
arrival_d10,arrival_d10_11,1592708269,unevenArrival,20,fixed,10,1,0,1,1628.5,494.8,1133.8,309.5,309.5,148,45,42,29,6,70,64,2,6,1,0,3,8,8,7,114,0,0,140,981.5,3.00,2,3,1,1,0,1,,23,1,1,0,2,2,3,0.0,0.0
arrival_d10,arrival_d10_12,1592718242,unevenArrival,20,fixed,10,1,0,1,3184.2,1420.0,1764.2,115.2,309.5,224,70,13,2,0,26,2,0,4,1,0,3,1,1,0,90,0,0,140,727.6,2.22,2,3,1,1,0,1,,18,6,3,0,3,1,1,0.0,0.0
arrival_d10,arrival_d10_13,1592728215,unevenArrival,20,fixed,10,1,0,1,-3016.6,-3025.5,8.8,298.6,229.5,143,117,223,202,123,0,22,18,1,0,0,0,2,2,1,126,0,0,140,677.6,2.07,3,2,1,1,0,0,,0,0,0,0,1,0,0,0.0,0.0
arrival_d10,arrival_d10_14,1592738188,unevenArrival,20,fixed,10,1,0,1,1668.8,1533.4,135.4,246.8,309.1,153,75,38,0,0,26,12,27,3,3,0,3,1,1,0,105,0,0,140,1002.6,3.06,3,3,1,1,0,1,,29,15,0,0,3,1,2,0.0,0.0
arrival_d10,arrival_d10_15,1592748161,unevenArrival,20,fixed,10,1,0,1,3855.0,-700.8,4555.8,268.0,146.2,386,70,98,81,0,26,28,0,3,1,0,0,14,14,13,14,0,0,140,804.2,2.46,3,3,1,1,0,1,,124,6,0,0,1,0,3,0.0,0.0
arrival_d10,arrival_d10_16,1592758134,unevenArrival,20,fixed,10,1,0,1,3733.9,1200.0,2533.9,118.9,460.0,239,45,0,0,0,34,0,0,0,0,0,10,1,1,0,30,0,0,140,728.9,2.23,2,3,1,1,0,1,,0,0,0,0,0,0,0,0.0,0.0
arrival_d10,arrival_d10_17,1592768107,unevenArrival,20,fixed,10,1,0,1,3105.0,-378.9,3483.9,610.0,309.1,234,45,81,65,2,73,37,24,2,3,20,5,43,41,41,42,0,0,140,1137.2,3.47,3,3,2,1,0,1,,20,6,0,1,3,0,2,0.0,0.0
arrival_d10,arrival_d10_18,1592778080,unevenArrival,20,fixed,10,1,0,1,5029.6,984.5,4045.1,416.6,299.5,342,45,23,0,0,0,2,0,1,0,0,0,1,1,1,57,0,0,140,796.1,2.43,3,3,1,1,0,1,,1,0,0,0,1,0,0,0.0,0.0
arrival_d10,arrival_d10_19,1592788053,unevenArrival,20,fixed,10,1,0,1,3899.0,1337.1,2561.9,150.0,298.1,256,70,0,2,0,4,4,0,2,1,11,3,1,1,0,70,0,0,140,528.1,1.61,2,3,1,1,0,1,,44,6,0,0,0,2,1,0.0,0.0
arrival_d10,arrival_d10_20,1592798026,unevenArrival,20,fixed,10,1,0,1,2466.7,691.4,1775.3,146.7,309.1,249,70,56,31,0,26,11,13,5,1,11,3,1,1,0,25,0,0,140,752.5,2.30,3,3,1,1,0,1,,26,6,0,0,3,1,2,0.0,0.0
arrival_d10,arrival_d10_21,1592807999,unevenArrival,20,fixed,10,1,0,1,-55.0,-1696.0,1641.0,380.0,230.0,144,117,113,149,0,0,24,24,1,2,0,4,5,5,4,120,2,0,140,930.0,2.84,3,2,1,1,0,0,,0,22,0,0,2,0,1,0.0,0.0
arrival_d10,arrival_d10_22,1592817972,unevenArrival,20,fixed,10,1,0,1,4693.2,1699.8,2993.5,738.2,113.8,339,102,50,0,0,0,0,10,0,1,0,0,6,6,6,22,0,0,140,852.0,2.60,4,2,2,1,0,0,,0,2,0,0,1,0,0,0.0,0.0
arrival_d10,arrival_d10_23,1592827945,unevenArrival,20,fixed,10,1,0,2,-3085.5,-2225.9,-859.5,309.5,229.1,140,117,223,170,124,0,18,14,1,0,0,0,2,2,1,126,0,0,140,618.6,1.89,2,2,1,1,0,0,,0,0,0,0,1,0,0,0.0,0.0
arrival_d10,arrival_d10_24,1592837918,unevenArrival,20,fixed,10,1,0,1,2693.1,1004.9,1688.1,309.1,308.6,153,45,0,0,0,13,12,0,2,0,2,0,0,0,0,0,0,0,140,890.4,2.72,3,3,1,1,0,1,,10,0,1,0,0,0,2,0.0,0.0
arrival_d10,arrival_d10_25,1592847891,unevenArrival,20,fixed,10,1,0,1,4699.6,1702.8,2996.8,219.6,112.8,366,102,50,0,0,0,0,0,0,0,0,0,6,6,6,22,0,0,140,572.5,1.75,3,2,1,1,0,0,,0,0,0,0,0,0,0,0.0,0.0
arrival_d10,arrival_d10_26,1592857864,unevenArrival,20,fixed,10,1,0,2,-31.0,1491.7,-1522.7,230.0,529.8,54,45,61,0,91,20,0,0,0,0,12,0,19,18,17,77,0,1,140,1133.6,3.46,3,3,1,1,1,1,,0,0,0,0,0,0,0,0.0,0.0
arrival_d10,arrival_d10_27,1592867837,unevenArrival,20,fixed,10,1,0,1,3763.6,1275.0,2488.6,148.6,460.0,239,50,0,0,0,31,1,0,0,0,0,10,1,1,0,38,0,0,140,758.6,2.32,2,3,1,1,0,1,,0,0,0,0,0,0,0,0.0,0.0
arrival_d10,arrival_d10_28,1592877810,unevenArrival,20,fixed,10,1,0,1,3733.6,1666.8,2066.8,148.6,136.8,239,102,0,0,0,0,2,0,0,1,0,0,0,0,0,0,0,0,140,285.4,0.87,2,2,1,1,0,0,,0,0,0,0,0,1,0,0.0,0.0
arrival_d10,arrival_d10_29,1592887783,unevenArrival,20,fixed,10,1,0,1,1497.5,1256.0,241.5,309.5,150.0,155,70,55,0,0,0,14,1,1,2,3,10,9,9,9,77,0,0,140,609.5,1.86,3,3,1,1,0,1,,4,2,0,0,1,0,2,0.0,0.0
arrival_d10,arrival_d10_30,1592897756,unevenArrival,20,fixed,10,1,0,1,4351.1,-375.0,4726.1,221.1,460.0,370,45,79,65,0,18,7,0,0,0,0,10,17,17,17,44,0,0,140,1061.1,3.24,3,3,1,1,0,1,,0,0,0,0,0,0,0,0.0,0.0
arrival_d10,arrival_d10_31,1592907729,unevenArrival,20,fixed,10,1,0,2,-252.5,756.2,-1008.7,309.5,456.2,155,70,120,36,3,4,13,0,3,0,3,0,7,5,4,94,0,0,140,925.8,2.83,3,3,1,3,0,1,,19,0,0,0,1,1,1,0.0,0.0
arrival_d10,arrival_d10_32,1592917702,unevenArrival,20,fixed,10,1,0,1,3635.2,795.0,2840.2,115.2,150.0,232,45,0,0,0,0,1,0,4,0,0,10,0,0,0,0,0,0,140,425.2,1.30,2,3,1,1,0,1,,20,0,3,0,2,2,0,0.0,0.0
arrival_d10,arrival_d10_33,1592927675,unevenArrival,20,fixed,10,1,0,1,1576.9,1010.7,566.2,118.9,590.7,169,45,50,13,0,15,7,0,2,0,0,0,3,3,3,55,0,0,140,1019.6,3.11,3,3,1,1,0,1,,1,0,0,0,1,0,1,0.0,0.0
arrival_d10,arrival_d10_34,1592937648,unevenArrival,20,fixed,10,1,0,1,3694.0,1663.1,2030.9,0.0,133.1,246,102,0,0,0,0,0,0,3,0,0,0,0,0,0,0,0,0,140,213.1,0.65,2,2,1,1,0,0,,18,0,0,0,2,1,0,0.0,0.0
arrival_d10,arrival_d10_35,1592947621,unevenArrival,20,fixed,10,1,0,2,-151.0,1056.1,-1207.1,230.0,371.1,54,45,63,8,89,0,0,0,0,0,12,0,15,15,14,53,0,0,140,921.1,2.81,3,3,1,1,1,1,,0,0,0,0,0,0,0,0.0,0.0
arrival_d10,arrival_d10_36,1592957594,unevenArrival,20,fixed,10,1,0,1,4868.7,1160.3,3708.4,218.7,335.3,386,45,56,0,0,13,0,0,0,0,0,0,7,7,7,15,0,0,140,954.0,2.91,3,3,1,1,0,1,,0,0,0,0,0,0,0,0.0,0.0
arrival_d10,arrival_d10_37,1592967567,unevenArrival,20,fixed,10,1,0,1,3586.4,1170.6,2415.8,613.4,495.6,243,45,31,0,8,0,4,0,2,0,3,0,0,0,0,0,0,0,140,1349.1,4.12,3,3,1,1,0,1,,4,0,0,0,0,0,2,0.0,0.0
arrival_d10,arrival_d10_38,1592977540,unevenArrival,20,fixed,10,1,0,1,3749.0,1420.0,2329.0,134.0,309.5,239,70,0,2,0,26,0,0,0,1,0,3,1,1,0,90,0,0,140,666.5,2.04,2,3,1,1,0,1,,0,6,0,0,0,0,1,0.0,0.0
arrival_d10,arrival_d10_39,1592987513,unevenArrival,20,fixed,10,1,0,2,299.0,1669.5,-1370.5,1060.0,299.5,67,70,94,0,29,0,0,2,0,0,17,0,30,30,29,64,0,0,140,1429.5,4.37,4,3,2,1,1,1,,0,0,0,0,0,0,0,0.0,0.0
arrival_d10,arrival_d10_40,1592997486,unevenArrival,20,fixed,10,1,0,1,3093.7,387.0,2706.7,146.7,310.0,246,45,28,28,0,23,2,2,15,0,11,11,1,1,0,29,0,0,140,766.7,2.34,2,3,1,1,0,1,,40,0,0,0,1,1,13,0.0,0.0
arrival_d10,arrival_d10_41,1593007459,unevenArrival,20,fixed,10,1,0,1,3731.6,1182.1,2549.5,116.6,309.1,239,55,0,2,0,27,0,17,0,10,0,2,1,1,0,72,0,0,140,665.6,2.03,2,3,1,1,0,1,,0,18,0,2,2,1,7,0.0,0.0
arrival_d10,arrival_d10_42,1593017432,unevenArrival,20,fixed,10,1,0,1,3733.6,1530.0,2203.6,148.6,0.0,239,102,0,0,0,0,13,4,1,0,0,0,0,0,0,0,0,0,140,148.6,0.45,2,2,1,1,0,0,,0,0,0,0,1,0,0,0.0,0.0
arrival_d10,arrival_d10_43,1593027405,unevenArrival,20,fixed,10,1,0,1,3449.6,795.0,2654.6,148.6,150.0,219,45,0,0,0,0,3,0,3,0,0,10,0,0,0,0,0,0,140,378.6,1.16,2,3,1,1,0,1,,12,0,3,0,1,1,1,0.0,0.0
arrival_d10,arrival_d10_44,1593037378,unevenArrival,20,fixed,10,1,0,1,1351.0,1342.0,9.0,930.0,389.9,101,45,61,0,14,0,0,0,0,0,28,0,24,24,23,25,0,0,140,1424.1,4.35,4,3,3,1,1,1,,0,0,0,0,0,0,0,0.0,0.0
arrival_d10,arrival_d10_45,1593047351,unevenArrival,20,fixed,10,1,0,1,3752.5,1567.1,2185.4,149.5,458.6,239,70,0,2,0,27,0,29,1,1,0,3,1,1,0,90,0,0,140,827.2,2.53,2,3,1,1,0,1,,6,6,0,0,0,1,1,0.0,0.0
arrival_d10,arrival_d10_46,1593057324,unevenArrival,20,fixed,10,1,0,1,3748.1,1330.0,2418.1,133.1,610.0,239,45,0,0,0,35,0,0,0,0,0,10,1,0,0,0,0,0,140,893.1,2.73,2,3,1,1,0,1,,0,0,0,0,0,0,0,0.0,0.0
arrival_d10,arrival_d10_47,1593067297,unevenArrival,20,fixed,10,1,0,1,793.5,237.0,556.5,309.5,310.0,155,50,83,35,0,23,15,0,2,0,3,11,5,4,4,97,0,0,140,999.5,3.05,3,3,1,1,0,1,,6,0,0,0,0,0,2,0.0,0.0
arrival_d10,arrival_d10_48,1593077270,unevenArrival,20,fixed,10,1,0,2,1175.0,1284.9,-109.9,1210.0,308.6,71,45,66,0,75,13,0,0,0,0,15,0,26,26,25,40,0,0,140,1711.3,5.23,4,3,2,1,1,1,,0,0,0,0,0,0,0,0.0,0.0
arrival_d10,arrival_d10_49,1593087243,unevenArrival,20,fixed,10,1,0,2,-3085.5,-2225.9,-859.5,309.5,229.1,140,117,223,170,124,0,19,16,1,0,0,0,2,2,1,126,0,0,140,618.6,1.89,2,2,1,1,0,0,,0,0,0,0,1,0,0,0.0,0.0
arrival_d10,arrival_d10_50,1593097216,unevenArrival,20,fixed,10,1,0,1,3154.2,1442.0,1712.2,115.2,309.5,224,70,13,0,0,26,2,11,4,2,0,3,0,0,0,0,0,0,140,727.6,2.22,2,3,1,1,0,1,,18,10,3,1,4,1,1,0.0,0.0
arrival_d10,arrival_d10_51,1593107189,unevenArrival,20,fixed,10,1,0,1,2604.0,562.0,2042.0,150.0,310.0,246,50,49,24,0,31,4,0,13,0,11,11,2,2,1,32,0,0,140,770.0,2.35,2,3,1,1,0,1,,39,0,0,0,1,1,11,0.0,0.0
arrival_d10,arrival_d10_52,1593117162,unevenArrival,20,fixed,10,1,0,1,4121.9,-2186.9,6308.9,438.9,513.1,336,45,75,142,0,29,45,0,2,0,0,0,15,15,14,35,1,0,140,1402.0,4.28,3,3,1,1,0,1,,1,0,0,0,0,0,2,0.0,0.0
arrival_d10,arrival_d10_53,1593127135,unevenArrival,20,fixed,10,1,0,1,3763.6,1200.0,2563.6,148.6,460.0,239,45,0,0,0,33,0,0,0,0,0,10,1,1,0,28,0,0,140,758.6,2.32,2,3,1,1,0,1,,0,0,0,0,0,0,0,0.0,0.0
arrival_d10,arrival_d10_54,1593137108,unevenArrival,20,fixed,10,1,0,1,4799.0,855.0,3944.0,296.7,150.0,368,45,50,0,0,0,0,0,1,0,0,10,6,6,6,21,0,0,140,675.3,2.06,3,3,1,1,0,1,,1,0,0,0,1,0,0,0.0,0.0
arrival_d10,arrival_d10_55,1593147081,unevenArrival,20,fixed,10,1,0,1,3763.6,1186.5,2577.1,148.6,451.5,239,45,0,0,0,10,0,0,0,0,0,0,1,1,0,28,0,0,140,680.1,2.08,2,3,1,1,0,1,,0,0,0,0,0,0,0,0.0,0.0
arrival_d10,arrival_d10_56,1593157054,unevenArrival,20,fixed,10,1,0,2,-101.0,1541.0,-1642.0,230.0,656.0,54,45,61,0,103,13,0,0,0,0,12,0,15,15,14,53,0,0,140,1206.0,3.68,3,3,1,1,1,1,,0,0,0,0,0,0,0,0.0,0.0
arrival_d10,arrival_d10_57,1593167027,unevenArrival,20,fixed,10,1,0,1,3975.0,1200.0,2775.0,150.0,460.0,256,45,0,0,0,34,2,0,1,0,11,10,1,1,0,29,0,0,140,760.0,2.32,2,3,1,1,0,1,,6,0,0,0,0,1,0,0.0,0.0
arrival_d10,arrival_d10_58,1593177000,unevenArrival,20,fixed,10,1,0,2,-3125.5,-2225.5,-900.0,309.5,229.5,140,117,223,170,0,0,19,14,1,0,0,0,2,2,1,126,0,0,140,539.1,1.65,2,2,1,1,0,0,,0,0,0,0,1,0,0,0.0,0.0
arrival_d10,arrival_d10_59,1593186973,unevenArrival,20,fixed,10,1,0,1,803.5,590.0,213.5,309.5,610.0,155,50,79,35,0,24,21,0,2,0,3,10,3,2,1,105,0,0,140,1299.5,3.97,3,3,1,1,0,1,,6,0,0,0,1,0,1,0.0,0.0
arrival_d10,arrival_d10_60,1593196946,unevenArrival,20,fixed,10,1,0,1,849.0,-481.2,1330.2,540.0,309.5,73,45,37,66,23,73,0,0,0,0,12,5,7,7,6,109,0,0,140,1138.1,3.48,4,3,2,1,1,1,,0,0,0,0,0,0,0,0.0,0.0
arrival_d10,arrival_d10_61,1593206919,unevenArrival,20,fixed,10,1,0,1,1391.5,-623.8,2015.3,549.5,676.2,248,70,124,103,0,0,2,0,1,0,3,5,12,12,12,20,0,0,140,1455.8,4.45,3,3,1,3,0,1,,2,0,0,0,0,0,1,0.0,0.0
arrival_d10,arrival_d10_62,1593216892,unevenArrival,20,fixed,10,1,0,1,3629.8,1343.6,2286.2,136.8,139.6,231,70,0,0,0,27,0,6,1,1,0,0,2,2,1,32,0,0,140,516.5,1.58,2,3,1,1,0,1,,6,3,0,0,1,1,0,0.0,0.0
arrival_d10,arrival_d10_63,1593226865,unevenArrival,20,fixed,10,1,0,2,-141.0,2018.8,-2159.8,230.0,113.8,54,117,61,0,106,0,0,9,0,2,12,0,14,13,13,13,0,0,140,583.8,1.78,3,2,1,1,1,0,,0,5,0,0,2,0,0,0.0,0.0
arrival_d10,arrival_d10_64,1593236838,unevenArrival,20,fixed,10,1,0,2,371.0,1476.0,-1105.0,1060.0,150.0,67,70,95,0,55,0,0,1,0,2,18,10,29,29,28,61,0,0,140,1520.0,4.64,4,3,2,1,1,1,,0,2,0,0,0,0,2,0.0,0.0
arrival_d10,arrival_d10_65,1593246811,unevenArrival,20,fixed,10,1,0,1,899.5,390.0,509.5,309.5,460.0,155,50,79,35,0,23,29,0,3,0,3,10,5,4,4,99,0,0,140,1149.5,3.51,3,3,1,1,0,1,,3,0,0,0,1,0,2,0.0,0.0
arrival_d10,arrival_d10_66,1593256784,unevenArrival,20,fixed,10,1,0,2,-3085.5,-2225.5,-860.0,309.5,229.5,140,117,223,170,124,0,19,15,1,0,0,0,2,2,1,126,0,0,140,619.1,1.89,2,2,1,1,0,0,,0,0,0,0,1,0,0,0.0,0.0
arrival_d10,arrival_d10_67,1593266757,unevenArrival,20,fixed,10,1,0,1,4636.2,919.8,3716.5,226.2,160.0,366,45,52,0,0,13,0,0,0,0,0,0,5,5,5,20,0,0,140,695.8,2.13,3,3,1,1,0,1,,0,0,0,0,0,0,0,0.0,0.0
arrival_d10,arrival_d10_68,1593276730,unevenArrival,20,fixed,10,1,0,1,175.1,-700.8,875.8,389.1,526.2,223,70,151,101,1,1,1,0,2,0,2,4,9,9,8,26,0,0,140,1315.3,4.02,3,3,1,3,0,1,,4,0,0,0,1,0,1,0.0,0.0
arrival_d10,arrival_d10_69,1593286703,unevenArrival,20,fixed,10,1,0,1,3727.8,1235.0,2492.8,112.8,460.0,239,45,0,0,0,32,0,2,0,0,0,10,1,1,0,28,0,0,140,792.8,2.42,2,3,1,1,0,1,,0,0,0,0,0,0,0,0.0,0.0
arrival_d10,arrival_d10_70,1593296676,unevenArrival,20,fixed,10,1,0,1,3892.7,1678.6,2214.1,146.7,148.6,249,102,0,0,0,0,1,0,3,0,11,0,0,0,0,0,0,0,140,455.3,1.39,3,2,1,1,0,0,,18,0,0,0,2,1,0,0.0,0.0
arrival_d10,arrival_d10_71,1593306649,unevenArrival,20,fixed,10,1,0,1,3904.5,1666.8,2237.7,149.5,136.8,249,102,0,0,0,0,7,0,2,1,11,0,0,0,0,0,0,0,140,436.4,1.33,3,2,1,1,0,0,,11,0,0,0,1,2,0,0.0,0.0
arrival_d10,arrival_d10_72,1593316622,unevenArrival,20,fixed,10,1,0,1,3720.5,795.0,2925.5,149.5,150.0,239,45,0,0,0,0,0,0,1,0,0,10,0,0,0,0,0,0,140,299.5,0.91,2,3,1,1,0,1,,7,0,0,0,0,1,0,0.0,0.0
arrival_d10,arrival_d10_73,1593326595,unevenArrival,20,fixed,10,1,0,1,-34.0,-1844.2,1810.2,530.0,309.5,62,45,82,125,50,41,18,1,0,1,13,5,23,20,20,20,0,0,140,1288.1,3.93,4,3,2,1,1,1,,0,4,0,1,0,0,1,0.0,0.0
arrival_d10,arrival_d10_74,1593336568,unevenArrival,20,fixed,10,1,0,2,-3045.9,-2225.5,-820.5,309.1,229.5,140,117,223,170,124,0,19,14,1,0,0,0,2,2,1,126,0,0,140,698.6,2.13,2,2,1,1,0,0,,0,0,0,0,0,0,1,0.0,0.0
arrival_d10,arrival_d10_75,1593346541,unevenArrival,20,fixed,10,1,0,2,-161.0,1955.4,-2116.4,230.0,665.4,54,70,65,1,88,5,12,1,0,0,12,0,17,17,16,89,0,0,140,1285.4,3.93,3,3,1,2,1,1,,0,0,0,0,0,0,0,0.0,0.0
arrival_d10,arrival_d10_76,1593356514,unevenArrival,20,fixed,10,1,0,1,3069.7,1936.0,1133.7,114.7,980.0,229,57,22,0,0,2,5,0,6,0,0,13,5,5,4,30,0,0,140,1254.7,3.83,3,2,1,2,0,1,,20,0,3,0,2,2,2,0.0,0.0
arrival_d10,arrival_d10_77,1593366487,unevenArrival,20,fixed,10,1,0,1,4139.5,1261.8,2877.7,469.5,194.7,258,70,12,0,1,0,5,0,2,0,4,0,0,0,0,0,0,0,140,938.5,2.87,3,3,1,1,0,1,,4,0,0,0,0,0,2,0.0,0.0
arrival_d10,arrival_d10_78,1593376460,unevenArrival,20,fixed,10,1,0,1,1142.5,382.0,760.5,309.5,460.0,155,50,63,36,0,34,3,0,1,0,3,11,1,1,0,107,0,0,140,1079.5,3.30,3,3,1,1,0,1,,4,0,0,0,1,0,0,0.0,0.0
arrival_d10,arrival_d10_79,1593386433,unevenArrival,20,fixed,10,1,0,2,496.0,1877.4,-1381.4,1140.0,458.6,67,70,94,0,38,2,0,5,0,0,18,2,32,32,31,60,0,0,140,1898.1,5.80,4,3,2,1,1,1,,0,0,0,0,0,0,0,0.0,0.0
arrival_d10,arrival_d10_80,1593396406,unevenArrival,20,fixed,10,1,0,2,-61.0,2033.0,-2094.0,310.0,118.0,54,117,61,0,95,0,0,0,0,0,12,0,14,13,13,13,0,0,140,668.0,2.04,3,2,1,1,1,0,,0,0,0,0,0,0,0,0.0,0.0
arrival_d10,arrival_d10_81,1593406379,unevenArrival,20,fixed,10,1,0,1,5011.0,1276.2,3734.8,410.0,511.2,342,45,25,0,0,29,2,0,2,0,0,0,1,1,1,55,0,0,140,1241.2,3.79,3,3,1,1,0,1,,2,0,0,0,1,0,1,0.0,0.0
arrival_d10,arrival_d10_82,1593416352,unevenArrival,20,fixed,10,1,0,1,4812.9,1062.6,3750.3,198.9,377.6,358,45,34,0,0,0,11,0,8,0,0,0,1,1,1,31,0,0,140,796.6,2.43,3,3,1,1,0,1,,18,0,0,0,1,0,7,0.0,0.0
arrival_d10,arrival_d10_83,1593426325,unevenArrival,20,fixed,10,1,0,1,2214.1,1034.9,1179.1,309.1,308.6,153,45,20,0,0,13,4,0,2,0,2,0,1,1,0,104,0,0,140,900.4,2.75,3,3,1,1,0,1,,12,0,0,0,1,0,1,0.0,0.0
arrival_d10,arrival_d10_84,1593436298,unevenArrival,20,fixed,10,1,0,2,-74.9,495.0,-569.9,309.1,530.0,155,57,111,37,3,1,15,10,3,0,4,15,3,2,1,102,0,0,140,999.1,3.05,3,2,1,2,0,1,,16,0,0,0,0,1,2,0.0,0.0
arrival_d10,arrival_d10_85,1593446271,unevenArrival,20,fixed,10,1,0,1,1651.5,1419.5,232.0,309.5,299.5,155,70,47,0,0,0,6,2,2,0,3,0,7,7,7,82,0,0,140,759.1,2.32,3,3,1,1,0,1,,7,0,0,0,1,0,1,0.0,0.0
arrival_d10,arrival_d10_86,1593456244,unevenArrival,20,fixed,10,1,0,2,561.0,1637.1,-1076.1,1210.0,267.1,67,70,94,0,26,0,1,0,0,0,18,0,30,30,29,62,0,0,140,1777.1,5.43,4,3,2,1,1,1,,0,0,0,0,0,0,0,0.0,0.0
arrival_d10,arrival_d10_87,1593466217,unevenArrival,20,fixed,10,1,0,1,624.0,-5170.4,5794.4,610.0,309.1,184,45,150,257,2,73,31,10,3,1,14,2,43,41,41,43,0,0,140,1128.2,3.45,3,3,2,1,0,1,,32,4,0,1,3,0,1,0.0,0.0
arrival_d10,arrival_d10_88,1593476190,unevenArrival,20,fixed,10,1,0,1,3973.0,1087.0,2886.0,150.0,310.0,256,45,0,0,0,35,3,2,1,0,11,11,1,1,0,29,0,0,140,690.0,2.11,2,3,1,1,0,1,,7,0,0,0,0,1,0,0.0,0.0
arrival_d10,arrival_d10_89,1593486163,unevenArrival,20,fixed,10,1,0,1,1472.5,-428.5,1901.0,309.5,371.5,163,45,60,61,0,0,10,0,4,0,3,0,7,6,6,81,0,0,140,911.1,2.78,3,3,1,1,0,1,,24,0,0,0,2,0,2,0.0,0.0
arrival_d10,arrival_d10_90,1593496136,unevenArrival,20,fixed,10,1,0,1,949.5,325.0,624.5,309.5,610.0,155,50,76,46,0,24,3,0,3,0,3,10,8,5,5,97,0,0,140,1229.5,3.76,3,3,1,1,0,1,,13,0,0,0,1,0,2,0.0,0.0
arrival_d10,arrival_d10_91,1593506109,unevenArrival,20,fixed,10,1,0,1,3875.7,1646.6,2229.1,146.7,116.6,249,102,0,0,0,0,3,0,3,0,11,0,0,0,0,0,0,0,140,413.3,1.26,3,2,1,1,0,0,,24,0,0,0,1,1,1,0.0,0.0
arrival_d10,arrival_d10_92,1593516082,unevenArrival,20,fixed,10,1,0,1,3815.3,1670.6,2144.7,0.0,148.6,249,102,0,0,0,0,8,0,2,1,0,0,0,0,0,0,0,0,140,377.2,1.15,3,2,1,1,0,0,,17,4,0,1,1,2,0,0.0,0.0
arrival_d10,arrival_d10_93,1593526055,unevenArrival,20,fixed,10,1,0,1,4832.8,845.0,3987.8,897.8,150.0,339,45,50,0,0,0,0,0,0,0,0,10,5,5,5,22,0,0,140,1047.8,3.20,4,3,2,1,0,1,,0,0,0,0,0,0,0,0.0,0.0
arrival_d10,arrival_d10_94,1593536028,unevenArrival,20,fixed,10,1,0,2,109.0,1705.4,-1596.4,390.0,810.4,56,45,61,0,95,0,1,0,0,0,12,0,16,16,15,43,0,0,140,1520.4,4.64,3,3,1,1,1,1,,0,0,0,0,0,0,0,0.0,0.0
arrival_d10,arrival_d10_95,1593546001,unevenArrival,20,fixed,10,1,0,2,-1016.0,-942.9,-73.1,310.0,309.5,69,70,110,102,18,17,2,3,0,2,12,3,16,15,14,92,0,0,140,998.6,3.05,3,3,1,1,2,1,,0,4,0,1,0,0,2,0.0,0.0
arrival_d10,arrival_d10_96,1593555974,unevenArrival,20,fixed,10,1,0,2,-2103.5,-33.9,-2069.5,309.5,751.1,155,70,196,92,0,0,1,5,1,0,3,5,19,10,9,84,0,0,140,1210.6,3.70,3,3,1,3,0,1,,7,0,0,0,0,1,0,0.0,0.0
arrival_d10,arrival_d10_97,1593565947,unevenArrival,20,fixed,10,1,0,1,3019.8,450.0,2569.8,137.8,460.0,237,45,29,30,0,22,3,4,2,0,0,10,1,1,0,28,0,0,140,827.8,2.53,2,3,1,1,0,1,,9,0,1,0,1,1,0,0.0,0.0
arrival_d10,arrival_d10_98,1593575920,unevenArrival,20,fixed,10,1,0,2,59.0,1474.4,-1415.4,310.0,533.9,54,45,61,0,63,5,0,0,0,0,12,0,20,19,19,19,0,1,140,1175.0,3.59,3,3,1,1,1,1,,0,0,0,0,0,0,0,0.0,0.0
arrival_d10,arrival_d10_99,1593585893,unevenArrival,20,fixed,10,1,0,1,2449.0,1164.5,1284.5,830.0,379.5,208,45,63,0,11,0,0,0,0,0,62,0,11,11,11,11,0,0,140,1289.5,3.94,3,3,6,1,0,1,,0,0,0,0,0,0,0,0.0,0.0
arrival_d10,arrival_d10_100,1593595866,unevenArrival,20,fixed,10,1,0,1,2679.1,915.0,1764.1,620.0,150.0,234,45,62,0,13,0,0,0,0,0,70,10,12,12,12,13,0,0,140,908.1,2.77,3,3,7,1,0,1,,0,0,0,0,0,0,0,0.0,0.0
arrival_d10,arrival_d10_101,1593605839,unevenArrival,20,fixed,10,1,0,1,4716.7,845.0,3871.7,226.7,150.0,368,45,50,0,0,0,0,0,0,0,0,10,5,5,5,21,0,0,140,616.7,1.88,3,3,1,1,0,1,,0,0,0,0,0,0,0,0.0,0.0
arrival_d10,arrival_d10_102,1593615812,unevenArrival,20,fixed,10,1,0,1,2276.0,1270.3,1005.7,460.0,335.3,204,45,61,0,19,13,3,0,2,0,53,0,18,18,18,19,0,0,140,1115.3,3.41,3,3,5,1,0,1,,0,0,0,0,2,0,0,0.0,0.0
arrival_d10,arrival_d10_103,1593625785,unevenArrival,20,fixed,10,1,0,2,-3085.9,-2225.9,-860.0,309.1,229.1,140,117,223,170,124,0,18,15,1,0,0,0,2,2,1,126,0,0,140,618.1,1.89,2,2,1,1,0,0,,0,0,0,0,1,0,0,0.0,0.0
arrival_d10,arrival_d10_104,1593635758,unevenArrival,20,fixed,10,1,0,2,-2235.5,-86.3,-2149.2,309.5,748.7,155,70,201,96,0,0,2,0,1,0,4,5,21,11,11,81,0,0,140,1208.2,3.69,3,3,1,3,0,1,,4,0,0,0,1,0,0,0.0,0.0
arrival_d10,arrival_d10_105,1593645731,unevenArrival,20,fixed,10,1,0,1,-3050.0,-3095.0,45.0,150.0,150.0,143,117,217,200,122,0,64,18,5,1,0,4,2,2,1,127,0,0,140,460.0,1.40,3,2,1,1,0,0,,20,14,0,0,2,0,4,0.0,0.0
arrival_d10,arrival_d10_106,1593655704,unevenArrival,20,fixed,10,1,0,1,4017.5,1250.0,2767.5,389.5,160.0,263,70,15,0,8,24,3,1,2,0,4,0,0,0,0,0,0,0,140,789.5,2.41,3,3,1,1,0,1,,5,0,0,0,0,0,2,0.0,0.0
arrival_d10,arrival_d10_107,1593665677,unevenArrival,20,fixed,10,1,0,1,2171.1,1065.0,1106.1,309.1,380.0,169,45,30,0,0,0,1,0,1,0,2,0,1,1,1,54,0,0,140,839.1,2.56,3,3,1,1,0,1,,6,0,0,0,0,0,1,0.0,0.0
arrival_d10,arrival_d10_108,1593675650,unevenArrival,20,fixed,10,1,0,1,3155.5,1652.4,1503.2,469.5,112.4,223,102,28,0,6,0,2,0,2,0,3,0,1,1,1,69,0,0,140,661.9,2.02,3,2,1,1,0,0,,5,0,0,0,0,0,2,0.0,0.0
arrival_d10,arrival_d10_109,1593685623,unevenArrival,20,fixed,10,1,0,1,1487.1,1291.7,195.4,309.1,146.7,155,70,52,0,0,27,5,0,2,4,4,10,6,6,6,74,0,0,140,755.8,2.31,3,3,1,1,0,1,,15,5,0,0,2,0,4,0.0,0.0
arrival_d10,arrival_d10_110,1593695596,unevenArrival,20,fixed,10,1,0,1,60.0,-3368.0,3428.0,230.0,380.0,149,45,102,178,56,41,0,34,0,1,10,11,4,4,4,4,1,0,140,840.0,2.57,3,3,2,1,0,1,,0,0,0,0,1,0,0,0.0,0.0
arrival_d10,arrival_d10_111,1593705569,unevenArrival,20,fixed,10,1,0,1,3302.0,55.0,3247.0,0.0,460.0,249,45,24,45,0,21,22,0,2,0,0,10,4,4,4,20,1,0,140,760.0,2.32,3,3,1,1,0,1,,14,0,0,0,1,1,0,0.0,0.0
arrival_d10,arrival_d10_112,1593715542,unevenArrival,20,fixed,10,1,0,1,2112.1,805.0,1307.1,309.1,150.0,169,45,32,0,0,0,0,0,1,0,5,10,1,1,1,54,0,0,140,609.1,1.86,3,3,1,1,0,1,,6,0,0,0,0,0,1,0.0,0.0
arrival_d10,arrival_d10_113,1593725515,unevenArrival,20,fixed,10,1,0,1,3756.8,1146.5,2610.3,136.8,451.5,240,45,0,0,0,0,0,0,1,0,0,0,1,1,0,23,0,0,140,588.4,1.80,2,3,1,1,0,1,,5,0,0,0,0,1,0,0.0,0.0
arrival_d10,arrival_d10_114,1593735488,unevenArrival,20,fixed,10,1,0,2,-343.9,693.1,-1037.0,309.1,309.1,153,102,133,56,97,6,29,13,4,2,0,0,18,10,10,109,0,0,140,928.1,2.83,3,2,1,1,0,0,,9,23,0,0,0,2,4,0.0,0.0
arrival_d10,arrival_d10_115,1593745461,unevenArrival,20,fixed,10,1,0,2,-41.0,1254.5,-1295.5,230.0,379.5,54,45,61,0,101,0,0,0,0,0,12,0,18,18,17,45,0,0,140,849.5,2.59,3,3,1,1,1,1,,0,0,0,0,0,0,0,0.0,0.0
arrival_d10,arrival_d10_116,1593755434,unevenArrival,20,fixed,10,1,0,1,3720.8,1275.0,2445.8,113.8,460.0,239,50,0,0,0,16,11,0,2,0,0,10,1,1,0,38,0,0,140,723.8,2.21,2,3,1,1,0,1,,4,0,0,0,2,0,0,0.0,0.0
arrival_d10,arrival_d10_117,1593765407,unevenArrival,20,fixed,10,1,0,1,4791.0,1112.6,3678.4,226.7,309.1,366,45,47,0,0,72,0,0,0,0,0,2,7,7,7,26,0,0,140,883.5,2.70,3,3,1,1,0,1,,0,0,0,0,0,0,0,0.0,0.0
arrival_d10,arrival_d10_118,1593775380,unevenArrival,20,fixed,10,1,0,1,5006.9,1149.4,3857.5,728.9,309.1,369,45,55,0,0,67,29,0,2,0,0,3,7,7,7,13,0,0,140,1246.7,3.81,4,3,2,1,0,1,,11,0,0,0,2,0,0,0.0,0.0
arrival_d10,arrival_d10_119,1593785353,unevenArrival,20,fixed,10,1,0,2,-3085.9,-2225.9,-860.0,309.1,229.1,140,117,223,170,124,0,19,17,1,0,0,0,2,2,1,126,0,0,140,618.1,1.89,2,2,1,1,0,0,,0,0,0,0,0,0,1,0.0,0.0
arrival_d10,arrival_d10_120,1593795326,unevenArrival,20,fixed,10,1,0,1,1548.5,1449.5,99.0,309.5,299.5,155,70,52,0,0,0,9,0,4,0,3,0,10,10,10,78,0,0,140,759.1,2.32,3,3,1,1,0,1,,26,0,0,0,1,0,3,0.0,0.0
arrival_d10,arrival_d10_121,1593805299,unevenArrival,20,fixed,10,1,0,1,3734.5,1663.1,2071.5,149.5,133.1,239,102,0,0,0,0,0,0,1,0,0,0,0,0,0,0,0,0,140,282.6,0.86,2,2,1,1,0,0,,0,0,0,0,1,0,0,0.0,0.0
arrival_d10,arrival_d10_122,1593815272,unevenArrival,20,fixed,10,1,0,1,3701.6,1282.9,2418.6,116.6,118.9,239,70,0,0,0,27,0,0,0,1,0,0,0,0,0,0,0,0,140,475.5,1.45,2,3,1,1,0,1,,0,3,0,0,1,0,0,0.0,0.0
arrival_d10,arrival_d10_123,1593825245,unevenArrival,20,fixed,10,1,0,1,3124.0,544.8,2579.2,150.0,509.8,246,45,27,28,0,0,5,0,13,0,11,0,1,1,0,25,0,0,140,819.8,2.50,2,3,1,1,0,1,,39,0,0,0,1,1,11,0.0,0.0
arrival_d10,arrival_d10_124,1593835218,unevenArrival,20,fixed,10,1,0,1,3703.0,1449.8,2253.2,118.0,309.1,239,70,0,0,0,27,0,13,0,2,0,2,0,0,0,0,0,0,140,656.6,2.01,2,3,1,1,0,1,,0,9,0,1,0,1,1,0.0,0.0
arrival_d10,arrival_d10_125,1593845191,unevenArrival,20,fixed,10,1,0,1,3079.6,-3981.2,7060.9,139.6,309.5,356,45,136,205,0,73,20,11,2,1,0,3,31,31,30,64,0,0,140,901.6,2.75,3,3,1,1,0,1,,0,4,0,1,2,0,1,0.0,0.0
arrival_d10,arrival_d10_126,1593855164,unevenArrival,20,fixed,10,1,0,1,3812.0,1663.1,2148.9,0.0,133.1,249,102,0,0,0,0,2,0,4,0,0,0,0,0,0,0,0,0,140,363.1,1.11,3,2,1,1,0,0,,19,0,0,0,3,1,0,0.0,0.0
arrival_d10,arrival_d10_127,1593865137,unevenArrival,20,fixed,10,1,0,2,-21.0,1005.0,-1026.0,230.0,150.0,54,45,61,0,87,0,0,0,0,0,12,10,19,19,18,44,0,0,140,620.0,1.89,3,3,1,1,1,1,,0,0,0,0,0,0,0,0.0,0.0
arrival_d10,arrival_d10_128,1593875110,unevenArrival,20,fixed,10,1,0,1,2183.0,1026.7,1156.3,460.0,146.7,214,45,63,0,13,52,0,0,0,0,64,10,12,12,12,12,0,0,140,916.7,2.80,3,3,6,1,0,1,,0,0,0,0,0,0,0,0.0,0.0
arrival_d10,arrival_d10_129,1593885083,unevenArrival,20,fixed,10,1,0,1,760.5,-658.0,1418.5,309.5,450.0,155,50,78,75,0,0,1,0,1,0,3,11,1,1,1,74,0,0,140,989.5,3.02,3,3,1,1,0,1,,5,0,0,0,0,0,1,0.0,0.0
arrival_d10,arrival_d10_130,1593895056,unevenArrival,20,fixed,10,1,0,1,-2068.0,-3172.0,1104.0,460.0,230.0,214,102,232,199,29,23,40,14,2,2,0,3,1,1,0,128,1,0,140,850.0,2.60,3,2,1,1,0,0,,4,4,0,0,3,0,1,0.0,0.0
arrival_d10,arrival_d10_131,1593905029,unevenArrival,20,fixed,10,1,0,2,-3247.0,-3122.0,-125.0,380.0,380.0,149,102,286,242,39,0,21,38,1,2,4,4,77,42,42,45,2,0,140,840.0,2.57,3,2,2,1,0,0,,0,10,0,1,1,0,2,0.0,0.0
arrival_d10,arrival_d10_132,1593915002,unevenArrival,20,fixed,10,1,0,1,3779.0,1666.8,2112.2,0.0,136.8,249,102,0,0,0,0,8,0,2,1,0,0,0,0,0,0,0,0,140,296.8,0.91,3,2,1,1,0,0,,18,0,0,0,0,3,0,0.0,0.0
arrival_d10,arrival_d10_133,1593924975,unevenArrival,20,fixed,10,1,0,1,3731.6,1426.1,2305.5,116.6,309.1,239,70,0,2,0,26,0,18,0,1,0,2,1,1,0,72,0,0,140,655.6,2.00,2,3,1,1,0,1,,0,6,0,0,0,0,1,0.0,0.0
arrival_d10,arrival_d10_134,1593934948,unevenArrival,20,fixed,10,1,0,1,3748.1,1160.0,2588.1,133.1,460.0,239,45,0,0,0,23,0,0,0,0,0,10,1,1,0,29,0,0,140,663.1,2.03,2,3,1,1,0,1,,0,0,0,0,0,0,0,0.0,0.0
arrival_d10,arrival_d10_135,1593944921,unevenArrival,20,fixed,10,1,0,1,3731.6,1407.3,2324.3,116.6,597.3,239,45,0,0,0,30,0,0,0,0,0,0,1,1,0,26,0,0,140,943.9,2.88,2,3,1,1,0,1,,0,0,0,0,0,0,0,0.0,0.0
arrival_d10,arrival_d10_136,1593954894,unevenArrival,20,fixed,10,1,0,2,-41.0,2056.8,-2097.8,230.0,113.8,54,117,61,0,89,0,0,10,0,2,12,0,18,18,17,87,0,0,140,583.8,1.78,3,2,1,1,1,0,,0,6,0,0,2,0,0,0.0,0.0
arrival_d10,arrival_d10_137,1593964867,unevenArrival,20,fixed,10,1,0,1,3755.0,1405.8,2349.2,150.0,309.5,246,70,0,2,0,26,1,16,2,5,11,5,1,1,0,24,0,0,140,678.1,2.07,2,3,1,1,0,1,,41,9,0,1,1,3,3,0.0,0.0
arrival_d10,arrival_d10_138,1593974840,unevenArrival,20,fixed,10,1,0,1,3625.0,1292.0,2333.0,0.0,460.0,239,50,0,0,0,23,0,0,0,0,0,11,2,2,1,34,0,0,140,610.0,1.86,2,3,1,1,0,1,,0,0,0,0,0,0,0,0.0,0.0
arrival_d10,arrival_d10_139,1593984813,unevenArrival,20,fixed,10,1,0,1,3748.1,1237.0,2511.1,133.1,460.0,239,45,0,0,0,34,0,2,0,0,0,11,1,1,0,29,0,0,140,823.1,2.51,2,3,1,1,0,1,,0,0,0,0,0,0,0,0.0,0.0
arrival_d10,arrival_d10_140,1593994786,unevenArrival,20,fixed,10,1,0,1,3867.0,1166.7,2700.3,150.0,456.7,246,45,0,1,0,0,3,0,1,0,11,0,1,1,0,15,0,0,140,766.7,2.34,2,3,1,1,0,1,,5,0,0,0,0,1,0,0.0,0.0
arrival_d10,arrival_d10_141,1594004759,unevenArrival,20,fixed,10,1,0,1,3774.5,1171.7,2602.8,299.5,456.7,233,45,0,0,0,12,0,0,2,0,0,0,0,0,0,0,0,0,140,836.2,2.55,2,3,1,1,0,1,,10,0,1,0,0,2,0,0.0,0.0
arrival_d10,arrival_d10_142,1594014732,unevenArrival,20,fixed,10,1,0,1,3037.0,1274.6,1762.4,0.0,148.6,249,70,29,0,0,27,13,0,8,1,0,0,0,0,0,0,0,0,140,458.6,1.40,3,3,1,1,0,1,,24,2,0,0,4,1,4,0.0,0.0
arrival_d10,arrival_d10_143,1594024705,unevenArrival,20,fixed,10,1,0,1,1401.0,1251.5,149.5,620.0,451.5,104,45,61,17,26,0,0,0,0,0,53,0,44,37,36,37,0,0,140,1301.5,3.98,3,3,5,1,1,1,,0,0,0,0,0,0,0,0.0,0.0
arrival_d10,arrival_d10_144,1594034678,unevenArrival,20,fixed,10,1,0,1,3585.0,1126.0,2459.0,0.0,0.0,239,70,0,0,0,27,0,1,0,1,0,0,0,0,0,0,0,0,140,160.0,0.49,2,3,1,1,0,1,,0,2,0,0,1,0,0,0.0,0.0
arrival_d10,arrival_d10_145,1594044651,unevenArrival,20,fixed,10,1,0,1,1654.0,-813.8,2467.8,770.0,376.2,194,45,107,83,6,0,0,0,0,0,47,0,32,32,32,32,0,0,140,1226.2,3.75,3,3,5,1,0,1,,0,0,0,0,0,0,0,0.0,0.0
arrival_d10,arrival_d10_146,1594054624,unevenArrival,20,fixed,10,1,0,1,4751.5,1713.1,3038.5,291.5,133.1,366,102,50,0,0,0,0,0,0,0,0,0,5,5,5,22,0,0,140,664.6,2.03,3,2,1,1,0,0,,0,0,0,0,0,0,0,0.0,0.0
arrival_d10,arrival_d10_147,1594064597,unevenArrival,20,fixed,10,1,0,1,3834.8,795.0,3039.8,137.8,150.0,240,45,0,0,0,0,4,0,2,0,0,10,0,0,0,0,0,0,140,517.8,1.58,3,3,1,1,0,1,,9,0,1,0,0,2,0,0.0,0.0
arrival_d10,arrival_d10_148,1594074570,unevenArrival,20,fixed,10,1,0,2,-66.0,1069.5,-1135.5,230.0,160.0,54,45,62,0,90,13,0,0,0,0,12,0,18,18,17,84,0,0,140,699.1,2.14,3,3,1,1,1,1,,0,0,0,0,0,0,0,0.0,0.0
arrival_d10,arrival_d10_149,1594084543,unevenArrival,20,fixed,10,1,0,1,5045.6,1716.6,3329.0,290.6,116.6,398,102,59,0,0,0,2,0,0,0,0,0,7,7,7,9,0,0,140,647.2,1.98,3,2,1,1,0,0,,0,0,0,0,0,0,0,0.0,0.0
arrival_d20,arrival_d20_0,1592598566,unevenArrival,20,fixed,20,1,0,1,2156.1,1348.2,807.8,309.1,590.2,155,45,22,0,0,0,6,10,3,1,5,0,1,1,1,78,0,0,140,1199.3,3.66,3,3,1,1,0,1,,4,1,0,0,2,0,2,0.0,0.0
arrival_d20,arrival_d20_1,1592608539,unevenArrival,20,fixed,20,1,0,1,3749.0,1664.5,2084.5,134.0,514.5,239,70,0,0,0,17,0,0,0,0,0,0,1,1,0,14,0,0,140,808.5,2.47,2,3,1,1,0,1,,0,0,0,0,0,0,0,0.0,0.0
arrival_d20,arrival_d20_2,1592618512,unevenArrival,20,fixed,20,1,0,1,4861.5,1134.5,3727.0,451.5,379.5,376,45,57,0,0,0,0,0,0,0,0,0,8,8,8,16,0,0,140,901.1,2.75,3,3,2,1,0,1,,0,0,0,0,0,0,0,0.0,0.0
arrival_d20,arrival_d20_3,1592628485,unevenArrival,20,fixed,20,1,0,1,4060.7,-708.5,4769.2,226.7,456.7,356,45,78,81,0,51,1,4,1,1,0,4,14,14,14,65,0,0,140,1152.9,3.52,3,3,1,1,0,1,,3,4,0,1,1,0,1,0.0,0.0
arrival_d20,arrival_d20_4,1592638458,unevenArrival,20,fixed,20,1,0,1,3733.6,1054.5,2679.1,148.6,379.5,239,45,0,0,0,0,0,0,0,0,0,0,0,0,0,0,0,0,140,528.1,1.61,2,3,1,1,0,1,,0,0,0,0,0,0,0,0.0,0.0
arrival_d20,arrival_d20_5,1592648431,unevenArrival,20,fixed,20,1,0,1,2196.9,1427.4,769.6,118.9,112.4,153,87,14,0,0,0,7,0,1,0,0,0,1,1,1,82,0,0,140,461.3,1.41,3,2,1,1,0,0,,1,0,0,0,0,0,1,0.0,0.0
arrival_d20,arrival_d20_6,1592658404,unevenArrival,20,fixed,20,1,0,1,3521.0,-4346.6,7867.6,300.0,309.1,390,45,144,220,0,59,0,10,0,1,13,4,35,35,35,35,0,0,140,907.6,2.77,3,3,1,1,0,1,,0,4,0,1,0,0,1,0.0,0.0
arrival_d20,arrival_d20_7,1592668377,unevenArrival,20,fixed,20,1,0,1,3763.6,1515.4,2248.2,148.6,365.4,239,70,0,0,0,17,0,0,0,0,0,0,1,1,0,13,0,0,140,674.0,2.06,2,3,1,1,0,1,,0,0,0,0,0,0,0,0.0,0.0
arrival_d20,arrival_d20_8,1592678350,unevenArrival,20,fixed,20,1,0,1,3835.0,1417.4,2417.6,150.0,112.4,250,87,0,0,0,0,4,0,2,0,13,0,0,0,0,0,0,0,140,342.4,1.05,2,2,1,1,0,0,,33,0,0,0,0,2,0,0.0,0.0
arrival_d20,arrival_d20_9,1592688323,unevenArrival,20,fixed,20,1,0,1,2534.5,-240.0,2774.5,389.5,460.0,211,45,45,58,0,16,1,0,2,0,5,10,1,1,0,105,0,0,140,1219.5,3.72,3,3,1,1,0,1,,5,0,0,0,0,0,2,0.0,0.0
arrival_d20,arrival_d20_10,1592698296,unevenArrival,20,fixed,20,1,0,1,3577.7,1036.1,2541.6,114.7,309.5,229,45,0,2,0,48,5,11,5,2,0,4,1,1,0,80,0,0,140,723.3,2.21,2,3,1,1,0,1,,21,8,3,2,3,3,1,0.0,0.0
arrival_d20,arrival_d20_11,1592708269,unevenArrival,20,fixed,20,1,0,1,2148.5,805.0,1343.5,309.5,150.0,155,45,22,0,0,0,3,0,3,0,5,10,1,1,1,85,0,0,140,609.5,1.86,3,3,1,1,0,1,,8,0,0,0,2,0,1,0.0,0.0
arrival_d20,arrival_d20_12,1592718242,unevenArrival,20,fixed,20,1,0,1,3568.2,1122.0,2446.2,115.2,310.0,231,50,0,0,0,18,3,0,5,0,0,11,1,1,0,26,0,0,140,575.2,1.76,2,3,1,1,0,1,,21,0,3,0,2,3,0,0.0,0.0
arrival_d20,arrival_d20_13,1592728215,unevenArrival,20,fixed,20,1,0,1,2201.6,1094.6,1106.9,298.6,369.6,169,45,30,0,0,0,4,2,3,0,3,0,1,1,1,65,0,0,140,978.2,2.99,3,3,1,1,0,1,,4,0,0,0,1,0,2,0.0,0.0
arrival_d20,arrival_d20_14,1592738188,unevenArrival,20,fixed,20,1,0,1,3786.8,879.8,2907.1,326.8,160.0,268,45,28,0,0,8,3,0,0,0,0,0,1,1,1,49,0,0,140,796.4,2.43,3,3,1,1,0,1,,0,0,0,0,0,0,0,0.0,0.0
arrival_d20,arrival_d20_15,1592748161,unevenArrival,20,fixed,20,1,0,1,5042.0,-915.0,5957.0,348.0,610.0,396,45,61,91,0,18,13,0,3,0,0,10,11,11,10,13,1,0,140,1178.0,3.60,3,3,1,1,0,1,,38,0,0,0,2,0,1,0.0,0.0
arrival_d20,arrival_d20_16,1592758134,unevenArrival,20,fixed,20,1,0,1,3703.9,1010.3,2693.6,118.9,335.3,239,45,0,0,0,0,0,0,0,0,0,0,0,0,0,0,0,0,140,454.2,1.39,2,3,1,1,0,1,,0,0,0,0,0,0,0,0.0,0.0
arrival_d20,arrival_d20_17,1592768107,unevenArrival,20,fixed,20,1,0,1,1634.0,1045.4,588.6,770.0,296.8,173,45,65,0,7,7,0,0,0,0,62,0,4,4,4,4,0,0,140,1134.0,3.46,4,3,7,1,3,1,,0,0,0,0,0,0,0,0.0,0.0
arrival_d20,arrival_d20_18,1592778080,unevenArrival,20,fixed,20,1,0,1,4586.6,-2185.0,6771.6,486.6,460.0,352,45,63,135,0,17,39,0,4,0,0,10,10,10,10,63,1,0,140,1326.6,4.05,3,3,1,1,0,1,,5,0,0,0,2,0,2,0.0,0.0
arrival_d20,arrival_d20_19,1592788053,unevenArrival,20,fixed,20,1,0,1,3999.0,969.3,3029.7,150.0,229.5,258,45,0,2,0,47,5,8,1,1,13,4,1,1,0,84,0,0,140,609.1,1.86,2,3,1,1,0,1,,6,4,0,1,1,1,0,0.0,0.0
arrival_d20,arrival_d20_20,1592798026,unevenArrival,20,fixed,20,1,0,1,3534.7,1341.1,2193.6,146.7,274.7,253,70,15,0,0,0,7,1,4,1,12,0,0,0,0,0,0,0,140,534.2,1.63,3,3,1,1,0,1,,18,0,0,0,1,2,2,0.0,0.0
arrival_d20,arrival_d20_21,1592807999,unevenArrival,20,fixed,20,1,0,2,36.0,1310.0,-1274.0,390.0,150.0,58,70,61,0,98,0,0,1,0,0,13,10,12,11,11,61,0,0,140,780.0,2.38,3,3,1,1,1,1,,0,0,0,0,0,0,0,0.0,0.0
arrival_d20,arrival_d20_22,1592817972,unevenArrival,20,fixed,20,1,0,1,4689.6,1080.3,3609.4,219.6,335.3,376,45,57,0,0,0,0,0,0,0,0,0,7,7,7,16,0,0,140,784.9,2.40,3,3,1,1,0,1,,0,0,0,0,0,0,0,0.0,0.0
arrival_d20,arrival_d20_23,1592827945,unevenArrival,20,fixed,20,1,0,1,-245.9,-12095.9,11850.0,539.1,229.1,199,87,188,550,0,0,0,0,0,0,0,0,35,35,35,49,0,0,140,768.1,2.35,4,2,2,1,0,0,,0,0,0,0,0,0,0,0.0,0.0
arrival_d20,arrival_d20_24,1592837918,unevenArrival,20,fixed,20,1,0,1,4066.1,1054.5,3011.5,469.1,379.5,233,45,0,0,2,0,2,0,1,0,3,0,0,0,0,0,0,0,140,1078.6,3.29,3,3,1,1,0,1,,2,0,0,0,0,0,1,0.0,0.0
arrival_d20,arrival_d20_25,1592847891,unevenArrival,20,fixed,20,1,0,1,-2105.4,-6616.3,4510.9,139.6,146.7,164,87,234,324,0,0,37,9,2,3,0,0,33,33,33,53,0,0,140,676.4,2.07,4,2,3,1,0,0,,0,4,0,1,4,0,1,0.0,0.0
arrival_d20,arrival_d20_26,1592857864,unevenArrival,20,fixed,20,1,0,2,96.0,1350.0,-1254.0,310.0,80.0,58,70,61,0,98,9,0,1,0,0,13,0,18,18,18,68,0,0,140,710.0,2.17,3,3,1,1,1,1,,0,0,0,0,0,0,0,0.0,0.0
arrival_d20,arrival_d20_27,1592867837,unevenArrival,20,fixed,20,1,0,1,3733.6,795.0,2938.6,148.6,150.0,239,45,0,0,0,0,1,0,0,0,0,10,0,0,0,0,0,0,140,298.6,0.91,2,3,1,1,0,1,,0,0,0,0,0,0,0,0.0,0.0
arrival_d20,arrival_d20_28,1592877810,unevenArrival,20,fixed,20,1,0,1,3733.6,909.5,2824.1,148.6,149.5,239,45,0,0,0,31,2,0,0,0,0,10,0,0,0,0,0,0,140,528.1,1.61,2,3,1,1,0,1,,0,0,0,0,0,0,0,0.0,0.0
arrival_d20,arrival_d20_29,1592887783,unevenArrival,20,fixed,20,1,0,1,2156.5,1101.2,1055.3,309.5,376.2,155,45,22,0,0,0,5,0,3,0,5,0,1,1,1,78,0,0,140,915.8,2.80,3,3,1,1,0,1,,4,0,0,0,1,0,2,0.0,0.0
arrival_d20,arrival_d20_30,1592897756,unevenArrival,20,fixed,20,1,0,1,4751.1,1189.9,3561.2,221.1,415.3,380,45,57,0,0,0,0,0,0,0,0,0,7,7,7,15,0,0,140,925.5,2.83,3,3,1,1,0,1,,0,0,0,0,0,0,0,0.0,0.0
arrival_d20,arrival_d20_31,1592907729,unevenArrival,20,fixed,20,1,0,1,2008.5,879.8,1128.8,309.5,160.0,155,45,28,0,0,8,5,0,2,0,5,0,1,1,1,75,0,0,140,689.1,2.10,3,3,1,1,0,1,,3,0,0,0,1,0,1,0.0,0.0
arrival_d20,arrival_d20_32,1592917702,unevenArrival,20,fixed,20,1,0,1,3513.2,1579.3,1933.9,115.2,459.5,231,70,1,0,0,17,2,2,4,0,0,0,0,0,0,0,0,0,140,714.2,2.18,2,3,1,1,0,1,,21,0,3,0,1,3,0,0.0,0.0
arrival_d20,arrival_d20_33,1592927675,unevenArrival,20,fixed,20,1,0,1,2402.9,1080.1,1322.9,118.9,309.1,169,45,16,0,0,59,11,17,3,1,0,4,3,3,3,87,0,0,140,790.0,2.41,3,3,1,1,0,1,,3,4,0,1,2,0,2,0.0,0.0
arrival_d20,arrival_d20_34,1592937648,unevenArrival,20,fixed,20,1,0,1,3845.0,869.8,2975.2,0.0,160.0,253,45,0,0,0,8,1,0,2,0,0,0,0,0,0,0,0,0,140,389.5,1.19,3,3,1,1,0,1,,15,0,0,0,0,2,0,0.0,0.0
arrival_d20,arrival_d20_35,1592947621,unevenArrival,20,fixed,20,1,0,1,-3007.0,-6008.0,3001.0,310.0,380.0,148,87,270,304,76,0,0,34,0,2,9,3,40,40,39,40,0,0,140,770.0,2.35,3,2,1,1,0,0,,0,52,0,1,0,0,2,0.0,0.0
arrival_d20,arrival_d20_36,1592957594,unevenArrival,20,fixed,20,1,0,1,5003.7,1082.0,3921.7,298.7,309.1,398,45,61,0,0,8,0,0,0,0,0,0,7,7,7,8,0,0,140,903.6,2.76,3,3,1,1,0,1,,0,0,0,0,0,0,0,0.0,0.0
arrival_d20,arrival_d20_37,1592967567,unevenArrival,20,fixed,20,1,0,1,2130.4,1441.0,689.4,453.4,126.0,157,87,30,0,12,0,8,0,3,0,5,0,1,1,1,74,0,0,140,729.4,2.23,3,2,1,1,0,0,,4,0,0,0,1,0,2,0.0,0.0
arrival_d20,arrival_d20_38,1592977540,unevenArrival,20,fixed,20,1,0,1,3719.0,1090.3,2628.7,134.0,335.3,239,45,0,0,0,9,0,0,0,0,0,0,0,0,0,0,0,0,140,629.3,1.92,2,3,1,1,0,1,,0,0,0,0,0,0,0,0.0,0.0
arrival_d20,arrival_d20_39,1592987513,unevenArrival,20,fixed,20,1,0,1,-4783.0,-7434.0,2651.0,310.0,0.0,73,87,296,370,146,69,25,18,1,1,21,3,54,40,39,40,0,0,140,620.0,1.89,4,2,2,1,1,0,,0,0,0,0,1,0,1,0.0,0.0
arrival_d20,arrival_d20_40,1592997486,unevenArrival,20,fixed,20,1,0,1,3916.7,1027.0,2889.7,146.7,310.0,250,45,0,0,0,25,3,1,2,0,12,11,1,0,0,0,0,0,140,686.7,2.10,2,3,1,1,0,1,,7,0,0,0,0,1,1,0.0,0.0
arrival_d20,arrival_d20_41,1593007459,unevenArrival,20,fixed,20,1,0,1,3701.6,1054.5,2647.1,116.6,379.5,239,45,0,0,0,0,0,0,0,0,0,0,0,0,0,0,0,0,140,496.1,1.52,2,3,1,1,0,1,,0,0,0,0,0,0,0,0.0,0.0
arrival_d20,arrival_d20_42,1593017432,unevenArrival,20,fixed,20,1,0,1,3763.6,1275.0,2488.6,148.6,460.0,239,50,0,0,0,23,5,0,0,0,0,10,1,1,0,26,0,0,140,758.6,2.32,2,3,1,1,0,1,,0,0,0,0,0,0,0,0.0,0.0
arrival_d20,arrival_d20_43,1593027405,unevenArrival,20,fixed,20,1,0,1,3652.6,1156.1,2496.5,148.6,309.1,230,55,0,2,0,24,2,16,2,3,0,2,1,1,0,66,0,0,140,697.6,2.13,2,3,1,1,0,1,,8,11,2,2,2,1,2,0.0,0.0
arrival_d20,arrival_d20_44,1593037378,unevenArrival,20,fixed,20,1,0,1,1717.0,1523.0,194.0,1460.0,118.0,113,87,61,0,12,0,0,0,0,0,51,0,10,10,10,10,0,0,140,1658.0,5.06,4,2,5,1,1,0,,0,0,0,0,0,0,0,0.0,0.0
arrival_d20,arrival_d20_45,1593047351,unevenArrival,20,fixed,20,1,0,1,3754.5,1043.8,2710.7,149.5,309.5,239,45,0,2,0,49,0,1,1,1,0,4,1,1,0,81,0,0,140,677.6,2.07,2,3,1,1,0,1,,5,4,0,1,1,1,0,0.0,0.0
arrival_d20,arrival_d20_46,1593057324,unevenArrival,20,fixed,20,1,0,1,3748.1,1175.0,2573.1,133.1,460.0,239,45,0,1,0,24,0,1,0,0,0,10,1,1,0,22,0,0,140,743.1,2.27,2,3,1,1,0,1,,0,0,0,0,0,0,0,0.0,0.0
arrival_d20,arrival_d20_47,1593067297,unevenArrival,20,fixed,20,1,0,1,776.5,-648.8,1425.4,309.5,591.2,155,45,82,80,0,0,5,0,3,0,5,0,5,4,4,94,0,0,140,1200.7,3.67,3,3,1,1,0,1,,4,0,0,0,1,0,2,0.0,0.0
arrival_d20,arrival_d20_48,1593077270,unevenArrival,20,fixed,20,1,0,1,1679.0,845.0,834.0,1130.0,150.0,148,45,65,0,29,0,0,0,0,0,62,10,5,5,5,5,0,0,140,1360.0,4.15,4,3,6,1,2,1,,0,0,0,0,0,0,0,0.0,0.0
arrival_d20,arrival_d20_49,1593087243,unevenArrival,20,fixed,20,1,0,1,2082.5,1431.6,650.9,309.5,116.6,155,87,24,0,0,0,3,0,4,0,5,0,1,1,1,78,0,0,140,576.1,1.76,3,2,1,1,0,0,,16,0,0,0,2,0,2,0.0,0.0
arrival_d20,arrival_d20_50,1593097216,unevenArrival,20,fixed,20,1,0,1,3538.2,1417.8,2120.4,115.2,112.8,231,87,0,0,0,0,3,0,5,0,0,0,0,0,0,0,0,0,140,228.0,0.70,2,2,1,1,0,0,,21,0,3,0,2,3,0,0.0,0.0
arrival_d20,arrival_d20_51,1593107189,unevenArrival,20,fixed,20,1,0,1,3867.0,1423.0,2444.0,150.0,118.0,250,87,0,0,0,0,5,0,2,0,13,0,0,0,0,0,0,0,140,348.0,1.06,2,2,1,1,0,0,,17,0,0,0,0,2,0,0.0,0.0
arrival_d20,arrival_d20_52,1593117162,unevenArrival,20,fixed,20,1,0,1,4686.9,845.0,3841.9,278.9,150.0,366,45,52,0,0,0,8,0,1,0,0,10,5,5,5,18,0,0,140,668.9,2.04,3,3,1,1,0,1,,1,0,0,0,0,0,1,0.0,0.0
arrival_d20,arrival_d20_53,1593127135,unevenArrival,20,fixed,20,1,0,1,3763.6,1175.0,2588.6,148.6,460.0,239,45,0,1,0,26,0,0,0,0,0,10,1,1,0,22,0,0,140,758.6,2.32,2,3,1,1,0,1,,0,0,0,0,0,0,0,0.0,0.0
arrival_d20,arrival_d20_54,1593137108,unevenArrival,20,fixed,20,1,0,1,4356.0,-1145.0,5501.0,226.7,460.0,380,45,87,97,0,16,0,0,0,0,0,10,21,20,20,28,1,0,140,985.3,3.01,3,3,1,1,0,1,,0,0,0,0,0,0,0,0.0,0.0
arrival_d20,arrival_d20_55,1593147081,unevenArrival,20,fixed,20,1,0,1,3733.6,1339.6,2394.0,148.6,275.2,239,70,0,0,0,0,0,0,0,1,0,0,0,0,0,0,0,0,140,456.6,1.39,2,3,1,1,0,1,,0,1,0,0,1,0,0,0.0,0.0
arrival_d20,arrival_d20_56,1593157054,unevenArrival,20,fixed,20,1,0,2,111.0,975.0,-864.0,310.0,150.0,60,45,60,0,103,0,0,0,0,0,13,10,16,16,15,29,0,0,140,700.0,2.14,3,3,1,1,1,1,,0,0,0,0,0,0,0,0.0,0.0
arrival_d20,arrival_d20_57,1593167027,unevenArrival,20,fixed,20,1,0,1,3863.0,1175.0,2688.0,150.0,460.0,250,45,0,1,0,24,4,1,2,0,13,10,1,1,0,22,0,0,140,840.0,2.57,2,3,1,1,0,1,,34,0,0,0,0,2,0,0.0,0.0
arrival_d20,arrival_d20_58,1593177000,unevenArrival,20,fixed,20,1,0,1,1702.5,485.0,1217.5,309.5,460.0,155,45,44,29,0,16,18,0,4,0,5,10,3,3,2,100,0,0,140,1149.5,3.51,3,3,1,1,0,1,,6,0,0,0,1,0,3,0.0,0.0
arrival_d20,arrival_d20_59,1593186973,unevenArrival,20,fixed,20,1,0,1,2046.5,834.5,1212.0,309.5,149.5,155,45,28,0,0,0,2,0,2,0,5,0,1,1,1,76,0,0,140,689.1,2.10,3,3,1,1,0,1,,4,0,0,0,1,0,1,0.0,0.0
arrival_d20,arrival_d20_60,1593196946,unevenArrival,20,fixed,20,1,0,2,964.0,1410.3,-446.3,530.0,335.3,83,45,61,0,101,9,0,0,0,0,27,0,32,32,32,32,0,0,140,1335.3,4.08,4,3,3,1,1,1,,0,0,0,0,0,0,0,0.0,0.0
arrival_d20,arrival_d20_61,1593206919,unevenArrival,20,fixed,20,1,0,1,4207.5,1054.5,3153.0,549.5,379.5,268,45,18,0,5,0,3,0,2,0,5,0,0,0,0,0,0,0,140,1159.1,3.54,3,3,1,1,0,1,,6,0,0,0,0,0,2,0.0,0.0
arrival_d20,arrival_d20_62,1593216892,unevenArrival,20,fixed,20,1,0,1,3741.8,1175.0,2566.8,136.8,460.0,239,45,0,1,0,25,0,0,1,0,0,10,1,1,0,22,0,0,140,746.8,2.28,2,3,1,1,0,1,,5,0,0,0,0,1,0,0.0,0.0
arrival_d20,arrival_d20_63,1593226865,unevenArrival,20,fixed,20,1,0,2,36.0,1617.8,-1581.8,380.0,389.1,54,70,59,0,126,5,0,6,0,0,13,2,13,12,12,12,0,0,140,1078.6,3.29,3,3,1,1,1,1,,0,0,0,0,0,0,0,0.0,0.0
arrival_d20,arrival_d20_64,1593236838,unevenArrival,20,fixed,20,1,0,1,1002.0,961.7,40.3,990.0,376.7,106,45,70,10,37,0,0,0,0,0,31,0,11,11,10,19,0,0,140,1516.7,4.63,3,3,3,1,1,1,,0,0,0,0,0,0,0,0.0,0.0
arrival_d20,arrival_d20_65,1593246811,unevenArrival,20,fixed,20,1,0,1,2612.5,-1238.0,3850.5,389.5,460.0,211,45,47,97,3,13,2,0,2,0,5,11,5,4,4,22,1,0,140,1239.5,3.79,3,3,1,1,0,1,,6,0,0,0,0,1,1,0.0,0.0
arrival_d20,arrival_d20_66,1593256784,unevenArrival,20,fixed,20,1,0,1,2158.5,805.0,1353.5,309.5,150.0,155,45,22,0,0,0,7,0,2,0,5,10,1,1,1,78,0,0,140,609.5,1.86,3,3,1,1,0,1,,3,0,0,0,1,0,1,0.0,0.0
arrival_d20,arrival_d20_67,1593266757,unevenArrival,20,fixed,20,1,0,1,3706.2,-730.0,4436.2,226.2,460.0,376,50,109,83,0,13,0,0,0,0,0,10,18,18,18,28,0,0,140,1066.2,3.26,3,3,1,1,0,1,,0,0,0,0,0,0,0,0.0,0.0
arrival_d20,arrival_d20_68,1593276730,unevenArrival,20,fixed,20,1,0,1,-251.4,-10110.5,9859.1,538.6,229.5,191,87,187,473,0,0,3,5,0,0,0,0,38,38,37,44,0,0,140,848.1,2.59,4,2,3,1,0,0,,0,0,0,0,0,0,0,0.0,0.0
arrival_d20,arrival_d20_69,1593286703,unevenArrival,20,fixed,20,1,0,1,3697.8,1066.1,2631.8,112.8,309.5,239,45,0,0,0,49,0,8,0,2,0,4,0,0,0,0,0,0,140,641.4,1.96,2,3,1,1,0,1,,0,8,0,2,1,0,1,0.0,0.0
arrival_d20,arrival_d20_70,1593296676,unevenArrival,20,fixed,20,1,0,1,4059.7,1423.0,2636.7,146.7,118.0,260,87,0,0,0,0,2,0,2,0,12,0,0,0,0,0,0,0,140,414.7,1.27,2,2,1,1,0,0,,13,0,0,0,0,2,0,0.0,0.0
arrival_d20,arrival_d20_71,1593306649,unevenArrival,20,fixed,20,1,0,1,3927.5,1023.6,2903.9,149.5,309.5,250,45,0,2,0,49,3,7,2,1,13,4,1,1,1,46,0,0,140,827.2,2.53,2,3,1,1,0,1,,19,4,0,1,1,2,0,0.0,0.0
arrival_d20,arrival_d20_72,1593316622,unevenArrival,20,fixed,20,1,0,1,3724.5,869.8,2854.8,149.5,160.0,239,45,0,0,0,8,0,0,1,0,0,0,0,0,0,0,0,0,140,379.1,1.16,2,3,1,1,0,1,,5,0,0,0,0,1,0,0.0,0.0
arrival_d20,arrival_d20_73,1593326595,unevenArrival,20,fixed,20,1,0,2,1224.0,1262.8,-38.8,610.0,112.8,151,72,63,0,40,0,0,0,0,0,97,0,7,7,7,7,0,0,140,872.8,2.67,4,2,9,1,1,0,,0,0,0,0,0,0,0,0.0,0.0
arrival_d20,arrival_d20_74,1593336568,unevenArrival,20,fixed,20,1,0,1,2214.1,805.0,1409.1,389.1,150.0,169,45,30,0,2,0,9,0,1,0,3,10,1,1,1,66,0,0,140,609.1,1.86,3,3,1,1,0,1,,3,0,0,0,0,0,1,0.0,0.0
arrival_d20,arrival_d20_75,1593346541,unevenArrival,20,fixed,20,1,0,2,16.0,1675.4,-1659.4,390.0,665.4,58,70,61,10,126,7,0,1,0,0,13,0,11,10,10,10,0,0,140,1455.4,4.45,3,3,1,2,1,1,,0,0,0,0,0,0,0,0.0,0.0
arrival_d20,arrival_d20_76,1593356514,unevenArrival,20,fixed,20,1,0,1,3579.7,1044.1,2535.6,114.7,309.5,229,45,0,2,0,48,3,15,6,1,0,4,1,1,0,81,0,0,140,723.3,2.21,2,3,1,1,0,1,,20,4,3,1,2,3,2,0.0,0.0
arrival_d20,arrival_d20_77,1593366487,unevenArrival,20,fixed,20,1,0,1,4136.5,852.0,3284.5,469.5,610.0,268,45,18,19,1,18,4,0,2,0,5,11,0,0,0,0,0,0,140,1469.5,4.49,3,3,1,1,0,1,,4,0,0,0,0,0,2,0.0,0.0
arrival_d20,arrival_d20_78,1593376460,unevenArrival,20,fixed,20,1,0,1,2362.5,1190.0,1172.5,309.5,460.0,161,45,16,0,0,17,9,0,8,0,5,10,1,1,1,81,0,0,140,1069.5,3.27,3,3,1,1,0,1,,21,0,0,0,3,0,5,0.0,0.0
arrival_d20,arrival_d20_79,1593386433,unevenArrival,20,fixed,20,1,0,1,-3133.0,-8112.0,4979.0,460.0,380.0,163,87,290,392,210,0,18,38,0,2,6,3,37,37,36,46,1,0,140,1080.0,3.30,4,2,2,1,0,0,,0,4,0,1,2,0,0,0.0,0.0
arrival_d20,arrival_d20_80,1593396406,unevenArrival,20,fixed,20,1,0,2,-34.0,1528.3,-1562.3,310.0,309.5,54,70,59,0,122,4,0,4,0,2,13,4,13,12,12,12,0,0,140,929.1,2.84,3,3,1,1,1,1,,0,2,0,0,1,0,1,0.0,0.0
arrival_d20,arrival_d20_81,1593406379,unevenArrival,20,fixed,20,1,0,1,2426.0,805.0,1621.0,340.0,150.0,155,45,15,0,0,0,7,0,2,0,0,10,1,1,1,90,0,0,140,730.0,2.23,3,3,1,1,0,1,,2,0,0,0,0,0,2,0.0,0.0
arrival_d20,arrival_d20_82,1593416352,unevenArrival,20,fixed,20,1,0,1,2708.9,367.0,2341.9,198.9,530.0,358,57,125,43,0,1,15,0,2,0,0,11,8,8,7,48,0,0,140,958.9,2.93,3,2,1,2,0,1,,10,0,0,0,2,0,0,0.0,0.0
arrival_d20,arrival_d20_83,1593426325,unevenArrival,20,fixed,20,1,0,1,1650.1,196.7,1453.4,309.1,376.7,153,45,43,37,0,0,1,0,2,0,3,0,1,1,0,104,1,0,140,1005.8,3.07,3,3,1,1,0,1,,5,0,0,0,0,0,2,0.0,0.0
arrival_d20,arrival_d20_84,1593436298,unevenArrival,20,fixed,20,1,0,1,2273.1,-290.0,2563.1,389.1,460.0,241,50,76,63,1,13,1,0,2,0,5,10,3,3,2,93,1,0,140,1239.1,3.78,3,3,1,1,0,1,,8,0,0,0,1,1,0,0.0,0.0
arrival_d20,arrival_d20_85,1593446271,unevenArrival,20,fixed,20,1,0,1,2152.5,1015.4,1137.1,309.5,296.8,155,45,22,0,0,8,3,0,3,0,5,0,1,1,1,90,0,0,140,823.5,2.52,3,3,1,1,0,1,,6,0,0,0,2,0,1,0.0,0.0
arrival_d20,arrival_d20_86,1593456244,unevenArrival,20,fixed,20,1,0,1,1386.0,1032.0,354.0,1000.0,309.1,143,45,66,0,37,8,0,0,0,0,73,0,2,2,2,2,0,0,140,1504.9,4.60,4,3,7,1,1,1,,0,0,0,0,0,0,0,0.0,0.0
arrival_d20,arrival_d20_87,1593466217,unevenArrival,20,fixed,20,1,0,1,1360.0,905.8,454.2,1160.0,309.1,113,70,65,24,23,4,0,4,0,1,50,2,11,10,10,10,0,0,140,1678.6,5.13,4,3,5,1,1,1,,0,1,0,0,1,0,0,0.0,0.0
arrival_d20,arrival_d20_88,1593476190,unevenArrival,20,fixed,20,1,0,1,3945.0,1051.7,2893.3,150.0,376.7,258,45,0,0,0,0,3,0,2,0,13,0,1,0,0,0,0,0,140,526.7,1.61,2,3,1,1,0,1,,33,0,0,0,0,2,0,0.0,0.0
arrival_d20,arrival_d20_89,1593486163,unevenArrival,20,fixed,20,1,0,1,2173.5,977.3,1196.2,309.5,275.2,161,45,25,0,0,0,8,0,2,0,5,0,1,1,1,68,0,0,140,768.9,2.35,3,3,1,1,0,1,,3,0,0,0,1,0,1,0.0,0.0
arrival_d20,arrival_d20_90,1593496136,unevenArrival,20,fixed,20,1,0,1,-255.9,-12065.9,11810.0,539.1,229.1,199,87,188,548,0,0,0,0,0,0,0,0,34,34,34,51,0,0,140,768.1,2.35,4,2,2,1,0,0,,0,0,0,0,0,0,0,0.0,0.0
arrival_d20,arrival_d20_91,1593506109,unevenArrival,20,fixed,20,1,0,1,-1139.3,-1987.0,847.7,146.7,0.0,142,87,154,165,0,0,29,9,1,1,12,10,40,40,39,40,1,0,140,456.7,1.39,2,2,1,1,0,0,,15,6,0,1,1,0,1,0.0,0.0
arrival_d20,arrival_d20_92,1593516082,unevenArrival,20,fixed,20,1,0,1,3911.0,1175.0,2736.0,0.0,460.0,253,45,0,1,0,25,1,1,2,0,0,10,1,1,0,22,0,0,140,850.0,2.60,3,3,1,1,0,1,,17,0,0,0,0,2,0,0.0,0.0
arrival_d20,arrival_d20_93,1593526055,unevenArrival,20,fixed,20,1,0,1,4409.6,-1145.0,5554.6,219.6,460.0,378,45,85,97,0,16,0,0,0,0,0,10,21,20,20,29,0,0,140,1059.6,3.24,3,3,1,1,0,1,,0,0,0,0,0,0,0,0.0,0.0
arrival_d20,arrival_d20_94,1593536028,unevenArrival,20,fixed,20,1,0,1,951.0,831.6,119.4,610.0,298.6,58,60,25,17,68,0,0,19,0,0,13,4,1,1,0,107,0,0,140,1218.6,3.72,3,3,1,1,1,1,,0,0,0,0,0,0,0,0.0,0.0
arrival_d20,arrival_d20_95,1593546001,unevenArrival,20,fixed,20,1,0,2,-214.0,1623.2,-1837.2,310.0,355.2,88,70,93,0,45,0,0,3,0,0,13,0,20,20,20,66,0,0,140,941.3,2.87,3,3,1,1,1,1,,0,0,0,0,0,0,0,0.0,0.0
arrival_d20,arrival_d20_96,1593555974,unevenArrival,20,fixed,20,1,0,1,991.5,187.0,804.5,309.5,310.0,155,50,75,37,0,13,16,0,3,0,5,11,5,5,5,95,0,0,140,999.5,3.05,3,3,1,1,0,1,,4,0,0,0,1,0,2,0.0,0.0
arrival_d20,arrival_d20_97,1593565947,unevenArrival,20,fixed,20,1,0,1,2112.8,1160.0,952.8,137.8,760.0,231,57,62,20,0,0,2,0,2,0,0,10,2,2,1,23,0,0,140,1047.8,3.20,2,2,1,2,0,1,,10,0,1,0,1,1,0,0.0,0.0
arrival_d20,arrival_d20_98,1593575920,unevenArrival,20,fixed,20,1,0,1,843.0,-965.0,1808.0,310.0,380.0,146,50,77,88,0,14,0,31,0,0,9,10,6,6,5,108,1,0,140,1150.0,3.51,3,3,1,1,0,1,,0,0,0,0,0,0,0,0.0,0.0
arrival_d20,arrival_d20_99,1593585893,unevenArrival,20,fixed,20,1,0,1,1483.0,1047.3,435.7,1150.0,275.2,123,45,63,0,11,0,0,0,0,0,59,0,8,8,8,8,0,0,140,1619.4,4.95,4,3,6,1,1,1,,0,0,0,0,0,0,0,0.0,0.0
arrival_d20,arrival_d20_100,1593595866,unevenArrival,20,fixed,20,1,0,1,2128.0,845.0,1283.0,380.0,150.0,233,45,65,0,2,0,0,0,0,0,74,10,5,5,5,5,0,0,140,530.0,1.62,4,3,7,1,0,1,,0,0,0,0,0,0,0,0.0,0.0
arrival_d20,arrival_d20_101,1593605839,unevenArrival,20,fixed,20,1,0,1,5266.7,851.1,4415.6,226.7,309.1,380,45,35,12,0,59,0,24,0,0,0,4,5,5,4,108,0,0,140,983.9,3.00,3,3,1,1,0,1,,0,0,0,0,0,0,0,0.0,0.0
arrival_d20,arrival_d20_102,1593615812,unevenArrival,20,fixed,20,1,0,2,1096.0,1251.5,-155.5,760.0,389.4,113,45,65,0,8,0,1,0,0,0,38,0,15,15,14,15,0,0,140,1343.6,4.10,4,3,4,1,1,1,,0,0,0,0,0,0,0,0.0,0.0
arrival_d20,arrival_d20_103,1593625785,unevenArrival,20,fixed,20,1,0,1,2182.1,805.0,1377.1,309.1,150.0,153,45,20,0,0,0,8,0,2,0,3,10,1,1,1,81,0,0,140,609.1,1.86,3,3,1,1,0,1,,4,0,0,0,0,0,2,0.0,0.0
arrival_d20,arrival_d20_104,1593635758,unevenArrival,20,fixed,20,1,0,1,1650.5,387.0,1263.5,309.5,450.0,155,45,46,31,0,0,19,0,5,0,5,11,3,3,2,100,0,0,140,1069.5,3.27,3,3,1,1,0,1,,7,0,0,0,2,0,3,0.0,0.0
arrival_d20,arrival_d20_105,1593645731,unevenArrival,20,fixed,20,1,0,1,3969.0,1054.5,2914.5,150.0,379.5,258,45,0,0,0,0,4,0,1,0,13,0,0,0,0,0,0,0,140,529.5,1.62,2,3,1,1,0,1,,6,0,0,0,0,1,0,0.0,0.0
arrival_d20,arrival_d20_106,1593655704,unevenArrival,20,fixed,20,1,0,1,3945.5,725.0,3220.5,459.5,460.0,263,45,22,19,0,16,2,0,1,0,5,10,1,1,0,30,0,0,140,1229.5,3.76,3,3,1,1,0,1,,2,0,0,0,0,0,1,0.0,0.0
arrival_d20,arrival_d20_107,1593665677,unevenArrival,20,fixed,20,1,0,1,2172.1,1014.9,1157.1,309.1,308.6,169,45,30,0,0,8,8,0,2,0,3,0,1,1,1,65,0,0,140,810.4,2.47,3,3,1,1,0,1,,4,0,0,0,1,0,1,0.0,0.0
arrival_d20,arrival_d20_108,1593675650,unevenArrival,20,fixed,20,1,0,1,1501.5,500.0,1001.5,309.5,460.0,155,45,48,30,0,17,2,0,2,0,5,10,1,1,0,104,0,0,140,1159.5,3.54,3,3,1,1,0,1,,9,0,0,0,1,0,1,0.0,0.0
arrival_d20,arrival_d20_109,1593685623,unevenArrival,20,fixed,20,1,0,1,1708.6,-3895.9,5604.5,538.6,229.1,356,72,170,213,0,0,1,0,0,0,0,0,6,6,5,108,0,0,140,767.6,2.34,3,2,1,1,0,0,,0,0,0,0,0,0,0,0.0,0.0
arrival_d20,arrival_d20_110,1593695596,unevenArrival,20,fixed,20,1,0,1,2188.0,1262.4,925.6,380.0,112.4,233,72,63,0,2,0,0,0,0,0,84,0,7,7,7,7,0,0,140,492.4,1.50,4,2,8,1,0,0,,0,0,0,0,0,0,0,0.0,0.0
arrival_d20,arrival_d20_111,1593705569,unevenArrival,20,fixed,20,1,0,1,3785.0,1438.1,2346.9,0.0,133.1,250,87,0,0,0,0,3,0,2,0,0,0,0,0,0,0,0,0,140,283.1,0.86,2,2,1,1,0,0,,20,0,0,0,1,1,0,0.0,0.0
arrival_d20,arrival_d20_112,1593715542,unevenArrival,20,fixed,20,1,0,1,2156.1,805.0,1351.1,309.1,150.0,169,45,30,0,1,0,7,0,3,0,7,10,1,1,1,65,0,0,140,609.1,1.86,3,3,1,1,0,1,,6,0,0,0,1,0,2,0.0,0.0
arrival_d20,arrival_d20_113,1593725515,unevenArrival,20,fixed,20,1,0,1,3763.8,1492.0,2271.8,136.8,610.0,239,57,0,0,0,1,0,0,1,0,0,11,3,3,2,21,0,0,140,746.8,2.28,2,2,1,2,0,1,,4,0,0,0,0,1,0,0.0,0.0
arrival_d20,arrival_d20_114,1593735488,unevenArrival,20,fixed,20,1,0,1,1225.1,-13.0,1238.1,309.1,310.0,153,50,67,45,0,13,1,0,2,0,3,11,7,6,6,89,0,0,140,999.1,3.05,3,3,1,1,0,1,,5,0,0,0,0,0,2,0.0,0.0
arrival_d20,arrival_d20_115,1593745461,unevenArrival,20,fixed,20,1,0,2,136.0,1501.5,-1365.5,310.0,228.6,58,70,60,0,98,17,0,0,0,0,13,0,19,19,19,69,0,0,140,834.4,2.55,3,3,1,1,1,1,,0,0,0,0,0,0,0,0.0,0.0
arrival_d20,arrival_d20_116,1593755434,unevenArrival,20,fixed,20,1,0,1,3698.8,1423.0,2275.8,113.8,118.0,239,87,0,0,0,0,8,0,0,0,0,0,0,0,0,0,0,0,140,231.8,0.71,2,2,1,1,0,0,,0,0,0,0,0,0,0,0.0,0.0
arrival_d20,arrival_d20_117,1593765407,unevenArrival,20,fixed,20,1,0,1,-2378.3,-7633.5,5255.2,226.7,141.5,173,87,248,364,0,0,1,1,1,0,0,0,32,32,31,56,0,0,140,448.2,1.37,3,2,4,1,0,0,,0,0,0,0,1,0,0,0.0,0.0
arrival_d20,arrival_d20_118,1593775380,unevenArrival,20,fixed,20,1,0,1,4966.9,1200.6,3766.4,198.9,457.6,410,45,59,0,0,8,30,0,6,0,0,0,0,0,0,0,0,0,140,1022.5,3.12,3,3,1,1,0,1,,11,0,0,0,1,0,5,0.0,0.0
arrival_d20,arrival_d20_119,1593785353,unevenArrival,20,fixed,20,1,0,1,2088.1,1433.0,655.1,309.1,118.0,155,87,24,0,0,0,7,0,4,0,5,0,1,1,1,78,0,0,140,577.1,1.76,3,2,1,1,0,0,,13,0,0,0,3,0,1,0.0,0.0
arrival_d20,arrival_d20_120,1593795326,unevenArrival,20,fixed,20,1,0,1,426.5,-1248.8,1675.3,309.5,376.2,155,45,96,94,0,0,5,0,3,0,5,0,5,4,4,94,0,0,140,915.8,2.80,3,3,1,1,0,1,,4,0,0,0,1,0,2,0.0,0.0
arrival_d20,arrival_d20_121,1593805299,unevenArrival,20,fixed,20,1,0,1,3764.5,1042.1,2722.5,149.5,309.5,239,45,0,2,0,49,0,26,0,1,0,4,1,1,0,81,0,0,140,678.1,2.07,2,3,1,1,0,1,,0,5,0,1,1,0,0,0.0,0.0
arrival_d20,arrival_d20_122,1593815272,unevenArrival,20,fixed,20,1,0,1,3701.6,955.0,2746.6,116.6,240.0,239,45,0,0,0,8,0,0,0,0,0,0,0,0,0,0,0,0,140,436.6,1.33,2,3,1,1,0,1,,0,0,0,0,0,0,0,0.0,0.0
arrival_d20,arrival_d20_123,1593825245,unevenArrival,20,fixed,20,1,0,1,3724.0,1155.0,2569.0,150.0,460.0,253,45,10,1,0,25,5,1,2,0,13,10,1,1,1,7,0,0,140,920.0,2.81,3,3,1,1,0,1,,21,0,0,0,1,1,0,0.0,0.0
arrival_d20,arrival_d20_124,1593835218,unevenArrival,20,fixed,20,1,0,1,3733.0,1175.0,2558.0,118.0,460.0,239,45,0,1,0,24,0,1,0,0,0,10,1,1,0,22,0,0,140,728.0,2.22,2,3,1,1,0,1,,0,0,0,0,0,0,0,0.0,0.0
arrival_d20,arrival_d20_125,1593845191,unevenArrival,20,fixed,20,1,0,1,4694.6,1124.5,3570.1,219.6,379.5,376,45,57,0,0,0,0,0,0,0,0,0,7,7,7,16,0,0,140,839.2,2.56,3,3,1,1,0,1,,0,0,0,0,0,0,0,0.0,0.0
arrival_d20,arrival_d20_126,1593855164,unevenArrival,20,fixed,20,1,0,1,3841.0,1016.5,2824.5,0.0,308.6,253,45,0,0,0,8,0,0,2,0,0,0,0,0,0,0,0,0,140,534.4,1.63,3,3,1,1,0,1,,17,0,0,0,0,2,0,0.0,0.0
arrival_d20,arrival_d20_127,1593865137,unevenArrival,20,fixed,20,1,0,1,136.0,-439.8,575.8,530.0,606.2,58,70,61,90,92,0,0,1,0,0,13,2,10,9,9,9,0,0,140,1456.2,4.45,3,3,1,3,1,1,,0,0,0,0,0,0,0,0.0,0.0
arrival_d20,arrival_d20_128,1593875110,unevenArrival,20,fixed,20,1,0,1,-3304.0,-7147.0,3843.0,310.0,230.0,163,87,293,355,105,36,22,33,2,2,10,3,45,40,39,40,0,0,140,840.0,2.57,4,2,2,1,0,0,,7,4,0,1,3,0,1,0.0,0.0
arrival_d20,arrival_d20_129,1593885083,unevenArrival,20,fixed,20,1,0,1,3067.5,10.0,3057.5,469.5,460.0,241,45,41,48,12,17,3,0,2,0,5,10,1,1,0,105,0,0,140,1229.5,3.76,3,3,1,1,0,1,,36,0,0,0,1,0,1,0.0,0.0
arrival_d20,arrival_d20_130,1593895056,unevenArrival,20,fixed,20,1,0,2,1282.0,1713.1,-431.1,1000.0,663.1,86,45,61,0,12,9,0,0,0,0,31,0,28,27,27,27,0,0,140,1953.1,5.97,3,3,3,1,1,1,,0,0,0,0,0,0,0,0.0,0.0
arrival_d20,arrival_d20_131,1593905029,unevenArrival,20,fixed,20,1,0,1,2833.0,845.0,1988.0,680.0,150.0,253,45,65,0,3,0,0,0,0,0,39,10,5,5,5,5,0,0,140,830.0,2.53,4,3,4,1,0,1,,0,0,0,0,0,0,0,0.0,0.0
arrival_d20,arrival_d20_132,1593915002,unevenArrival,20,fixed,20,1,0,1,3000.0,1037.8,1962.2,0.0,309.1,250,70,32,18,0,19,1,13,9,1,0,2,1,1,0,62,0,0,140,698.6,2.13,2,3,1,1,0,1,,30,0,0,0,2,1,7,0.0,0.0
arrival_d20,arrival_d20_133,1593924975,unevenArrival,20,fixed,20,1,0,1,3731.6,1036.9,2694.7,116.6,309.5,239,45,0,2,0,49,0,8,0,1,0,4,1,1,0,50,0,0,140,634.8,1.94,2,3,1,1,0,1,,0,5,0,1,1,0,0,0.0,0.0
arrival_d20,arrival_d20_134,1593934948,unevenArrival,20,fixed,20,1,0,1,3718.1,1165.5,2552.5,133.1,457.6,239,45,0,0,0,8,0,0,0,0,0,0,0,0,0,0,0,0,140,656.5,2.01,2,3,1,1,0,1,,0,0,0,0,0,0,0,0.0,0.0
arrival_d20,arrival_d20_135,1593944921,unevenArrival,20,fixed,20,1,0,1,3701.6,1076.8,2624.8,116.6,309.5,239,45,0,0,0,49,0,0,0,1,0,4,0,0,0,0,0,0,140,638.6,1.95,2,3,1,1,0,1,,0,1,0,0,0,0,1,0.0,0.0
arrival_d20,arrival_d20_136,1593954894,unevenArrival,20,fixed,20,1,0,1,-3429.0,-4226.0,797.0,310.0,380.0,148,87,245,237,43,0,3,24,0,1,8,2,5,5,4,110,0,0,140,770.0,2.35,3,2,1,1,0,0,,0,0,0,0,1,0,0,0.0,0.0
arrival_d20,arrival_d20_137,1593964867,unevenArrival,20,fixed,20,1,0,1,3879.0,1137.0,2742.0,150.0,310.0,250,50,0,1,0,12,5,0,1,0,13,11,1,1,0,14,0,0,140,690.0,2.11,2,3,1,1,0,1,,6,0,0,0,0,1,0,0.0,0.0
arrival_d20,arrival_d20_138,1593974840,unevenArrival,20,fixed,20,1,0,1,3615.0,1371.5,2243.5,0.0,221.5,239,70,0,0,0,17,0,0,0,0,0,0,1,1,0,13,0,0,140,381.5,1.17,2,3,1,1,0,1,,0,0,0,0,0,0,0,0.0,0.0
arrival_d20,arrival_d20_139,1593984813,unevenArrival,20,fixed,20,1,0,1,3748.1,1043.4,2704.7,133.1,309.1,239,45,0,2,0,49,0,17,0,1,0,4,1,1,0,81,0,0,140,660.7,2.02,2,3,1,1,0,1,,0,4,0,1,1,0,0,0.0,0.0
arrival_d20,arrival_d20_140,1593994786,unevenArrival,20,fixed,20,1,0,1,-1771.0,-6420.0,4649.0,300.0,150.0,189,87,198,319,0,0,30,0,2,0,8,0,5,5,4,111,0,0,140,450.0,1.37,4,2,3,1,0,0,,1,0,0,0,1,0,1,0.0,0.0
arrival_d20,arrival_d20_141,1594004759,unevenArrival,20,fixed,20,1,0,1,3902.5,1433.4,2469.2,299.5,309.1,239,70,0,2,0,20,0,3,1,0,0,2,1,1,0,66,0,0,140,829.2,2.53,2,3,1,1,0,1,,6,0,0,0,0,1,0,0.0,0.0
arrival_d20,arrival_d20_142,1594014732,unevenArrival,20,fixed,20,1,0,1,3619.0,1155.0,2464.0,0.0,460.0,253,45,10,1,0,26,0,0,2,0,0,10,1,1,1,6,0,0,140,770.0,2.35,3,3,1,1,0,1,,18,0,0,0,0,2,0,0.0,0.0
arrival_d20,arrival_d20_143,1594024705,unevenArrival,20,fixed,20,1,0,1,1340.0,-8573.8,9913.8,610.0,591.2,223,45,137,399,3,0,28,0,1,0,20,0,31,30,30,30,0,0,140,1351.2,4.13,4,3,5,1,0,1,,0,0,0,0,0,0,1,0.0,0.0
arrival_d20,arrival_d20_144,1594034678,unevenArrival,20,fixed,20,1,0,1,3585.0,1010.3,2574.7,0.0,335.3,239,45,0,0,0,0,0,0,0,0,0,0,0,0,0,0,0,0,140,335.3,1.02,2,3,1,1,0,1,,0,0,0,0,0,0,0,0.0,0.0
arrival_d20,arrival_d20_145,1594044651,unevenArrival,20,fixed,20,1,0,1,1189.0,1094.9,94.1,1010.0,308.6,111,45,63,0,10,8,0,0,0,0,42,0,9,9,9,9,0,0,140,1431.3,4.37,4,3,4,1,1,1,,0,0,0,0,0,0,0,0.0,0.0
arrival_d20,arrival_d20_146,1594054624,unevenArrival,20,fixed,20,1,0,1,2626.5,-2861.2,5487.7,141.5,309.5,356,70,158,176,0,15,18,14,1,1,0,4,35,35,34,45,0,0,140,899.6,2.75,3,3,1,1,0,1,,0,4,0,1,1,0,1,0.0,0.0
arrival_d20,arrival_d20_147,1594064597,unevenArrival,20,fixed,20,1,0,1,3664.8,1330.0,2334.8,137.8,610.0,231,45,0,0,0,34,3,0,2,0,0,10,0,0,0,0,0,0,140,1057.8,3.23,2,3,1,1,0,1,,9,0,1,0,0,1,1,0.0,0.0
arrival_d20,arrival_d20_148,1594074570,unevenArrival,20,fixed,20,1,0,2,-19.0,1176.1,-1195.1,310.0,371.1,60,45,62,2,95,0,0,0,0,0,13,0,12,12,11,84,1,0,140,1001.1,3.06,3,3,1,1,1,1,,0,0,0,0,0,0,0,0.0,0.0
arrival_d20,arrival_d20_149,1594084543,unevenArrival,20,fixed,20,1,0,1,3407.6,-4580.9,7988.5,140.6,309.5,390,45,146,229,0,59,39,9,3,1,0,4,35,34,34,34,0,0,140,899.2,2.75,3,3,1,1,0,1,,14,4,0,1,0,0,4,0.0,0.0
long_horizon,long_horizon_0,1592598566,longhaul,20,fixed,5,1,0,2,-3149.5,1262.0,-4411.5,309.5,310.0,183,283,264,185,0,1,15,31,1,1,4,11,51,28,27,76,0,0,140,1089.5,3.33,3,3,1,1,0,0,,6,0,0,0,1,0,1,0.0,0.0
long_horizon,long_horizon_1,1592608539,longhaul,20,fixed,5,1,0,1,4109.0,1966.0,2143.0,134.0,690.0,237,67,0,25,0,117,0,0,0,0,0,18,42,42,42,47,0,0,140,1044.0,3.19,2,4,1,2,0,1,,0,0,0,0,0,0,0,0.0,0.0
long_horizon,long_horizon_2,1592618512,longhaul,20,fixed,5,1,0,1,5566.5,3783.0,1783.5,221.5,118.0,366,237,19,0,0,0,1,0,0,0,0,0,11,11,11,29,0,0,140,559.5,1.71,3,2,1,1,0,0,,0,0,0,0,0,0,0,0.0,0.0
long_horizon,long_horizon_3,1592628485,longhaul,20,fixed,5,1,0,1,5581.2,3803.6,1777.6,226.2,148.6,366,237,18,0,0,0,0,2,0,0,0,0,10,10,10,30,0,0,140,604.8,1.85,3,2,1,1,0,0,,0,0,0,0,0,0,0,0.0,0.0
long_horizon,long_horizon_4,1592638458,longhaul,20,fixed,5,1,0,1,3843.6,3662.5,181.1,148.6,389.5,237,203,0,2,0,0,2,3,0,1,0,3,12,11,11,89,0,0,140,688.1,2.10,2,3,1,1,0,0,,0,4,0,0,1,0,0,0.0,0.0
long_horizon,long_horizon_5,1592648431,longhaul,20,fixed,5,1,0,2,1630.8,2875.0,-1244.2,326.8,110.0,209,340,86,114,0,0,27,9,2,1,0,0,20,19,18,83,0,0,140,896.8,2.74,3,3,1,1,0,0,,3,5,0,0,2,0,1,0.0,0.0
long_horizon,long_horizon_6,1592658404,longhaul,20,fixed,5,1,0,2,-2675.0,-1421.9,-1253.1,380.0,309.1,58,193,168,192,0,0,19,4,1,2,10,1,8,8,7,114,0,0,140,1149.1,3.51,3,3,1,1,1,0,,0,4,0,0,2,0,1,0.0,0.0
long_horizon,long_horizon_7,1592668377,longhaul,20,fixed,5,1,0,1,3611.6,3336.2,275.4,148.6,115.2,229,217,0,2,0,0,3,3,3,6,0,0,1,1,0,17,0,0,140,423.8,1.29,2,2,1,1,0,0,,21,22,2,4,5,2,2,0.0,0.0
long_horizon,long_horizon_8,1592678350,longhaul,20,fixed,5,1,0,2,4036.0,5614.6,-1578.6,150.0,219.6,238,356,0,44,0,0,2,0,1,0,10,0,48,36,36,54,0,0,140,519.6,1.59,2,3,1,1,0,0,,7,0,0,0,1,0,0,0.0,0.0
long_horizon,long_horizon_9,1592688323,longhaul,20,fixed,5,1,0,1,2227.5,1392.0,835.5,309.5,150.0,185,239,39,95,0,0,20,19,1,3,3,10,3,3,2,103,0,0,140,689.5,2.11,3,3,1,1,0,0,,4,14,0,1,3,0,1,0.0,0.0
long_horizon,long_horizon_10,1592698296,longhaul,20,fixed,5,1,0,2,2988.2,5486.0,-2497.8,115.2,226.2,226,366,33,37,0,0,1,7,5,0,0,0,29,29,28,69,0,0,140,650.9,1.99,3,3,1,1,0,0,,21,0,4,0,3,1,1,0.0,0.0
long_horizon,long_horizon_11,1592708269,longhaul,20,fixed,5,1,0,2,3805.8,3825.8,-20.0,0.0,0.0,248,248,0,0,0,0,21,21,1,1,3,3,2,1,0,138,1,0,140,299.1,0.91,2,2,1,1,0,0,,5,5,1,1,2,0,0,0.0,0.0
long_horizon,long_horizon_12,1592718242,longhaul,20,fixed,5,1,0,2,2260.2,2845.1,-584.9,115.2,309.1,217,195,48,25,0,0,2,4,4,2,0,3,7,7,6,99,0,0,140,734.2,2.24,2,3,1,1,0,0,,20,5,3,0,4,1,1,0.0,0.0
long_horizon,long_horizon_13,1592728215,longhaul,20,fixed,5,1,0,2,3175.1,3718.1,-543.0,309.1,133.1,193,237,6,0,0,0,3,0,3,0,3,0,1,1,0,108,0,0,140,682.1,2.08,3,2,1,1,0,0,,5,0,0,0,3,0,0,0.0,0.0
long_horizon,long_horizon_14,1592738188,longhaul,20,fixed,5,1,0,2,-1036.1,-609.9,-426.1,118.9,309.1,193,209,167,167,0,0,18,18,3,3,0,4,1,1,0,113,1,0,140,888.0,2.71,3,3,1,1,0,0,,5,6,0,0,2,0,4,0.0,0.0
long_horizon,long_horizon_15,1592748161,longhaul,20,fixed,5,1,0,2,-2505.1,599.1,-3104.1,118.9,309.1,163,209,212,139,0,0,8,3,2,3,0,1,21,11,10,92,0,0,140,888.0,2.71,3,3,1,1,0,0,,2,6,0,0,2,0,3,0.0,0.0
long_horizon,long_horizon_16,1592758134,longhaul,20,fixed,5,1,0,1,3861.6,925.0,2936.6,116.6,310.0,237,54,0,25,0,92,0,0,0,0,0,10,17,17,16,47,0,0,140,666.6,2.04,2,3,1,1,0,1,,0,0,0,0,0,0,0,0.0,0.0
long_horizon,long_horizon_17,1592768107,longhaul,20,fixed,5,1,0,2,-390.0,-370.0,-20.0,0.0,0.0,248,248,167,167,0,0,21,21,1,1,10,10,2,1,0,138,1,0,140,300.0,0.92,2,2,1,1,0,0,,5,5,1,1,2,0,0,0.0,0.0
long_horizon,long_horizon_18,1592778080,longhaul,20,fixed,5,1,0,1,4378.6,3975.7,402.9,346.6,146.7,262,254,5,0,0,0,1,2,2,1,0,9,6,6,6,72,0,0,140,723.3,2.21,3,2,1,1,0,0,,4,7,0,0,3,0,0,0.0,0.0
long_horizon,long_horizon_19,1592788053,longhaul,20,fixed,5,1,0,2,4264.5,6126.1,-1861.5,149.5,221.1,251,368,0,18,0,0,0,0,0,0,10,0,36,36,35,54,0,0,140,600.6,1.83,2,3,1,1,0,0,,0,0,0,0,0,0,0,0.0,0.0
long_horizon,long_horizon_20,1592798026,longhaul,20,fixed,5,1,0,1,3877.0,3723.6,153.4,150.0,148.6,245,237,0,0,0,0,3,2,2,0,10,0,2,2,2,2,0,0,140,458.6,1.40,3,2,1,1,0,0,,19,0,0,0,1,0,1,0.0,0.0
long_horizon,long_horizon_21,1592807999,longhaul,20,fixed,5,1,0,1,-878.0,-1785.0,907.0,770.0,150.0,246,346,219,291,1,0,33,39,1,1,11,0,6,6,5,118,1,0,140,1160.0,3.54,3,3,2,1,0,0,,0,0,0,0,2,0,0,0.0,0.0
long_horizon,long_horizon_22,1592817972,longhaul,20,fixed,5,1,0,2,-1123.3,880.0,-2003.3,146.7,230.0,348,394,268,225,0,0,41,35,2,1,0,10,13,7,6,118,1,0,140,766.7,2.34,3,3,1,1,0,0,,0,0,0,0,3,0,0,0.0,0.0
long_horizon,long_horizon_23,1592827945,longhaul,20,fixed,5,1,0,1,1432.5,-2005.0,3437.5,469.5,310.0,213,54,101,142,0,15,5,0,1,0,3,10,17,17,16,98,0,0,140,1249.5,3.82,3,3,1,1,0,1,,4,0,0,0,1,0,0,0.0,0.0
long_horizon,long_horizon_24,1592837918,longhaul,20,fixed,5,1,0,2,1731.5,3622.1,-1890.6,389.5,140.1,203,386,84,112,0,0,3,19,1,3,3,0,22,21,20,77,0,0,140,1009.6,3.08,3,3,1,1,0,0,,2,9,0,0,2,0,2,0.0,0.0
long_horizon,long_horizon_25,1592847891,longhaul,20,fixed,5,1,0,2,-8788.9,872.1,-9661.1,141.1,828.1,348,279,583,213,0,18,40,0,2,0,0,52,53,27,26,78,1,0,140,1279.2,3.91,3,3,1,12,0,0,,0,0,0,0,1,0,1,0.0,0.0
long_horizon,long_horizon_26,1592857864,longhaul,20,fixed,5,1,0,2,1979.0,4123.6,-2144.6,380.0,148.6,104,235,26,0,27,0,0,2,0,0,62,0,43,42,42,43,0,0,140,598.6,1.83,3,2,6,1,1,0,,0,0,0,0,0,0,0,0.0,0.0
long_horizon,long_horizon_27,1592867837,longhaul,20,fixed,5,1,0,1,3973.6,2039.0,1934.6,148.6,840.0,237,82,0,25,0,52,1,0,0,0,0,17,25,25,24,82,0,0,140,1278.6,3.91,2,4,1,2,0,1,,0,0,0,0,0,0,0,0.0,0.0
long_horizon,long_horizon_28,1592877810,longhaul,20,fixed,5,1,0,1,3733.6,3666.0,67.6,148.6,150.0,237,236,0,0,0,0,0,5,0,4,0,10,1,1,0,35,0,0,140,378.6,1.16,2,2,1,1,0,0,,0,27,0,1,3,0,1,0.0,0.0
long_horizon,long_horizon_29,1592887783,longhaul,20,fixed,5,1,0,2,-4110.5,-4090.5,-20.0,229.5,229.5,137,137,257,257,0,0,37,38,2,2,0,0,2,1,0,138,3,0,140,459.1,1.40,3,3,1,1,0,0,,0,0,0,0,3,0,1,0.0,0.0
long_horizon,long_horizon_30,1592897756,longhaul,20,fixed,5,1,0,1,931.5,-3425.9,4357.4,141.5,298.1,356,199,210,275,0,0,48,15,2,3,0,4,21,20,19,87,0,0,140,919.6,2.81,3,3,1,1,0,0,,0,6,0,0,2,0,3,0.0,0.0
long_horizon,long_horizon_31,1592907729,longhaul,20,fixed,5,1,0,1,4175.5,3758.1,417.5,389.5,133.1,238,237,1,0,4,0,5,0,2,0,3,0,7,7,7,17,0,0,140,762.6,2.33,3,2,1,1,0,0,,5,0,0,0,2,0,0,0.0,0.0
long_horizon,long_horizon_32,1592917702,longhaul,20,fixed,5,1,0,2,3510.2,3890.0,-379.8,115.2,150.0,217,248,0,0,0,0,3,4,4,2,0,10,5,5,4,12,0,0,140,425.2,1.30,2,2,1,1,0,0,,20,10,3,1,4,1,1,0.0,0.0
long_horizon,long_horizon_33,1592927675,longhaul,20,fixed,5,1,0,2,1030.9,4064.7,-3033.8,118.9,146.7,199,356,93,70,0,0,14,19,3,2,0,0,11,10,9,107,0,0,140,745.6,2.28,3,3,1,1,0,0,,4,1,0,0,3,0,2,0.0,0.0
long_horizon,long_horizon_34,1592937648,longhaul,20,fixed,5,1,0,1,1881.0,1593.3,287.7,0.0,145.3,239,161,71,44,0,0,12,19,7,2,0,0,4,4,3,119,0,0,140,445.3,1.36,3,3,1,1,0,0,,32,11,1,0,7,0,2,0.0,0.0
long_horizon,long_horizon_35,1592947621,longhaul,20,fixed,5,1,0,2,2646.0,3638.2,-992.2,380.0,115.2,209,224,62,15,11,0,9,1,2,5,63,0,45,38,37,38,0,0,140,655.2,2.00,3,3,6,1,0,0,,0,21,0,4,5,1,1,0.0,0.0
long_horizon,long_horizon_36,1592957594,longhaul,20,fixed,5,1,0,1,5905.8,3708.3,2197.5,305.8,113.3,396,235,24,0,0,0,0,0,0,0,0,0,7,7,7,13,0,0,140,659.1,2.01,3,2,1,1,0,0,,0,0,0,0,0,0,0,0.0,0.0
long_horizon,long_horizon_37,1592967567,longhaul,20,fixed,5,1,0,1,692.4,620.0,72.4,533.4,460.0,290,184,182,135,1,16,20,32,2,3,3,11,34,27,26,78,0,0,140,1313.4,4.01,3,3,1,2,0,0,,1,11,0,0,3,0,2,0.0,0.0
long_horizon,long_horizon_38,1592977540,longhaul,20,fixed,5,1,0,2,3627.8,3673.0,-45.2,136.8,118.0,231,237,0,0,0,0,0,0,1,0,0,0,0,0,0,0,0,0,140,334.8,1.02,2,2,1,1,0,0,,7,0,0,0,1,0,0,0.0,0.0
long_horizon,long_horizon_39,1592987513,longhaul,20,fixed,5,1,0,2,-2515.0,-1013.9,-1501.1,380.0,309.1,58,195,159,177,5,0,0,15,0,2,10,3,7,7,6,110,0,0,140,1089.1,3.33,3,3,1,1,1,0,,0,2,0,0,2,0,0,0.0,0.0
long_horizon,long_horizon_40,1592997486,longhaul,20,fixed,5,1,0,2,1011.0,4736.5,-3725.5,150.0,221.5,221,356,112,82,0,0,18,0,5,0,10,0,49,36,35,55,0,0,140,681.5,2.08,2,3,1,1,0,0,,22,0,1,0,2,0,3,0.0,0.0
long_horizon,long_horizon_41,1593007459,longhaul,20,fixed,5,1,0,2,3997.8,6085.2,-2087.4,112.8,226.2,237,366,0,16,0,0,0,0,0,3,0,0,33,33,33,60,0,0,140,569.1,1.74,2,3,1,1,0,0,,0,3,0,0,2,0,1,0.0,0.0
long_horizon,long_horizon_42,1593017432,longhaul,20,fixed,5,1,0,1,3703.6,3689.0,14.6,148.6,134.0,237,237,0,0,0,0,2,0,0,0,0,0,0,0,0,0,0,0,140,282.6,0.86,2,2,1,1,0,0,,0,0,0,0,0,0,0,0.0,0.0
long_horizon,long_horizon_43,1593027405,longhaul,20,fixed,5,1,0,1,3703.6,3690.5,13.1,148.6,149.5,237,237,0,0,0,0,0,0,0,1,0,0,0,0,0,0,0,0,140,298.1,0.91,2,2,1,1,0,0,,0,7,0,0,1,0,0,0.0,0.0
long_horizon,long_horizon_44,1593037378,longhaul,20,fixed,5,1,0,1,1138.0,-1980.9,3118.9,230.0,309.1,384,148,229,190,0,0,48,22,2,3,10,3,31,28,27,76,0,0,140,999.1,3.05,3,3,1,1,0,0,,1,13,0,1,5,0,0,0.0,0.0
long_horizon,long_horizon_45,1593047351,longhaul,20,fixed,5,1,0,2,4069.5,5897.5,-1828.0,149.5,221.5,236,366,0,33,0,0,0,8,1,2,0,0,42,35,35,56,0,0,140,681.1,2.08,2,3,1,1,0,0,,5,7,0,0,2,0,1,0.0,0.0
long_horizon,long_horizon_46,1593057324,longhaul,20,fixed,5,1,0,2,3818.1,3832.5,-14.5,133.1,469.5,237,203,0,0,0,0,0,2,0,1,0,3,11,11,10,18,0,0,140,832.6,2.54,2,3,1,1,0,0,,0,4,0,0,1,0,0,0.0,0.0
long_horizon,long_horizon_47,1593067297,longhaul,20,fixed,5,1,0,1,2167.1,2155.0,12.1,309.1,150.0,185,239,43,67,0,0,4,5,1,3,3,0,3,3,2,103,0,0,140,839.1,2.56,3,3,1,1,0,0,,4,15,0,1,4,0,0,0.0,0.0
long_horizon,long_horizon_48,1593077270,longhaul,20,fixed,5,1,0,2,2068.0,4043.6,-1975.6,760.0,148.6,90,235,28,0,55,0,0,2,0,0,39,0,35,35,34,41,0,0,140,1058.6,3.23,3,2,4,1,1,0,,0,0,0,0,0,0,0,0.0,0.0
long_horizon,long_horizon_49,1593087243,longhaul,20,fixed,5,1,0,2,-4996.5,-2755.0,-2241.5,309.5,680.0,195,69,347,238,0,51,13,46,3,2,3,10,60,33,32,66,0,0,140,1299.5,3.97,3,4,1,2,0,1,,6,0,0,0,1,0,4,0.0,0.0
long_horizon,long_horizon_50,1593097216,longhaul,20,fixed,5,1,0,1,3588.2,3402.0,186.2,115.2,620.0,217,194,8,33,0,14,2,2,5,2,0,61,42,42,42,45,0,0,140,895.2,2.73,2,3,1,6,0,0,,21,0,4,0,4,1,2,0.0,0.0
long_horizon,long_horizon_51,1593107189,longhaul,20,fixed,5,1,0,2,2946.0,3157.5,-211.5,150.0,309.5,242,183,32,2,0,0,2,3,16,1,10,4,3,3,2,108,0,0,140,769.5,2.35,2,3,1,1,0,0,,47,5,0,0,2,0,15,0.0,0.0
long_horizon,long_horizon_52,1593117162,longhaul,20,fixed,5,1,0,1,227.9,-1990.0,2217.9,118.9,610.0,360,134,221,198,0,0,63,47,9,2,0,12,18,13,12,106,0,0,140,968.9,2.96,3,3,1,2,0,0,,18,17,0,0,5,0,6,0.0,0.0
long_horizon,long_horizon_53,1593127135,longhaul,20,fixed,5,1,0,1,3864.1,3348.5,515.5,149.1,309.5,237,185,0,2,0,0,1,1,0,1,0,3,14,13,13,85,0,0,140,608.6,1.86,2,3,1,1,0,0,,0,6,0,0,1,0,0,0.0,0.0
long_horizon,long_horizon_54,1593137108,longhaul,20,fixed,5,1,0,1,5281.1,2605.2,2675.9,221.1,115.2,398,228,47,42,0,0,0,2,0,5,0,0,7,7,6,31,0,0,140,726.2,2.22,3,3,1,1,0,0,,0,20,0,3,3,1,1,0.0,0.0
long_horizon,long_horizon_55,1593147081,longhaul,20,fixed,5,1,0,1,4123.6,2041.0,2082.6,148.6,760.0,235,69,0,25,0,72,2,0,0,0,0,28,43,42,42,46,0,0,140,1138.6,3.48,2,3,1,3,0,1,,0,0,0,0,0,0,0,0.0,0.0
long_horizon,long_horizon_56,1593157054,longhaul,20,fixed,5,1,0,1,-3459.0,-5199.6,1740.6,530.0,224.4,104,205,261,348,1,0,12,21,0,3,28,0,39,37,37,39,0,0,140,984.4,3.01,3,3,6,1,1,0,,0,12,0,1,3,0,0,0.0,0.0
long_horizon,long_horizon_57,1593167027,longhaul,20,fixed,5,1,0,2,-2750.0,-1775.0,-975.0,0.0,150.0,252,62,317,167,0,0,17,12,0,0,10,10,90,44,44,50,1,0,140,300.0,0.92,2,3,1,2,0,1,,0,0,0,0,0,0,0,0.0,0.0
long_horizon,long_horizon_58,1593177000,longhaul,20,fixed,5,1,0,2,3860.1,4078.0,-217.9,389.1,150.0,219,254,8,0,0,0,3,2,1,1,1,10,14,14,13,69,0,0,140,769.1,2.35,3,2,1,1,0,0,,3,6,0,0,2,0,0,0.0,0.0
long_horizon,long_horizon_59,1593186973,longhaul,20,fixed,5,1,0,1,3259.1,885.0,2374.1,309.1,380.0,193,58,6,22,0,25,16,0,2,0,1,10,6,6,5,118,0,0,140,1159.1,3.54,3,3,1,1,0,1,,6,0,1,0,1,0,1,0.0,0.0
long_horizon,long_horizon_60,1593196946,longhaul,20,fixed,5,1,0,2,852.0,3873.8,-3021.8,230.0,112.8,54,237,27,0,91,0,0,4,0,1,11,0,20,20,19,44,0,0,140,582.8,1.78,3,2,1,1,1,0,,0,7,0,0,1,0,0,0.0,0.0
long_horizon,long_horizon_61,1593206919,longhaul,20,fixed,5,1,0,2,3296.1,3749.8,-453.8,309.1,136.8,193,233,6,0,0,0,3,0,2,1,1,0,7,7,6,96,0,0,140,755.9,2.31,3,2,1,1,0,0,,5,6,0,0,3,0,0,0.0,0.0
long_horizon,long_horizon_62,1593216892,longhaul,20,fixed,5,1,0,1,3688.1,3619.6,68.4,133.1,0.0,237,237,0,0,0,0,0,0,0,0,0,0,0,0,0,0,0,0,140,262.4,0.80,2,2,1,1,0,0,,0,0,0,0,0,0,0,0.0,0.0
long_horizon,long_horizon_63,1593226865,longhaul,20,fixed,5,1,0,1,251.0,-3895.5,4146.5,760.0,309.5,301,153,237,265,2,0,39,10,1,4,13,4,34,33,32,66,0,0,140,1299.5,3.97,3,3,2,1,0,0,,0,39,0,1,1,0,4,0.0,0.0
long_horizon,long_horizon_64,1593236838,longhaul,20,fixed,5,1,0,2,690.0,3335.9,-2645.9,230.0,118.9,54,239,30,30,121,0,0,9,0,4,10,0,20,19,18,87,0,0,140,748.9,2.29,3,2,1,1,1,0,,0,4,0,0,1,0,3,0.0,0.0
long_horizon,long_horizon_65,1593246811,longhaul,20,fixed,5,1,0,1,4185.5,2690.2,1495.4,389.5,115.2,278,217,18,30,1,0,4,2,2,4,3,0,1,1,0,56,0,0,140,814.7,2.49,3,2,1,1,0,0,,5,20,0,3,4,1,1,0.0,0.0
long_horizon,long_horizon_66,1593256784,longhaul,20,fixed,5,1,0,2,1362.1,4331.2,-2969.2,309.1,226.2,183,366,87,100,0,0,22,0,3,0,1,0,46,35,35,55,0,0,140,1005.3,3.07,3,3,1,1,0,0,,7,0,1,0,1,0,2,0.0,0.0
long_horizon,long_horizon_67,1593266757,longhaul,20,fixed,5,1,0,1,2009.2,-1769.5,3778.6,219.6,309.5,356,180,163,196,0,0,23,5,0,4,0,3,14,14,13,96,0,0,140,998.2,3.05,3,3,1,1,0,0,,0,10,0,1,1,1,2,0.0,0.0
long_horizon,long_horizon_68,1593276730,longhaul,20,fixed,5,1,0,2,-2620.5,3253.2,-5873.6,309.5,139.2,155,356,222,122,6,0,3,5,5,8,3,0,31,19,18,89,0,0,140,928.7,2.84,3,3,1,1,0,0,,13,18,1,0,4,0,9,0.0,0.0
long_horizon,long_horizon_69,1593286703,longhaul,20,fixed,5,1,0,2,3831.6,6158.7,-2327.1,116.6,828.7,235,369,0,21,0,0,0,0,0,0,0,0,17,16,16,74,0,0,140,945.3,2.89,2,4,1,2,0,0,,0,0,0,0,0,0,0,0.0,0.0
long_horizon,long_horizon_70,1593296676,longhaul,20,fixed,5,1,0,1,1447.0,731.0,716.0,150.0,840.0,236,82,107,88,0,80,4,0,3,0,10,18,43,42,42,46,0,0,140,1220.0,3.73,2,4,1,2,0,1,,14,0,1,0,2,0,1,0.0,0.0
long_horizon,long_horizon_71,1593306649,longhaul,20,fixed,5,1,0,1,3975.7,3422.9,552.8,146.7,118.9,254,211,0,2,0,0,1,3,1,2,9,0,4,4,3,91,0,0,140,495.6,1.51,2,3,1,1,0,0,,7,3,0,0,3,0,0,0.0,0.0
long_horizon,long_horizon_72,1593316622,longhaul,20,fixed,5,1,0,2,4076.0,6465.6,-2389.6,150.0,290.6,236,398,0,37,0,0,0,1,1,0,0,0,47,40,40,45,0,0,140,680.6,2.08,2,3,1,1,0,0,,7,0,0,0,1,0,0,0.0,0.0
long_horizon,long_horizon_73,1593326595,longhaul,20,fixed,5,1,0,2,407.0,2066.0,-1659.0,680.0,0.0,67,239,72,79,0,0,0,2,0,3,16,0,31,21,21,72,0,0,140,920.0,2.81,4,3,2,1,1,0,,0,12,0,1,2,0,1,0.0,0.0
long_horizon,long_horizon_74,1593336568,longhaul,20,fixed,5,1,0,1,2535.1,2217.7,317.4,309.1,114.7,193,225,32,52,0,0,4,5,2,5,1,0,1,1,0,108,0,0,140,743.8,2.27,3,3,1,1,0,0,,3,21,0,3,5,1,1,0.0,0.0
long_horizon,long_horizon_75,1593346541,longhaul,20,fixed,5,1,0,2,-265.0,9.6,-274.6,230.0,139.6,339,388,231,244,9,0,35,42,1,2,10,0,4,4,3,120,1,0,140,839.6,2.56,3,3,1,1,0,0,,0,0,0,0,2,0,1,0.0,0.0
long_horizon,long_horizon_76,1593356514,longhaul,20,fixed,5,1,0,2,2534.7,3113.1,-578.4,114.7,309.1,226,209,42,23,0,0,6,3,7,2,0,1,7,7,6,89,0,0,140,733.8,2.24,3,3,1,1,0,0,,25,4,4,0,5,1,3,0.0,0.0
long_horizon,long_horizon_77,1593366487,longhaul,20,fixed,5,1,0,2,181.5,2293.0,-2111.5,309.5,0.0,169,245,110,59,0,0,20,1,3,2,4,0,2,2,1,91,1,0,140,609.5,1.86,3,3,1,1,0,0,,8,11,1,1,5,0,0,0.0,0.0
long_horizon,long_horizon_78,1593376460,longhaul,20,fixed,5,1,0,1,1320.1,324.8,995.3,309.1,137.8,209,245,102,149,0,0,23,7,1,2,1,0,15,11,10,75,1,0,140,906.8,2.77,3,3,1,1,0,0,,3,14,0,1,3,0,0,0.0,0.0
long_horizon,long_horizon_79,1593386433,longhaul,20,fixed,5,1,0,2,-1305.0,2210.7,-3515.7,390.0,146.7,54,358,111,156,105,34,19,10,1,4,10,0,24,14,14,74,1,0,140,1016.7,3.11,3,3,1,1,1,0,,0,33,0,0,2,0,3,0.0,0.0
long_horizon,long_horizon_80,1593396406,longhaul,20,fixed,5,1,0,1,-3017.0,-3145.0,128.0,460.0,310.0,137,137,224,224,39,39,28,29,2,1,0,0,2,1,0,138,5,0,140,930.0,2.84,3,3,1,1,0,0,,1,0,0,0,2,0,1,0.0,0.0
long_horizon,long_horizon_81,1593406379,longhaul,20,fixed,5,1,0,1,377.0,250.0,127.0,260.0,380.0,183,56,111,47,0,41,10,33,3,1,0,10,5,3,2,126,0,0,140,1100.0,3.36,3,3,1,1,0,1,,9,0,0,0,3,0,1,0.0,0.0
long_horizon,long_horizon_82,1593416352,longhaul,20,fixed,5,1,0,1,4346.9,1650.0,2696.9,198.9,150.0,344,221,52,77,0,0,38,3,1,3,0,10,8,8,7,51,0,0,140,748.9,2.29,3,2,1,1,0,0,,1,15,0,2,3,0,1,0.0,0.0
long_horizon,long_horizon_83,1593426325,longhaul,20,fixed,5,1,0,2,3591.1,3833.6,-242.5,309.1,148.6,209,237,7,0,0,0,3,0,2,0,1,0,11,11,10,76,0,0,140,687.6,2.10,3,2,1,1,0,0,,5,0,0,0,1,0,1,0.0,0.0
long_horizon,long_horizon_84,1593436298,longhaul,20,fixed,5,1,0,2,-4184.5,-1049.0,-3135.5,309.5,310.0,155,60,282,119,4,48,2,20,3,1,3,10,26,15,14,102,0,0,140,1019.5,3.11,3,3,1,1,0,1,,5,2,1,0,3,0,1,0.0,0.0
long_horizon,long_horizon_85,1593446271,longhaul,20,fixed,5,1,0,2,-1641.5,1941.5,-3583.0,309.5,141.5,185,356,194,147,0,0,4,39,2,2,3,0,1,1,0,125,0,0,140,911.1,2.78,3,3,1,1,0,0,,6,0,0,0,3,0,1,0.0,0.0
long_horizon,long_horizon_86,1593456244,longhaul,20,fixed,5,1,0,1,-2453.0,-3975.5,1522.5,230.0,309.5,144,185,227,288,0,0,39,21,16,18,11,3,30,29,28,74,0,0,140,999.5,3.05,3,3,1,1,0,0,,30,38,0,0,4,0,30,0.0,0.0
long_horizon,long_horizon_87,1593466217,longhaul,20,fixed,5,1,0,1,-622.0,-4106.9,3484.9,230.0,309.1,269,185,228,292,0,0,41,12,16,16,10,3,28,28,27,76,0,0,140,1009.1,3.08,3,3,1,1,0,0,,31,36,0,0,4,0,28,0.0,0.0
long_horizon,long_horizon_88,1593476190,longhaul,20,fixed,5,1,0,1,3908.0,3328.1,579.9,150.0,309.1,240,183,0,2,0,0,14,5,2,1,10,1,14,13,13,86,0,0,140,689.1,2.10,2,3,1,1,0,0,,6,4,0,0,2,0,1,0.0,0.0
long_horizon,long_horizon_89,1593486163,longhaul,20,fixed,5,1,0,1,3885.5,3818.1,67.5,389.5,133.1,223,237,8,0,0,0,2,0,1,0,3,0,13,13,13,74,0,0,140,742.6,2.27,3,2,1,1,0,0,,5,0,0,0,1,0,0,0.0,0.0
long_horizon,long_horizon_90,1593496136,longhaul,20,fixed,5,1,0,2,-363.2,-343.2,-20.0,0.0,0.0,248,248,167,167,0,0,21,21,1,1,1,1,2,1,0,138,1,0,140,299.1,0.91,2,2,1,1,0,0,,5,5,1,1,2,0,0,0.0,0.0
long_horizon,long_horizon_91,1593506109,longhaul,20,fixed,5,1,0,1,4078.0,3901.6,176.4,150.0,458.6,254,209,0,2,0,0,1,3,1,1,10,3,14,13,13,74,0,0,140,838.6,2.56,2,3,1,1,0,0,,6,4,0,0,2,0,0,0.0,0.0
long_horizon,long_horizon_92,1593516082,longhaul,20,fixed,5,1,0,1,2724.0,2603.0,121.0,0.0,150.0,239,239,38,46,0,0,14,17,2,5,0,10,2,1,0,36,0,0,140,380.0,1.16,3,3,1,1,0,0,,8,21,1,1,3,1,3,0.0,0.0
long_horizon,long_horizon_93,1593526055,longhaul,20,fixed,5,1,0,1,5086.2,2634.4,2451.9,226.2,136.4,366,222,36,36,0,0,0,1,0,6,0,0,7,7,6,49,0,0,140,682.6,2.08,3,3,1,1,0,0,,0,26,0,4,3,2,1,0.0,0.0
long_horizon,long_horizon_94,1593536028,longhaul,20,fixed,5,1,0,1,-2898.0,-3056.9,158.9,830.0,309.1,67,209,220,267,91,0,30,33,4,5,10,4,27,27,26,74,0,0,140,1529.1,4.67,4,3,2,1,1,0,,4,17,1,0,5,0,4,0.0,0.0
long_horizon,long_horizon_95,1593546001,longhaul,20,fixed,5,1,0,2,2136.0,4103.0,-1967.0,380.0,150.0,114,238,29,11,27,0,0,3,0,3,63,10,52,40,40,41,0,0,140,770.0,2.35,3,3,6,1,1,0,,0,16,0,1,2,0,1,0.0,0.0
long_horizon,long_horizon_96,1593555974,longhaul,20,fixed,5,1,0,2,-2101.9,426.0,-2527.9,469.1,540.0,214,313,252,242,0,15,4,2,5,0,1,23,58,40,40,47,0,0,140,1249.1,3.81,3,3,1,5,0,0,,14,0,1,0,3,0,2,0.0,0.0
long_horizon,long_horizon_97,1593565947,longhaul,20,fixed,5,1,0,1,3749.8,3679.8,69.9,137.8,136.8,234,233,0,0,0,0,4,0,10,1,0,0,4,4,3,23,0,0,140,434.6,1.33,2,2,1,1,0,0,,29,6,1,0,4,0,7,0.0,0.0
long_horizon,long_horizon_98,1593575920,longhaul,20,fixed,5,1,0,2,2255.0,4098.1,-1843.1,610.0,133.1,99,235,27,0,38,0,0,0,0,0,40,0,42,42,41,42,0,0,140,973.1,2.97,3,2,4,1,2,0,,0,0,0,0,0,0,0,0.0,0.0
long_horizon,long_horizon_99,1593585893,longhaul,20,fixed,5,1,0,2,-1511.0,2752.0,-4263.0,850.0,0.0,104,243,183,61,55,0,0,1,0,2,52,0,45,32,32,32,0,0,140,1090.0,3.33,3,3,5,1,1,0,,0,14,0,1,2,0,0,0.0,0.0
long_horizon,long_horizon_100,1593595866,longhaul,20,fixed,5,1,0,2,-390.0,-370.0,-20.0,0.0,0.0,248,248,167,167,0,0,21,21,1,1,10,10,2,1,0,138,1,0,140,300.0,0.92,2,2,1,1,0,0,,5,5,1,1,2,0,0,0.0,0.0
long_horizon,long_horizon_101,1593605839,longhaul,20,fixed,5,1,0,1,751.6,-3907.9,4659.6,139.6,309.1,358,183,216,282,0,0,49,20,9,10,0,1,19,19,18,88,0,0,140,918.7,2.81,3,3,1,1,0,0,,19,27,0,0,4,0,15,0.0,0.0
long_horizon,long_horizon_102,1593615812,longhaul,20,fixed,5,1,0,2,-2592.0,-766.9,-1825.1,610.0,389.1,67,203,182,176,30,0,3,20,0,3,14,3,13,12,11,60,0,0,140,1389.1,4.24,4,3,2,1,1,0,,0,6,0,0,1,0,2,0.0,0.0
long_horizon,long_horizon_103,1593625785,longhaul,20,fixed,5,1,0,2,-3959.5,-2679.0,-1280.5,309.5,230.0,185,144,292,239,0,7,13,27,1,2,3,10,33,17,16,98,0,0,140,929.5,2.84,3,3,1,1,0,0,,0,2,0,0,2,0,1,0.0,0.0
long_horizon,long_horizon_104,1593635758,longhaul,20,fixed,5,1,0,2,1505.1,3827.2,-2322.1,469.1,139.2,209,376,99,106,0,0,7,7,1,1,1,0,28,25,24,77,0,0,140,1078.2,3.29,3,3,1,1,0,0,,3,6,0,0,2,0,0,0.0,0.0
long_horizon,long_horizon_105,1593645731,longhaul,20,fixed,5,1,0,1,2642.7,1169.0,1473.7,146.7,840.0,239,67,56,53,0,36,1,0,3,0,9,17,31,31,30,70,0,0,140,1226.7,3.75,3,4,1,2,0,1,,16,0,1,0,2,0,1,0.0,0.0
long_horizon,long_horizon_106,1593655704,longhaul,20,fixed,5,1,0,2,-3817.9,956.0,-4773.9,309.1,230.0,185,349,288,229,0,0,10,37,16,2,3,11,51,29,28,74,0,0,140,839.1,2.56,3,3,1,1,0,0,,39,33,0,0,4,0,14,0.0,0.0
long_horizon,long_horizon_107,1593665677,longhaul,20,fixed,5,1,0,2,-3954.9,-2679.0,-1275.9,309.1,230.0,185,144,292,239,0,7,15,28,1,2,3,10,33,17,16,98,0,0,140,939.1,2.87,3,3,1,1,0,0,,0,2,0,0,2,0,1,0.0,0.0
long_horizon,long_horizon_108,1593675650,longhaul,20,fixed,5,1,0,2,3552.1,4000.1,-448.0,389.1,299.1,193,237,2,0,0,0,3,0,1,1,3,0,14,13,13,85,0,0,140,838.1,2.56,3,2,1,1,0,0,,4,7,0,0,2,0,0,0.0,0.0
long_horizon,long_horizon_109,1593685623,longhaul,20,fixed,5,1,0,2,3742.1,3808.1,-66.0,389.1,133.1,219,237,8,0,0,0,3,0,1,0,1,0,12,12,12,70,0,0,140,592.1,1.81,3,2,1,1,0,0,,2,0,0,0,1,0,0,0.0,0.0
long_horizon,long_horizon_110,1593695596,longhaul,20,fixed,5,1,0,2,1879.0,3917.4,-2038.4,990.0,112.4,67,237,27,0,65,0,0,0,0,0,17,0,23,23,22,81,0,0,140,1402.4,4.28,4,2,2,1,1,0,,0,0,0,0,0,0,0,0.0,0.0
long_horizon,long_horizon_111,1593705569,longhaul,20,fixed,5,1,0,1,3760.0,3737.4,22.6,0.0,112.4,239,237,0,0,0,0,13,0,5,0,0,0,7,7,7,14,0,0,140,262.4,0.80,3,2,1,1,0,0,,20,0,1,0,4,0,1,0.0,0.0
long_horizon,long_horizon_112,1593715542,longhaul,20,fixed,5,1,0,2,-3213.9,-1.0,-3212.9,309.1,680.0,209,239,284,221,0,2,2,37,1,4,1,11,54,32,31,68,1,0,140,1219.1,3.72,3,3,1,2,0,0,,5,4,0,1,3,0,2,0.0,0.0
long_horizon,long_horizon_113,1593725515,longhaul,20,fixed,5,1,0,2,3688.1,3692.5,-4.5,133.1,149.5,237,237,0,0,0,0,0,0,0,1,0,0,0,0,0,0,0,0,140,282.6,0.86,2,2,1,1,0,0,,0,6,0,0,1,0,0,0.0,0.0
long_horizon,long_horizon_114,1593735488,longhaul,20,fixed,5,1,0,2,3174.5,3933.0,-758.5,309.5,0.0,185,254,8,0,0,0,2,0,2,2,3,10,13,12,12,81,0,0,140,609.5,1.86,3,2,1,1,0,0,,8,36,0,0,2,2,0,0.0,0.0
long_horizon,long_horizon_115,1593745461,longhaul,20,fixed,5,1,0,2,1634.0,3963.6,-2329.6,760.0,148.6,67,237,27,0,37,0,0,0,0,0,17,0,26,26,26,67,0,0,140,1058.6,3.23,4,2,2,1,1,0,,0,0,0,0,0,0,0,0.0,0.0
long_horizon,long_horizon_116,1593755434,longhaul,20,fixed,5,1,0,1,3222.2,350.0,2872.2,115.2,390.0,230,58,23,60,0,100,2,0,11,0,0,10,25,25,24,80,0,0,140,825.2,2.52,2,3,1,1,0,1,,39,0,2,0,2,1,8,0.0,0.0
long_horizon,long_horizon_117,1593765407,longhaul,20,fixed,5,1,0,1,471.1,-940.0,1411.1,141.1,310.0,388,268,226,217,0,2,56,33,3,1,0,10,3,2,1,128,1,0,140,921.1,2.81,3,3,1,1,0,0,,0,0,0,0,2,0,2,0.0,0.0
long_horizon,long_horizon_118,1593775380,longhaul,20,fixed,5,1,0,1,5419.9,3970.7,1449.2,198.9,146.7,354,251,16,0,0,0,43,1,2,1,0,9,10,10,10,28,0,0,140,575.6,1.76,3,2,1,1,0,0,,2,7,0,0,3,0,0,0.0,0.0
long_horizon,long_horizon_119,1593785353,longhaul,20,fixed,5,1,0,2,3179.1,3842.0,-662.9,309.1,150.0,193,248,6,0,0,0,4,3,1,2,3,10,1,1,0,108,0,0,140,699.1,2.14,3,2,1,1,0,0,,3,14,0,1,3,0,0,0.0,0.0
long_horizon,long_horizon_120,1593795326,longhaul,20,fixed,5,1,0,2,-363.5,-344.2,-19.3,0.0,0.0,248,248,167,167,0,0,21,21,1,1,1,1,2,1,0,138,1,0,140,296.7,0.91,2,2,1,1,0,0,,5,5,1,1,2,0,0,0.0,0.0
long_horizon,long_horizon_121,1593805299,longhaul,20,fixed,5,1,0,1,3852.5,3348.5,504.0,149.5,309.5,237,185,0,2,0,0,0,1,1,1,0,3,14,13,13,85,0,0,140,609.1,1.86,2,3,1,1,0,0,,6,6,0,0,2,0,0,0.0,0.0
long_horizon,long_horizon_122,1593815272,longhaul,20,fixed,5,1,0,1,3703.0,3279.1,423.9,118.0,309.1,237,193,0,2,0,0,0,2,0,1,0,3,1,1,0,112,0,0,140,667.1,2.04,2,3,1,1,0,0,,0,3,0,0,1,0,0,0.0,0.0
long_horizon,long_horizon_123,1593825245,longhaul,20,fixed,5,1,0,1,3057.7,1862.0,1195.7,146.7,610.0,232,214,40,107,0,2,1,0,3,0,9,51,44,42,42,46,0,0,140,836.7,2.56,3,3,1,5,0,0,,16,0,2,0,2,0,1,0.0,0.0
long_horizon,long_horizon_124,1593835218,longhaul,20,fixed,5,1,0,2,3671.6,3703.6,-32.0,116.6,148.6,237,237,0,0,0,0,0,13,0,1,0,0,0,0,0,0,0,0,140,265.2,0.81,2,2,1,1,0,0,,0,0,0,0,0,0,1,0.0,0.0
long_horizon,long_horizon_125,1593845191,longhaul,20,fixed,5,1,0,1,-1123.3,-1915.0,791.7,146.7,990.0,356,154,272,215,0,0,38,38,2,1,0,10,8,5,4,122,1,0,140,1376.7,4.20,3,3,1,2,0,0,,0,0,0,0,2,0,1,0.0,0.0
long_horizon,long_horizon_126,1593855164,longhaul,20,fixed,5,1,0,1,3813.5,3691.6,121.9,149.5,116.6,239,237,0,0,0,0,2,0,5,0,0,0,2,2,2,3,0,0,140,416.1,1.27,3,2,1,1,0,0,,18,0,1,0,5,0,0,0.0,0.0
long_horizon,long_horizon_127,1593865137,longhaul,20,fixed,5,1,0,2,2897.0,4154.1,-1257.1,700.0,149.1,139,237,26,0,81,0,2,1,0,0,51,0,43,42,42,43,0,0,140,999.1,3.05,3,2,5,1,1,0,,0,0,0,0,0,0,0,0.0,0.0
long_horizon,long_horizon_128,1593875110,longhaul,20,fixed,5,1,0,2,-1463.0,327.5,-1790.5,230.0,141.5,214,376,204,224,7,1,27,39,2,3,11,0,4,4,3,120,0,0,140,851.5,2.60,3,3,1,1,0,0,,0,2,0,0,4,0,1,0.0,0.0
long_horizon,long_horizon_129,1593885083,longhaul,20,fixed,5,1,0,1,2953.1,2588.2,364.9,309.1,115.2,209,226,29,43,0,0,4,1,1,5,1,0,9,8,7,81,0,0,140,734.2,2.24,3,3,1,1,0,0,,4,21,0,4,4,1,1,0.0,0.0
long_horizon,long_horizon_130,1593895056,longhaul,20,fixed,5,1,0,1,1630.0,-756.9,2386.9,390.0,309.1,319,185,150,159,0,0,27,7,1,2,10,3,6,6,5,120,0,0,140,1159.1,3.54,3,3,1,1,0,0,,0,26,0,0,2,0,1,0.0,0.0
long_horizon,long_horizon_131,1593905029,longhaul,20,fixed,5,1,0,2,655.0,3758.0,-3103.0,230.0,0.0,54,237,27,0,121,0,0,2,0,3,10,0,10,10,9,50,1,0,140,700.0,2.14,3,3,1,1,1,0,,0,16,0,1,3,0,0,0.0,0.0
long_horizon,long_horizon_132,1593915002,longhaul,20,fixed,5,1,0,2,1611.5,2067.5,-456.0,149.5,309.5,245,185,92,43,0,0,18,14,2,15,0,3,3,3,2,107,0,0,140,759.1,2.32,3,3,1,1,0,0,,19,34,0,0,2,1,14,0.0,0.0
long_horizon,long_horizon_133,1593924975,longhaul,20,fixed,5,1,0,1,4021.6,2005.0,2016.6,116.6,840.0,237,73,0,24,0,0,0,0,0,0,0,10,33,33,32,65,0,0,140,1036.6,3.17,2,4,1,2,0,1,,0,0,0,0,0,0,0,0.0,0.0
long_horizon,long_horizon_134,1593934948,longhaul,20,fixed,5,1,0,2,3647.8,3948.0,-300.2,136.8,150.0,231,254,0,0,0,0,0,2,1,1,0,10,1,1,0,18,0,0,140,366.8,1.12,2,2,1,1,0,0,,7,6,0,0,2,0,0,0.0,0.0
long_horizon,long_horizon_135,1593944921,longhaul,20,fixed,5,1,0,1,3871.6,945.0,2926.6,116.6,310.0,237,54,0,25,0,110,0,0,0,0,0,10,18,18,17,96,0,0,140,666.6,2.04,2,3,1,1,0,1,,0,0,0,0,0,0,0,0.0,0.0
long_horizon,long_horizon_136,1593954894,longhaul,20,fixed,5,1,0,2,-366.0,2788.0,-3154.0,700.0,0.0,104,235,134,57,56,0,0,8,0,2,52,0,49,34,34,34,0,0,140,940.0,2.87,3,3,5,1,1,0,,0,11,0,1,2,0,0,0.0,0.0
long_horizon,long_horizon_137,1593964867,longhaul,20,fixed,5,1,0,1,4368.0,1926.0,2442.0,150.0,610.0,254,74,0,25,0,5,2,0,1,0,10,28,43,42,42,46,0,0,140,910.0,2.78,2,3,1,3,0,1,,6,0,0,0,1,0,0,0.0,0.0
long_horizon,long_horizon_138,1593974840,longhaul,20,fixed,5,1,0,1,3690.5,3667.4,23.2,149.5,112.4,237,237,0,0,0,0,0,0,1,0,0,0,0,0,0,0,0,0,140,261.9,0.80,2,2,1,1,0,0,,7,0,0,0,1,0,0,0.0,0.0
long_horizon,long_horizon_139,1593984813,longhaul,20,fixed,5,1,0,1,3719.8,3492.1,227.8,136.8,389.1,233,193,0,2,0,0,0,5,1,1,0,3,8,8,7,97,0,0,140,755.9,2.31,2,3,1,1,0,0,,6,4,0,0,2,0,0,0.0,0.0
long_horizon,long_horizon_140,1593994786,longhaul,20,fixed,5,1,0,1,-1716.0,-3728.0,2012.0,150.0,0.0,122,246,167,335,0,0,22,21,1,1,1,10,47,46,46,46,1,0,140,300.0,0.92,3,2,1,1,0,0,,4,4,1,1,2,0,0,0.0,0.0
long_horizon,long_horizon_141,1594004759,longhaul,20,fixed,5,1,0,1,3722.5,3698.0,24.5,149.5,150.0,237,236,0,0,0,0,0,4,1,3,0,10,1,1,0,37,0,0,140,379.5,1.16,2,2,1,1,0,0,,6,11,0,1,3,0,1,0.0,0.0
long_horizon,long_horizon_142,1594014732,longhaul,20,fixed,5,1,0,2,3772.0,3773.6,-1.6,0.0,148.6,239,237,0,0,0,0,13,0,4,0,0,0,7,7,7,14,0,0,140,298.6,0.91,3,2,1,1,0,0,,14,0,1,0,4,0,0,0.0,0.0
long_horizon,long_horizon_143,1594024705,longhaul,20,fixed,5,1,0,2,3605.0,4003.0,-398.0,680.0,118.0,206,235,27,0,3,0,0,0,0,0,50,0,34,33,33,34,0,0,140,798.0,2.44,4,2,5,1,0,0,,0,0,0,0,0,0,0,0.0,0.0
long_horizon,long_horizon_144,1594034678,longhaul,20,fixed,5,1,0,1,3715.0,3348.5,366.5,0.0,309.5,237,185,0,2,0,0,0,2,0,1,0,3,14,13,13,85,0,0,140,459.5,1.40,2,3,1,1,0,0,,0,6,0,0,1,0,0,0.0,0.0
long_horizon,long_horizon_145,1594044651,longhaul,20,fixed,5,1,0,1,0.0,-5202.5,5202.5,460.0,309.5,309,155,237,319,2,0,34,10,3,18,14,3,34,33,32,66,0,0,140,999.5,3.05,3,3,2,1,0,0,,34,34,0,1,4,0,17,0.0,0.0
long_horizon,long_horizon_146,1594054624,longhaul,20,fixed,5,1,0,2,-360.0,-340.0,-20.0,0.0,0.0,248,248,167,167,0,0,21,21,1,1,0,0,2,1,0,138,1,0,140,300.0,0.92,2,2,1,1,0,0,,5,5,1,1,2,0,0,0.0,0.0
long_horizon,long_horizon_147,1594064597,longhaul,20,fixed,5,1,0,1,2264.8,1043.1,1221.7,137.8,309.1,245,185,67,87,0,0,2,4,3,2,0,3,2,2,1,109,1,0,140,906.8,2.77,3,3,1,1,0,0,,14,6,1,0,4,0,1,0.0,0.0
long_horizon,long_horizon_148,1594074570,longhaul,20,fixed,5,1,0,2,-3883.0,-1683.5,-2199.5,610.0,141.5,67,356,232,296,49,0,38,10,2,0,11,0,12,9,8,110,0,0,140,1131.5,3.46,4,3,2,1,1,0,,0,0,0,0,1,0,1,0.0,0.0
long_horizon,long_horizon_149,1594084543,longhaul,20,fixed,5,1,0,1,1105.6,-4391.9,5497.5,140.6,309.1,386,175,224,296,0,0,39,11,17,18,0,3,26,25,24,77,0,0,140,829.6,2.53,3,3,1,1,0,0,,30,36,0,0,4,0,31,0.0,0.0